cust_id,Geo,Age,R_ninteen,C_ninteen,R_twenty,C_twenty,R_twentyone,C_twentyone,R_twentytwo,C_twentytwo,R_twentythree,C_twentythree
100003871,Gangnam,57,111467.848,581,162454.546,535,166825.606,544,291660.313,765,60635.339,266
100249228,Gangnam,91,48582.072,278,136284.453,712,177015.871,792,206624.764,714,174262.891,398
100249256,Gangnam,91,27534.427,204,49025.96,341,111416.269,535,294316.943,643,62895.991,131
100336595,Yangcheon,90,137519.376,2302,124742.951,2033,156145.497,2455,147134.562,2043,80221.569,1159
100418743,Yangcheon,89,68126.04,508,136847.451,482,120846.787,552,147101.342,513,108758.283,192
100521336,Gangnam,87,116815.124,854,128156.203,824,156943.997,777,179388.516,1082,88763.856,567
100654492,Seocho,86,89592.325,677,78871.667,400,103939.097,455,138853.8,510,131452.576,238
100997807,Seongnam,84,147259.896,244,96116.029,229,220542.645,334,166724.067,353,66742.923,131
101044035,Gangnam,83,175984.137,351,198329.191,365,238391.868,377,202611.341,399,168917.227,190
101050493,Seongdong,83,154731.326,480,142323.884,495,206874.329,436,160928.085,555,84658.22,217
101193181,Seocho,83,142086.218,407,102913.75,319,133690.94,305,156713.073,254,102406.867,132
101193441,Nam-gu,83,110246.961,630,98811.726,495,130938.077,490,138419.113,723,86861.138,301
101209264,Seocho,83,94307.267,1029,113083.149,1189,134252.964,1065,134321.472,1185,82425.73,490
101210269,Yongsan,83,111023.602,334,149005.556,371,112727.231,364,140983.366,408,60789.008,84
101292926,Junggu,82,93292.048,310,104260.417,305,141043.847,284,133232.493,316,181128.023,180
101405713,Gangnam,82,140328.037,573,153867.55,607,165185.161,949,162451.826,624,65790.308,319
101421274,Gangnam,82,200369.024,657,212028.662,576,208518.74,432,203184.702,422,103924.961,150
101436573,Junggu,82,66588.524,388,366.583,17,0,0,134177.035,578,54130.564,212
101560315,Gangnam,81,158012.652,448,104008.414,481,124168.253,205,135234.156,304,69546.689,197
101570167,Seo-gu,81,96173.41,271,112134.616,409,136081.598,412,128901.773,428,51665.278,182
101641789,Seongnam,81,171667.713,447,145433.123,319,132992.572,263,151581.414,394,86481.266,176
101676751,Gangnam,80,66496.631,272,46796.412,386,106107.423,405,131547.222,579,90858.93,199
101765979,Gangnam,80,24875.587,484,64768.826,788,114112.326,1108,135059.242,1423,46691.975,769
101797595,Seongdong,80,56995.952,635,60757.77,531,116408.893,468,126662.76,551,114273.395,398
101871853,Seongdong,80,115460.573,492,113108.193,366,155943.192,469,254171.721,541,167130.814,212
101930734,Gwangjin,79,78082.608,644,54331.853,577,76160.424,610,319426.111,523,84995.007,364
102048121,Gwangjin,79,118869.907,666,133699.96,859,112436.842,684,128175.217,877,68922.692,474
102085039,Yeongdeungpo,79,117614.477,276,102949.209,472,135278.123,552,135342.918,550,172378.757,279
102103531,Seongdong,79,158675.686,273,85309.392,278,86134.815,321,240643.022,475,157974.499,257
102104156,Gimpo,79,112147.295,602,120440.995,754,139855.695,783,161724.242,735,55314.382,360
102111082,Yongsan,79,267112.149,1124,222540.513,1159,252697.757,1125,294110.261,1323,148073.244,939
102118554,Gangnam,79,53152.428,483,60300.888,339,77380.806,389,144069.883,392,51818.47,152
102123858,Mapo,79,155987.747,1288,130955.801,1366,117702.154,1129,140956.916,927,63334.18,317
102137931,Gimpo,79,91143.31,816,38699.416,358,58144.551,313,124307.699,539,58514.415,232
102250478,Gangnam,78,86703.6,499,98530.828,411,114314.145,434,126226.604,588,86387.232,267
102269082,Seodaemun,78,83748.644,276,87371.02,402,181337.704,476,211052.922,522,95250.647,218
102280825,Gangnam,78,92101.98,1289,81239.841,1033,96718.62,662,158805.813,1083,75810.427,396
102301484,Seocho,78,60942.952,784,97826.256,899,252740.012,1051,193305.888,998,47675.951,445
102356913,Anseong,78,177215.489,386,177273.24,332,185113.785,357,186156.179,343,91227.145,191
102398312,Seongnam,78,451557.446,329,264062.251,426,244100.295,339,247037.431,404,127087.693,119
102411746,Goyang,78,176583.684,271,224814.357,340,206307.462,325,187892.217,262,86504.192,127
102459653,Seocho,77,95540.321,584,122578.692,557,143318.092,486,174486.551,517,78878.06,287
102588257,Gangnam,77,102133.875,48,67521.44,111,93389.418,225,211445.298,524,58416.887,155
102657839,Gangseo,77,61388.14,519,68506.076,318,130391.638,365,123724.947,512,77702.444,207
102671425,Gangnam,77,120655.896,706,109123.173,818,123252.672,859,165076.877,706,39195.113,224
102705083,Gangbuk,77,127983.094,404,80300.353,301,92798.75,393,142838.475,501,39354.002,200
102706335,Gangnam,77,82931.826,343,55196.272,225,165959.268,321,123373.36,428,62630.347,197
102748771,Yongsan,77,105443.031,792,80413.907,831,80346.787,775,124129.67,737,59144.754,326
102999603,Seo-gu,76,140067.232,539,160896.991,573,125179.405,599,137692.234,578,42364.076,357
103032533,Gangnam,76,173068.537,658,78747.233,592,248354.188,797,176820.373,570,38895.802,252
103069033,Gangnam,76,27988.619,82,23716.145,81,109294.175,30,264425.106,33,89808,15
103071647,Yangju,76,243022.559,801,333581.722,1338,331031.341,923,256620.703,1313,140767.273,543
103078272,Gangnam,76,130594.311,188,111412.064,220,131650.46,164,217291.15,200,65493.838,83
103086002,Gangnam,76,363897.02,1286,402308.567,1215,420048.111,1094,382732.53,1224,173320.139,554
103169211,Bucheon,76,143696.522,463,119346.701,413,113396.876,352,150145.33,289,120166.146,195
103198408,Gwangjin,75,89334.056,562,90094.445,526,152599.785,557,392495.947,545,89312.046,256
103217707,Gangnam,75,46196.019,428,12231.183,325,26678.287,337,144544.795,606,36069.934,362
103242676,Junggu,75,115958.51,433,120949.409,573,112726.12,479,166843.144,340,84898.692,105
103265683,Gangnam,75,86381.997,994,133108.512,1490,155297.388,1395,139966.734,1260,61145.274,550
103266725,Seocho,75,164163.16,342,192857.906,413,110566.86,258,286342.1,427,53366.719,117
103274396,Seocho,75,66586.324,299,101665.578,273,114412.561,366,190950.33,352,36064.586,154
103442205,Gangnam,75,160743.499,147,216571.662,216,156863.72,151,260218.98,237,231597.052,178
103489685,Gangnam,75,145330.289,478,86028.453,482,129265.71,428,143080.334,543,143638.132,275
103500373,Yangcheon,75,82261.528,366,88655.402,553,85761.889,441,125595.924,445,64275.066,192
103536637,Suwon,75,154210.012,843,224193.667,892,130702.48,754,220776.7,903,50284.567,257
103555856,Gangnam,75,114443.375,501,93425.073,545,130103.964,650,151457.058,470,75477.278,233
103606587,Gangnam,74,274397.551,637,353131.792,576,375590.831,740,439498.532,682,207609.056,279
103610243,Yangcheon,74,85392.221,443,84800.395,395,86997.967,439,131386.934,339,63192.957,258
103706481,Yangcheon,74,69778.093,494,71100.881,508,91280.869,527,122940.475,782,36300.946,403
103731611,Gwangjin,74,140552.295,706,146836.386,581,121535.359,616,126821.468,693,59786.715,315
103763645,Yangcheon,74,102488.998,842,128801.201,623,109066.157,692,152882.236,576,44401.153,282
103804039,Gangnam,74,96325.225,859,83601.965,512,121186.677,589,223627.009,859,96939.934,523
103848301,Yongsan,74,117088.33,604,80149.892,442,117463.991,461,137992.793,473,44181.847,220
103862061,Seocho,74,381051.904,381,337893.279,473,165901.256,370,161064.492,325,92664.098,134
103972818,Seongnam,74,21739.524,227,27507.908,218,36235.116,212,132958.669,329,86703.333,259
103993867,Bupyeong,74,100691.988,303,98419.906,246,118210.555,298,153318.453,276,42651.767,136
104015022,Eunpyeong,73,370674.244,1003,417572.085,678,545883.027,624,739193.861,598,327538.787,277
104239403,Bucheon,73,128904.784,1676,71835.232,1075,125893.855,1289,144181.417,918,66852.627,335
104245439,Junggu,73,146389.319,300,91296.377,299,147192.027,463,147289.482,406,61730.26,197
104274324,Yangcheon,73,106485.102,445,110383.137,378,136176.899,504,146291.317,518,72616.622,219
104294041,Gangnam,73,161176.341,658,159548.977,498,160310.753,456,157755.62,488,106119.971,311
104365003,Gangnam,73,47619.233,367,61462.514,573,107312.282,787,182707.198,930,167858.193,611
104365477,Yangcheon,73,108155.855,634,100505.69,654,103568.108,482,122979.143,518,44722.633,244
104434431,Mapo,72,145672.107,760,188488.319,826,130091.296,766,178491.898,824,148318.668,583
104436365,Yangcheon,72,111670.82,240,158355.044,301,153320.037,296,150643.382,311,61350.284,167
104523441,Songpa,72,136791.464,439,119829.705,433,149237.285,333,210566.504,486,131802.181,211
104527871,Seocho,72,176605.6,121,33229.66,49,38817.546,61,230642.533,256,48515.06,55
104547032,Yongsan,72,200417.455,427,264748.721,438,260082.275,443,224737.898,437,130275.064,195
104576231,Gangnam,72,142516.168,506,136399.207,477,103229.085,365,141109.612,432,122357.055,207
104645917,Gangnam,72,127579.497,1198,172471.649,1248,144461.422,1013,249382.681,918,47576.717,370
104676344,Seongdong,72,146587.086,1291,199032.192,1166,289067.873,1437,168901.601,1172,129833.195,434
104708301,Gangnam,72,159120.813,350,110416.729,430,132173.158,454,142191.881,370,59171.9,197
104714221,Seongnam,72,61118.157,206,117763.31,224,59328.066,158,157155.196,329,34737.54,173
104735002,Guro,72,132995.541,484,151206.689,564,131430.51,482,160917.875,372,82190.322,246
104744254,Goyang,72,34464.501,154,59411.82,299,155511.454,610,153038.995,776,38371.849,108
104748397,Junggu,72,64472.763,465,88123.281,415,85688.99,367,128651.777,380,107402.738,108
104755151,Gangnam,72,82629.934,392,119427.504,361,128791.144,297,129401.481,325,61972.351,109
104824786,Gangnam,72,147689.635,722,120965.137,705,108211.993,803,126113.89,977,78699.709,537
104928618,Dalseo,72,0,0,101505.321,592,130848.666,501,177520.365,904,116162.7,834
105062443,Gangnam,71,119404.019,424,77415.772,478,83295.731,346,193047.203,452,167316.016,220
105108576,Gangnam,71,65267.683,526,78673.351,431,62661.36,311,127186.038,299,28537.635,173
105114805,Gangnam,71,106111.964,1258,210822.733,1462,152253.454,1276,134994.603,1215,75761.603,555
105146839,Goyang,71,93035.043,354,113311.844,341,178657.628,348,141260.767,292,71575.45,179
105161631,Bucheon,71,110887.301,904,89567.961,789,108515.067,910,151684.92,840,69345.16,521
105282751,Bupyeong,71,127400.753,566,86787.078,317,226991.653,497,134036.402,353,21689.522,133
105292847,Gangnam,71,107355.95,619,119679.566,619,123977.018,494,127373.051,465,87820.962,237
105298192,Yeonsu,71,125764.854,236,124398.59,181,149377.5,196,138325.44,269,78632.8,99
105354161,Namyangju,71,39293.174,239,53261.534,195,83160.571,292,169805.661,398,36749.288,139
105376615,Songpa,71,8501.636,103,41681.358,352,76906.472,372,142429.745,443,39011.891,224
105383303,Gangnam,71,64799.23,356,57656.401,320,102397.606,490,139542.833,628,28758.554,248
105385406,Yongsan,71,120945.168,501,211014.86,355,129023.799,309,143777.679,407,111147.705,179
105409357,Songpa,71,115904.634,569,111463.681,647,100090.453,482,126106.343,545,59862.192,232
105410182,Gangnam,71,123166.327,552,146662.518,534,129393.422,416,139694.525,378,74894.498,225
105438898,Gangnam,71,216890.446,1352,400550.23,997,324747.632,790,472421.272,1256,299708.265,568
105448222,Seocho,71,114882.796,775,78169.791,558,109497.395,409,178523.185,441,24373.992,151
105491391,Gangnam,71,122448.59,911,147437.209,1019,206033.522,1185,248805.259,1626,137213.879,795
105499161,Gangnam,71,681.67,10,810.6,6,23080.169,55,126964.975,269,117608.009,232
105536434,Nam-gu,71,48195.501,390,58896.089,302,130139.815,361,152950.422,352,100459.507,141
105714359,Gangnam,70,73512.864,485,58445.089,512,78868.539,660,131105.478,691,88533.756,310
105728415,Nam-gu,70,143070.626,597,97817.29,694,115632.144,732,133696.293,799,37762.021,365
105729686,Gangnam,70,145530.236,712,123413.932,574,132311.136,601,140895.651,733,61870.725,335
105751827,Seongnam,70,114196.145,874,110152.367,687,115743.375,645,130612.458,527,65643.344,284
105867763,Eunpyeong,70,144009.578,675,130439.317,789,112340.205,1103,131760.953,794,47218.124,411
105877364,Yangcheon,70,165365.444,462,166511.192,397,171512.23,385,321620.066,495,72386.66,190
105900176,Junggu,70,168014.922,354,177794.685,406,257636.496,600,258229.072,440,128469.92,252
105915945,Gangdong,70,131958.46,471,73241.284,463,59191.209,425,125935.873,516,38847.782,195
106003048,Yongin,70,97121.04,92,96628.65,83,94888.305,107,208139.68,148,83058.208,103
106063144,Gangnam,70,89196.465,455,70120.554,351,134932.384,352,134360.224,301,96319.794,156
106065081,Gangbuk,70,69005.526,762,90458.958,764,60781.358,674,122561.673,665,47874.758,281
106146626,Gangnam,70,141035.47,254,131839.241,312,131133.432,355,228668.97,524,134553.271,282
106150953,Seodaemun,70,52549.452,623,56135.243,561,76006.913,618,133989.862,687,54121.278,336
106223509,Bucheon,69,179359.559,1117,144558.111,874,146450.512,934,163924.901,960,95709.639,547
106325965,Gangnam,69,96512.05,888,104223.013,914,110040.37,945,128942.3,1127,39336.112,532
106410569,Gangnam,69,206751.13,921,186471.213,994,178444.245,872,217211.352,899,129976.718,433
106429067,Yangcheon,69,269005.722,1124,372433.203,733,202298.156,696,394911.854,614,123488.626,427
106530105,Yangcheon,69,147792.929,265,83152.71,278,104025.18,276,132085.522,247,39125.089,150
106533091,Yangcheon,69,133075.208,525,30093.189,189,18021.15,198,130477.74,313,56586.522,191
106558721,Yangcheon,69,81244.046,1019,107878.58,803,123014.864,1101,122833.057,765,84387.832,412
106602881,Bucheon,69,136864.479,509,133084.168,483,124675.806,511,137318.192,532,114914.804,250
106614804,Bucheon,69,40698.58,273,61387.695,358,46727.487,382,131020.115,299,40219.704,111
106625886,Bucheon,69,89792.462,397,118689.135,449,126235.817,422,130135.522,466,87574.072,227
106634874,Guro,69,111529.174,2555,105231.968,1730,117144.07,1781,136771.452,521,118004.171,893
106720996,Gangdong,69,117634.024,685,125051.962,659,138361.271,547,120747.788,421,87371.778,288
106806986,Songpa,69,77502.563,510,112457.657,377,113053.454,421,140646.953,534,102059.059,271
106828042,Yangcheon,69,100808.06,569,97314.236,566,137768.297,551,142436.213,514,82222.669,243
106879189,Buk-gu,69,103586.19,386,94761.957,315,103915.912,300,138970.124,363,116494.46,277
106931371,Buk-gu,69,93152.766,473,120399.9,388,143789.374,463,185863.585,496,54026.424,168
106931698,Yangcheon,69,33755.529,540,31446.172,551,64064.773,587,127832.813,604,18990.991,313
106966957,Chuncheon,69,67351.466,234,60669.757,225,101283.189,313,139193.335,381,134373.726,157
106999509,Yangcheon,68,109307.886,706,84823.553,585,90579.998,591,171439.459,363,54302.547,172
107028807,Gangnam,68,556.5,8,2510.372,21,48275.7,31,154242.584,213,36174.156,115
107032692,Seocho,68,118492.818,770,152129.859,594,144964.49,738,193881.379,799,102066.799,382
107037128,Seongnam,68,62249.445,710,65825.115,686,134763.197,788,124371.243,709,60480.574,483
107089284,Gangnam,68,123336.182,636,117157.339,593,108443.901,510,141817.433,496,27038.884,30
107099331,Gangdong,68,73449.312,157,76263.866,148,99180.515,135,223787.544,207,-51065.638,126
107099957,Gangnam,68,181631.786,382,875934.801,660,1138213.226,721,996414.702,617,488063.96,325
107120534,Bucheon,68,101941.04,330,63093.955,268,209405.873,355,163249.553,407,158243.037,221
107154501,Yeongdeungpo,68,125551.982,704,103839.166,468,76719.85,492,133653.223,705,40615.952,192
107196241,Songpa,68,208372.937,841,189642.701,729,265326.89,573,151743.454,418,69713.248,162
107259501,Yeongdeungpo,68,122619.465,335,144188.548,420,140129.545,439,175131.973,419,88537.059,185
107298341,Bucheon,68,156499.066,500,125303.664,590,151400.851,585,153872.792,492,90549.916,234
107322852,Gangnam,68,76050.224,234,119056.886,211,107016.192,259,119436.136,269,74203.574,173
107336527,Gangnam,68,70839.438,820,72458.062,592,79429.98,629,122452.138,525,60247.759,244
107368721,Yangcheon,68,104882.939,526,137679.647,596,128883.267,678,153254.027,747,84066.91,291
107374179,Gangnam,68,67973.124,571,77393.465,366,129653.345,452,137121.259,332,15654.474,62
107376845,Chuncheon,68,63267.613,227,44409.686,152,87926.492,159,122225.193,192,38097.422,154
107452253,Nam-gu,68,125998.207,671,120132.603,789,145421.687,864,118601.223,945,102178.924,535
107453641,Yangcheon,68,81784.236,333,121879.994,305,160148.078,222,205496.327,308,71391.447,247
107455941,Yangcheon,68,1389.288,15,94805.643,616,185473.537,1237,171587.709,1042,124213.871,573
107473378,Yangcheon,68,130202.639,654,120621.107,591,142338.032,605,267178.822,493,72552.692,142
107476488,Paju,68,92160.512,394,47721.314,269,112159.724,451,133313.9,479,97546.391,214
107541156,Gangnam,68,255839.402,544,129119.105,442,108332.349,389,139449.604,494,89013.43,265
107544407,Songpa,68,97882.52,445,107516.333,446,117903.21,547,201753.078,651,69147.979,258
107568748,Goyang,68,103282.01,775,123961.718,747,151822.668,657,165961.441,787,55543.315,445
107624679,Gangnam,68,115733.405,1031,138539.099,707,132046.315,758,178414.445,612,89148.024,334
107655996,Gangnam,68,169547.961,585,156433.91,437,243430.822,460,211126.136,387,98888.78,181
107656003,Bupyeong,68,143265.514,620,97027.776,735,140659.988,1080,135394.809,861,32771.521,219
107660525,Gangnam,68,134520.584,447,142291.098,503,133086.424,396,155008.944,435,126282.916,268
107661051,Yeongdeungpo,68,108176.172,825,109300.137,738,116940.511,835,148382.786,759,102010.932,276
107794961,Seongbuk,67,88862.52,799,116442.341,836,111163.268,938,164781.193,1114,96128.982,711
107813881,Gangnam,67,112757.125,883,140299.29,786,133860.505,652,144692.195,661,69025.312,255
107817041,Gangnam,67,159125.342,285,161955.768,228,174364.295,235,191338.662,305,98439.467,160
107823532,Seongnam,67,141974.655,427,107262.99,345,259351.476,543,230874.601,551,95143.355,220
107911471,Gangnam,67,87047.869,796,70003.34,726,102733.834,644,126851.533,619,41869.221,277
107942143,Bucheon,67,87896.994,256,115803.824,223,127809.877,207,186624.766,275,7091.634,33
107958629,Yongsan,67,218701.513,588,243389.081,504,281432.31,647,274345.754,589,135195.247,293
107968901,Gangnam,67,76186.115,278,125890.911,368,131359.042,364,197884.918,368,98095.679,233
108068559,Gangnam,67,116961.731,2121,100944.331,1797,145600.576,1863,144626.572,1299,103905.956,834
108102399,Gimpo,67,127663.232,210,73392.24,155,81423.508,145,155104.962,157,23806.5,33
108105888,Gimpo,67,87233.937,532,117391.182,734,147179.367,650,166927.3,674,108106.915,312
108112394,Yangcheon,67,75984.314,416,86830.366,371,118430.284,336,156971.246,409,107990.186,220
108128014,Bupyeong,67,104990.529,1106,104644.169,740,134783.989,789,165182.709,821,74154.78,457
108158811,Gangnam,67,111338.017,1248,88686.496,1041,108130.937,1331,151702.311,1515,89706.067,634
108166478,Gangnam,67,45814.463,898,42228.412,919,40867.271,695,123109.293,671,16455.252,389
108227451,Pyeongtaek,67,124140.847,876,109140.887,786,159146.086,1065,145268.891,870,71360.626,310
108267412,Seocho,67,56855.846,404,62059.625,497,105214.002,784,158920.022,727,36239.686,357
108327631,Gangnam,67,68664.149,647,62790.645,468,110995.937,418,140049.213,482,39761.854,229
108330975,Gangdong,67,69132.817,457,54686.788,492,129426.748,769,141987.715,894,64193.872,506
108369041,Bucheon,67,71469.142,1586,48820.429,1205,60093.596,1143,118879.065,1236,45318.054,528
108433674,Yongsan,67,75362.387,172,80886.284,131,194176.05,146,193010.377,180,160850.534,50
108438467,Mapo,67,129578.604,799,126737.462,535,128581.603,488,208049.455,608,97501.793,312
108447101,Nam-gu,67,119593.243,932,137408.248,860,104488.541,482,127385.923,588,69066.06,366
108478101,Junggu,67,36046.166,85,49729.83,107,76561.763,177,135208.839,168,69299.34,128
108484362,Bucheon,67,74460.265,332,54879.227,317,63969.341,340,155564.656,457,55655.233,210
108488869,Yongsan,67,130222.959,559,120111.353,442,107588.114,431,168538.106,375,96692.034,158
108535498,Yangcheon,67,151254.879,518,179636.814,507,256831.726,440,136951.129,414,60014.827,176
108592811,Gangnam,67,111432.596,358,96821.21,378,176498.571,502,200113.325,474,157510.632,287
108602635,Gangnam,67,115551.559,862,98233.421,622,107997.604,729,140311.016,787,48217.077,294
108605695,Bucheon,67,50776.601,251,94495.471,381,168163.437,602,163645.577,670,44868.316,255
108605955,Seongnam,67,66966.215,407,53524.33,512,127849.511,440,112476.001,334,63525.679,196
108792879,Yongsan,66,88527.347,513,84201.554,533,114208.768,613,138338.183,745,66650.006,325
108817649,Songpa,66,128719.387,261,110793.554,280,116842.723,278,125273.201,324,37044.238,115
108826364,Songpa,66,301108.187,495,366934.318,386,478294.893,373,724888.47,374,412700.316,272
108869294,Gangnam,66,94984.027,387,101808.741,570,105114.376,504,136287.061,405,58476.653,209
108899851,Gangnam,66,156293.074,424,125877.594,325,156385.814,403,257252.569,397,77774.827,197
108908973,Gangnam,66,76107.836,1707,92418.171,1104,149962.278,890,208391.681,1050,74125.402,399
108923263,Songpa,66,83532.699,413,77541.971,309,26800.885,237,128068.879,289,31596.852,141
108930616,Gangdong,66,76009.728,978,57598.775,574,74790.674,820,124520.571,1153,52640.351,705
108968271,Seongnam,66,128098.436,1019,115471.24,784,130179.757,825,162822.943,847,138741.071,499
108996419,Bucheon,66,120743.997,368,70145.733,217,122162.015,329,127146.395,297,200766.792,198
109023301,Bucheon,66,101937.835,452,67716.434,253,121546.41,319,172486.931,507,86491.369,180
109041594,Yangcheon,66,111379.369,536,161599.003,380,117426.711,426,119825.386,433,53070.093,178
109058881,Seocho,66,58323.893,454,69985.462,380,112697.459,295,123661.903,455,20576.515,184
109076371,Seongnam,66,58473.515,319,91620.934,293,109041.521,517,140000.322,897,89325.286,370
109130519,Bucheon,66,61834.394,756,149126.399,828,96482.461,774,125553.708,824,55726.821,387
109137551,Bucheon,66,61197.794,646,65119.802,638,150433.064,553,165320.219,530,39852.006,329
109152183,Yongsan,66,172475.888,508,132212.988,503,134049.042,491,177808.774,473,47295.814,176
109190894,Guro,66,56315.582,535,79211.497,525,124196.002,589,131798.182,645,68290.216,275
109205791,Yeongdeungpo,66,138554.648,319,149991.174,348,111415.557,437,138936.825,551,92888.973,301
109272046,Nowon,66,151891.264,640,138384.67,709,166333.809,738,157483.508,906,125605.79,426
109276321,Songpa,66,116655.021,576,138713.571,562,137200.685,559,143822.679,557,25400.526,188
109297996,Goyang,66,242667.176,277,177040.382,251,201382.748,262,202888.395,337,241312.839,224
109308509,Buk-gu,66,62762.799,332,209949.806,326,165668.861,380,166392.112,265,33285.38,59
109362558,Goyang,66,49291.916,558,42936.127,598,56184.211,771,125637.668,903,56419.458,559
109375726,Nam-gu,66,115686.32,884,125319.215,661,154078.184,673,194646.949,731,67657.223,233
109382468,Gangnam,66,109572.276,535,107159.32,569,64610.582,439,133384.896,450,27248.887,187
109383397,Nam-gu,66,141388.531,321,211676.478,343,126831.449,255,158557.321,245,75480.887,111
109428731,Yongsan,66,125944.429,598,110969.263,703,199341.135,693,139811.84,655,37856.073,166
109584353,Seongdong,65,96068.78,309,153388.285,255,138242.42,227,178552.249,261,251003.622,254
109608627,Bucheon,65,83586.642,251,58414.49,214,64350.505,183,150661.958,260,63287.397,136
109613673,Gangnam,65,110627.138,359,125174.522,329,141579.617,403,139153.579,372,53953.648,136
109720565,Seongdong,65,60307.061,389,82117.054,416,134940.538,477,131564.728,518,77142.596,222
109739273,Songpa,65,54146.842,213,99944.985,437,111889.061,438,131710.355,410,74923.566,215
109745424,Gangnam,65,99925.897,382,105641.198,357,109195.787,259,207664.219,409,145549.208,307
109756779,Bucheon,65,141456.566,1440,179421.82,1210,126890.098,1285,135563.388,1165,48883.614,523
109799025,Gangnam,65,192295.62,240,107479.517,201,111535.84,194,297200.814,305,118727.59,33
109804058,Gangnam,65,185417.367,976,196357.933,940,211152.425,921,259002.045,944,118015.413,509
109829443,Yangcheon,65,106845.03,673,101431.696,682,106556.118,618,136286.497,539,71776.228,238
109863868,Gangnam,65,61795.96,498,59230.858,464,53426.367,411,138661.574,428,20624.59,208
109864349,Yangcheon,65,85864.641,412,180955.421,508,172974.786,514,206101.111,483,31250.158,108
109869185,Yangcheon,65,69238.356,454,62800.672,303,79138.983,391,155547.476,329,110226.634,250
109875141,Seocho,65,194296.844,336,136065.893,366,212996.781,552,220895.425,493,107864.2,200
109875299,Yongin,65,72841.406,402,110152.004,460,97456.179,441,176072.968,280,68140.781,149
109904292,Yangcheon,65,64796.859,613,60313.265,707,135394.565,635,131381.992,617,107773.979,309
109937825,Gangnam,65,70214.787,156,144534.206,224,182102.968,336,160544.248,370,92616.267,176
109971347,Bucheon,65,130762.014,331,81141.646,313,116014.77,359,138407.485,492,114517.906,269
109977991,Gangdong,65,130337.091,883,129700.944,794,113543.772,748,119744.945,744,48995.22,359
109993494,Seongnam,65,85760.237,281,119268.2,287,135030.792,307,154332.232,279,103577.342,113
110007956,Seo-gu,65,127826.147,502,96310.691,317,141235.617,501,299395.624,474,249534.082,331
110012188,Yangcheon,65,69624.465,262,82611.658,445,94582.431,508,155493.224,645,61803.22,313
110042626,Yangcheon,65,99247.058,1271,140499.911,1296,132536.346,1242,127150.648,936,65755.845,558
110267181,Songpa,65,140441.863,421,93021.294,335,75215.425,421,133615.924,358,40707.071,208
110270601,Seocho,65,133296.76,227,159105.129,740,263060.14,667,280481.036,655,94822.587,218
110283822,Yongsan,65,102108.981,495,94996.53,328,99380.084,416,151501.726,466,70383.525,162
110287742,Seongnam,65,120593.117,355,149938.476,235,100357.48,277,146407.312,289,47343.29,117
110296113,Junggu,65,125506.272,447,95543.03,468,100124.143,397,135528.415,484,66203.619,186
110312014,Gangnam,65,28771.915,264,33643.145,228,23819.582,171,134510.166,377,43331.136,104
110322414,Yangcheon,65,129973.686,581,111576.369,435,119316.012,421,185459.853,366,76163.52,226
110374871,Bucheon,65,170957.567,936,107308.436,911,126912.131,1162,136272.917,961,26974.753,267
110418817,Gangnam,65,141973.445,194,114356.534,171,161115.535,302,118589.064,290,64249.592,117
110429202,Yangcheon,65,162124.887,495,387776.43,522,536397.636,721,218823.876,835,177136.586,414
110477098,Gangnam,65,59888.005,171,134560.332,379,174318.484,517,260724.432,547,77333.496,265
110488921,Siheung,65,156521.772,373,124679.829,288,169640.066,373,154038.242,447,86776.637,245
110517819,Gangseo,65,147393.211,567,138852.669,547,191909.755,499,162894.762,453,80875.439,253
110551839,Seongnam,65,206282.809,308,168678.68,300,183783.062,210,240625.115,273,289446.372,185
110595839,Gangnam,64,68484.117,865,100256.846,944,106860.14,1135,124848.352,1129,56997.099,355
110612314,Yeonsu,64,156646.803,1005,143543.862,1169,108228.923,1018,144168.005,1085,59584.959,446
110637651,Gangnam,64,122335.033,278,129840.438,270,106999.157,290,126608.832,279,79117.884,158
110640261,Seongdong,64,161090.869,165,119260.098,168,132028.866,249,118676.58,412,87754.22,121
110652749,Yangju,64,38794.995,419,50770.205,559,204728.328,760,351233.103,611,118889.533,154
110675624,Yongsan,64,152340.984,617,120993.948,557,172087.451,532,169564.84,535,66277.879,202
110735191,Yangcheon,64,167914.979,565,90264.896,422,119355.818,415,128065.643,420,62317.716,198
110757369,Bucheon,64,116722.753,441,122663.314,413,105523.5,418,164704.179,528,72904.551,218
110799896,Ulju,64,153563.179,305,113363.955,300,144305.147,329,239138.528,453,63172.308,161
110816945,Yongsan,64,108328.28,659,314442.304,594,444608.428,653,306059.829,770,249793.29,299
110850891,Seongbuk,64,546438.303,292,564592.301,393,462609.244,382,539297.647,408,234176.889,162
110917119,Bucheon,64,137467.498,546,106873.664,544,91523.226,510,187549.998,415,34932.442,234
110918126,Gangnam,64,319020.342,632,424437.83,657,400490.733,672,358045.105,612,192838.635,293
110946151,Yongsan,64,197710.154,396,211546.363,377,193752.209,659,134689.309,785,49086.084,369
110995611,Dongdaemun,64,125289.155,463,158437.67,648,181272.836,575,212471.796,591,95778.455,320
111102593,Gwangjin,64,92946.508,392,91387.821,421,96648.977,326,124406.216,446,46718.253,197
111141352,Yeongdeungpo,64,109426.952,332,96069.879,319,82991.698,420,124382.625,484,53294.697,213
111155581,Bucheon,64,59701.234,358,62274.963,328,82130.369,356,124085.271,422,49247.477,238
111186541,Songpa,64,174308.269,826,161198.567,887,252855.072,744,279261.573,735,153290.629,421
111284971,Paju,64,131602.312,178,120650.154,367,139773.532,311,207965.678,366,140203.609,150
111332928,Gangnam,64,162626.789,683,183927.912,744,176457.113,688,136695.628,644,115009.979,391
111333803,Seongnam,64,134436.843,337,128120.386,279,124628.579,354,150869.806,384,229849.433,275
111352552,Gangdong,64,148823.784,738,207323.84,1074,244798.944,961,552805.943,1690,0,0
111366951,Junggu,64,203820.035,2002,241380.56,2258,196116.706,1936,163007.876,1543,121706.136,836
111381097,Taean,64,170903.4,520,126507.498,481,125019.548,529,204556.853,1023,111726.221,323
111461601,Gangnam,64,182954.977,671,113455.662,544,122812.034,658,142867.604,689,40465.756,342
111496681,Gangnam,64,133051.33,635,125726.204,580,172006.216,625,202320.023,431,56535.972,148
111506108,Yangcheon,64,60799.641,228,87928.008,233,151913.053,326,288498.794,418,75875.94,124
111531913,Yongsan,64,80742.48,542,151174.412,539,148755.043,559,130772.882,509,88030.839,258
111581021,Gangnam,64,20670.962,151,24497.827,207,122801.752,258,154642.04,358,59937.07,178
111588167,Bucheon,64,128805.312,440,123380.769,384,148203.6,630,136393.953,551,30452.166,159
111594111,Goyang,64,136411.071,1014,184499.626,1200,189405.045,1624,121430.295,542,22233.838,149
111600254,Gwangjin,64,130029.047,510,141011.952,412,152844.848,570,136397.383,455,64989.305,280
111658308,Yongsan,64,203764.221,428,427132.23,556,256652.019,508,153070.651,400,47162.658,185
111709775,Goyang,63,116181.785,537,83450.862,437,65827.566,276,125912.685,454,47511.793,227
111729657,Bucheon,63,13805.47,571,28318.418,627,20325.024,616,182094.135,592,24067.913,367
111761351,Nam-gu,63,90108.095,484,72317.097,372,110439.444,315,140713.508,463,30725.223,186
111769072,Goyang,63,104813.499,376,118046.767,375,125552.139,404,132949.737,388,73170.402,209
111816589,Yeonsu,63,176500.038,950,244971.379,1021,238735.614,933,160305.162,1014,81049.247,551
111838024,Seongnam,63,79754.702,574,84115.086,459,89390.58,440,154472.033,664,37273.385,228
111873588,Gimpo,63,79065.314,546,146731.965,570,272200.768,677,359716.263,746,60710.502,250
111879479,Seocho,63,225177.717,472,409690.634,704,204619.59,512,195297.629,311,76318.16,147
111970578,Yeongdeungpo,63,222816.411,504,331865.536,451,321010.521,518,392315.911,533,102480.483,236
111972417,Gangnam,63,117311.698,365,122339.653,331,128809.531,283,148184.127,249,31575.22,46
111978505,Hanam,63,137624.992,407,132849.985,359,123778.601,359,141570.455,323,42801.661,151
112016923,Gangnam,63,101989.653,575,86628.582,493,114389.473,447,181201.403,479,61914.714,193
112039339,Seongnam,63,137381.352,852,128478.969,749,130642.427,636,169357.283,711,79617.076,305
112078217,Seongdong,63,69507.071,358,69788.489,250,68434.104,302,160759.476,374,54951.706,143
112123373,Hanam,63,127084.389,373,77469.45,267,187299.221,615,176713.688,1259,36194.7,324
112166836,Gangnam,63,129501.752,425,134453.707,420,236338.439,505,126330.241,397,149369.96,158
112215408,Songpa,63,141024.749,437,240267.918,477,149476.085,244,139721.221,440,91274.95,246
112277648,Gangnam,63,98410.574,1198,78865.509,1012,64731.489,893,129455.834,860,80635.698,367
112279571,Seongbuk,63,121364.383,269,132285.525,248,123568.829,381,132307.698,392,82041.373,160
112281151,Songpa,63,27250.981,263,19684.945,225,95118.768,320,123661.776,320,21188.906,136
112302251,Songpa,63,90619.029,504,120906.971,496,124902.666,587,166733.949,431,66399.636,160
112344328,Gangnam,63,86027.26,342,95790.999,374,155679.729,410,145159.476,477,123461.76,365
112382321,Seongnam,63,110120.674,540,142825.923,257,102736.895,306,139851.586,372,60000.076,184
112402308,Yangcheon,63,93379.761,515,196537.92,541,113671.691,537,134580.625,361,61019.482,202
112454201,Gangnam,63,90613.118,463,95746.406,511,202758.781,662,137311.618,515,45399.268,178
112481203,Yongin,63,97917.287,487,82545.214,385,122207.313,400,174339.715,313,235851.712,219
112502947,Gangnam,63,80089.025,229,128594.595,264,164664.162,291,207111.873,314,33985.641,110
112521787,Junggu,63,125755.443,585,122228.069,732,100773.056,671,129300.253,701,74854.811,336
112648682,Songpa,63,124198.673,656,115271.404,678,118872.886,682,151824.09,560,63991.777,315
112679129,Yangcheon,63,129517.329,649,116501.274,703,114390.314,623,148296.332,729,118388.615,413
112714972,Yangcheon,63,48964.944,562,76054.829,607,106352.558,551,125902.199,663,91004.961,356
112716549,Seongdong,63,165270.247,710,164651.177,628,176765.834,587,142171.765,622,73873.575,271
112719501,Nam-gu,63,142646.772,708,108493.586,489,152123.212,514,130139.039,499,56146.937,218
112724978,Yongin,63,161645.606,582,203483.565,462,225500.673,342,145747.245,319,85169.721,167
112728976,Junggu,63,136687.614,347,72821.115,299,127558.985,476,150687.054,509,151286.262,186
112746952,Nam-gu,63,18982.51,174,15031.845,181,87151.154,292,157782.25,371,62819.992,168
112803204,Seocho,62,152814.339,344,116504.893,217,128252.699,330,151485.369,321,154872.631,237
112840771,Yangcheon,62,129397.27,530,147853.494,631,130849.01,858,160173.995,865,75976.267,511
112875948,Gangseo,62,108799.261,510,135547.327,457,171510.609,536,248577.023,612,90092.973,300
112919796,Seongnam,62,23800.44,146,50339.415,242,119526.087,460,167133.498,404,49559.494,144
112941062,Seongnam,62,59988.544,401,131529.803,414,122356.842,527,136249.755,541,117229.784,286
113017862,Yangcheon,62,62172.422,348,53658.017,289,130304.895,435,116526.262,437,48553.469,196
113051491,Yangcheon,62,155137.707,493,113282.702,387,111466.689,399,127194.033,503,85541.688,371
113136038,Gangnam,62,230306.601,639,68020.302,344,94405.277,194,306964.505,267,63605.85,72
113153847,Seodaemun,62,51281.278,366,56303.009,428,94512.636,523,129853.112,553,28142.493,236
113162092,Yangcheon,62,85518.677,364,83796.163,387,83071.384,297,180123.546,382,68976.218,253
113194111,Seodaemun,62,68960.449,407,96181.936,407,83823.352,304,137167.593,322,73668.977,178
113248071,Seongnam,62,99319.349,480,123449.293,548,122319.912,508,127980.979,516,54294.438,162
113300081,Gangnam,62,0,0,54519.918,108,104626.391,432,139731.613,710,99135.064,199
113370431,Goyang,62,87497.995,456,64069.482,321,415054.239,496,200429.69,674,59464.75,243
113374804,Yeongdeungpo,62,31106.297,146,64201.598,184,89026.601,322,129949.758,470,107957.032,207
113449233,Nam-gu,62,94345.355,562,111733.121,671,121967.937,615,138096.929,632,50558.44,346
113471205,Gangnam,62,138511.941,455,135461.01,696,165987.001,635,183728.213,606,125310.04,266
113485553,Gangnam,62,208030.516,360,87923.218,258,173359.067,389,134889.354,438,59345.846,242
113486821,Seongnam,62,86936.409,355,109232.244,281,147489.88,574,125973.674,511,53653.518,226
113490318,Yangcheon,62,57891.082,721,124063.741,827,98072.813,1053,162519.88,877,51080.752,392
113572695,Gimpo,62,93400.688,597,79479.731,632,129758.218,583,164387.923,503,87382.002,211
113587195,Gangnam,62,54806.529,198,48359.345,118,47948.769,296,127101.595,357,95333.751,123
113612303,Mapo,62,60047.462,332,58631.307,309,64063.526,377,155515.015,358,57741.037,183
113620639,Seo-gu,62,63633.664,230,70264.033,265,206434.486,315,177647.315,308,100898.889,151
113668011,Gangnam,62,126260.332,774,106286.178,727,116583.791,689,123293.165,563,111065.865,263
113741931,Dongdaemun,62,59368.36,269,94980.554,549,124683.181,625,162037.291,678,83200.45,215
113795389,Bucheon,62,111241.631,1603,154261.914,1057,132689.928,1167,131923.524,1147,87984.294,509
113971915,Gwangjin,61,102587.763,241,151437.342,275,141998.123,482,128915.962,615,71388.731,240
113990051,Hanam,61,54465.127,569,113196.078,575,101034.237,596,133116.539,851,83184.777,414
114028725,Seongnam,61,132681.146,549,161963.796,465,189485.756,630,169623.138,435,74226.088,155
114089553,Yongsan,61,176037.533,639,154909.948,735,127162.076,654,154739.784,512,35766.627,221
114098281,Songpa,61,137758.959,132,81810.323,176,126794.57,238,128239.417,256,97982.776,114
114112703,Nowon,61,58661.427,391,103729.883,431,113895.55,488,130449.847,451,54930.276,183
114277984,Gangnam,61,129453.227,733,120164.274,689,110030.841,837,127457.374,812,45414.298,364
114329551,Gangnam,61,76072.675,690,62071.678,526,125963.094,852,174619.47,784,54139.495,441
114371507,Jongno,61,91358.474,247,93770.845,300,95584.093,270,126258.099,347,39500.152,94
114459552,Yeongdeungpo,61,52255.339,267,47370.77,222,73376.676,347,111333.462,394,60587.202,151
114471516,Gangnam,61,147433.971,509,109198.268,370,138936.61,398,147771.586,432,64599.241,187
114617946,Gwangjin,61,89481.369,351,80849.349,241,100007.878,222,138302.331,314,63485.518,146
114648618,Suwon,61,162620.149,636,219262.224,664,207613.066,677,220914.986,763,167318.011,377
114679584,Seocho,61,290464.53,181,176037.18,86,165685.392,114,163167.09,85,80902.3,25
114709871,Jongno,61,14553.722,172,126215.519,440,124209.852,487,120180.149,543,9445.872,178
114750366,Saha,61,49563.226,181,88995.993,181,126888.589,221,138124.54,259,52790.917,122
114764281,Gangnam,61,87588.405,893,74296.287,859,154821.86,796,139177.268,690,81174.235,279
114875325,Gangnam,61,80480.167,1164,53298.138,671,108903.407,697,147857.918,659,85763.565,405
114903428,Pyeongtaek,61,84664.417,275,59838.591,348,72405.978,366,130543.862,334,32783.867,180
114904554,Junggu,61,144678.264,236,166470.488,480,224441.339,456,95026.766,361,83453.441,150
114928711,Seo-gu,60,51388.127,596,83685.808,530,109908.12,470,164650.83,396,103587.598,375
114941013,Nam-gu,60,117938.522,704,173007.299,771,125215.107,695,147537.387,542,106368.442,306
115011634,Mapo,60,70649.543,316,88199.543,286,104981.325,270,195214.156,324,133962.248,144
115021581,Songpa,60,46516.832,444,72237.299,398,75378.142,554,125177.592,560,44206.717,254
115092764,Gangnam,60,113272.302,559,113974.615,704,215266.897,693,232343.771,600,150789.533,151
115142488,Gangnam,60,84110.839,530,84786.305,410,82580.909,443,153395.545,501,189559.472,477
115184905,Nam-gu,60,95078.015,315,89798.618,290,201335.27,336,257947.511,283,154067.733,119
115246257,Yongsan,60,123301.838,790,140164.732,870,178017.647,801,182107.218,880,135025.317,381
115249642,Busanjin,60,127809.361,505,133698.498,478,135166.928,338,133218.631,362,82643.89,166
115257952,Gangnam,60,154537.948,545,165127.546,527,135327.844,444,159878.034,450,136853.983,267
115306961,Gangnam,60,75981.262,359,171313.163,526,192324.949,516,176843.619,489,48958.391,209
115308025,Bupyeong,60,82805.023,653,85516.55,642,78663.077,566,130954.078,550,50459.099,239
115314035,Gangnam,60,144892.186,806,143479.338,705,147081.558,686,231651.654,976,108489.711,456
115336455,Anyang,60,68868.39,172,53279.45,125,64137.8,104,143856.77,266,68988.463,132
115355906,Bucheon,60,131552.684,676,155821.137,775,158525.776,792,159426.925,993,102088.87,361
115376131,Yongsan,60,50838.892,641,76549.019,565,101407.478,660,133517.06,796,43835.526,360
115410441,Yangcheon,60,137209.561,764,204679.022,930,209965.193,912,270183.689,1032,238970.084,272
115412283,Yangcheon,60,121367.222,419,84529.146,363,107678.469,424,168487.692,423,79082.234,167
115434872,Seocho,60,140006.387,788,133612.276,564,133689.858,614,164208.818,684,79706.159,433
115476181,Seongdong,60,206134.8,62,216505.978,68,103631.62,73,254727.682,75,62960.65,35
115481077,Cheongju,60,58591.236,408,93280.483,420,86381.206,389,129257,346,40629.4,173
115502782,Gangnam,60,15018.9,53,57733.432,122,52078.056,142,141852.136,256,46071.981,107
115620691,Gangnam,60,81716.797,218,129694.624,257,122039.74,251,128954.604,316,82830.563,167
115625482,Seocho,60,88685.438,362,115204.707,359,74988.023,337,130072.439,569,85522.553,248
115638529,Gangnam,60,112331.092,299,132123.169,324,120656.762,284,146527.178,285,52225.358,100
115738406,Bucheon,60,41049.1,105,139379.83,150,100903.608,178,152605.54,234,66614.267,156
115748063,Yangcheon,60,163988.413,813,168292.23,759,109652.622,699,179247.527,837,149984.42,478
115851101,Yangcheon,60,108366.999,555,140803.23,557,211687.108,553,275927.314,561,203981.867,289
115856577,Seongnam,60,85865.166,212,148340.719,357,145580.251,369,198096.268,384,55558.822,142
115870044,Seongnam,60,60739.181,272,70272.826,359,94067.668,349,120763.535,427,61495.345,200
115874055,Yeonje,60,71454.841,370,91523.618,385,110775.578,229,155697.227,372,34342.536,118
115980362,Gangnam,60,93415.8,796,164267.764,677,128573.849,680,138210.581,642,60931.341,373
116006312,Ulju,60,122312.1,317,72278.319,252,84643.57,309,134843.73,352,65266.164,171
116011371,Gangnam,60,125389.897,365,128344.306,321,129514.08,287,210351.674,357,144281.661,234
116035903,Gangnam,60,113097.972,542,141731.548,582,111199.648,396,169269.532,441,136437.056,195
116099241,Seongnam,59,11971.874,91,103783.94,186,83291.583,252,122341.524,264,75596.127,155
116124925,Goyang,59,68816.784,313,84353.413,360,70663.008,394,133511.08,420,20748.079,175
116128713,Bucheon,59,138755.76,355,132673.408,235,162412.673,269,183698.143,301,63319.67,177
116131156,Gangnam,59,180795.457,657,172128.113,475,187278.021,596,302163.905,509,139346.65,327
116136419,Yangcheon,59,64664.566,230,114098.718,310,133526.108,284,146306.197,371,79154.054,162
116186931,Gangnam,59,1049,5,2012,7,515.418,6,179434.724,445,104671.518,271
116220598,Yangcheon,59,120033.94,759,113581.924,821,122825.344,808,130761.796,733,73495.047,377
116316571,Yeongdeungpo,59,54551.436,265,46984.666,263,115416.125,266,122175.863,282,78867.141,142
116352171,Seongbuk,59,124271.186,582,177530.391,694,151471.77,808,229971.146,665,108303.138,285
116383497,Seongbuk,59,103414.679,648,102236.002,613,135741.878,698,165212.452,811,45213.592,315
116504854,Gangnam,59,37170.457,292,46507.121,204,58620.996,242,147512.337,432,28096.282,221
116507215,Gangnam,59,95118.432,330,151075.975,353,161669.63,374,162024.572,355,67478.706,164
116545848,Gangnam,59,111704.918,350,129115.743,244,139527.954,540,176658.272,457,126662.56,298
116568673,Yangcheon,59,71688.022,227,58558.495,211,91823.898,273,126473.974,252,35519.77,110
116606392,Yongsan,59,11443.146,327,24146.084,399,39093.833,490,134749.695,703,92637.993,295
116627541,Nam-gu,59,48851.85,180,88133.75,283,109676.58,323,152848.005,342,106206.209,219
116658239,Yongin,59,122771.703,309,139793.476,294,122859.38,423,182734.513,339,167171.69,212
116693946,Gangbuk,59,32166.422,336,57013.113,373,133334.312,559,336966.654,607,115858.403,245
116714276,Gangnam,59,57863.588,980,49357.859,633,80568.365,489,126961.826,648,38668.274,285
116715844,Seocho,59,63675.915,807,95173.479,719,119567.338,596,189800.904,683,119825.85,249
116873951,Yangcheon,59,39402.61,235,55607.85,190,23869.369,181,174466.105,275,22617.042,139
116874641,Junggu,59,126791.992,649,141705.945,550,146745.467,870,160732.136,842,77015.443,520
117032149,Yangcheon,59,112962.831,461,123517.067,467,166001.9,448,136110.429,395,95483.441,237
117059154,Gangnam,59,260705.9,467,204889.581,426,312137.839,414,231179.454,375,144568.922,190
117081051,Dobong,59,316520.68,424,323118.2,290,330014.11,311,231063.64,223,117790.08,107
117126871,Goyang,59,96068.185,552,117643.48,780,124112.036,844,131793.393,699,34973.244,258
117185932,Gangnam,59,90818.51,298,141214.652,279,178507.899,277,129802.248,306,79871.474,106
117198537,Suseong,59,128511.627,647,150586.658,534,113266.417,342,144999.052,444,60533.05,251
117198838,Guri,59,134006.015,361,285305.701,361,212349.838,364,218145.032,322,129114.209,175
117210784,Seongnam,59,261162.749,733,139479.423,517,218147.05,673,115650.725,457,20750.029,63
117349251,Bucheon,58,122886.377,438,134214.075,414,239301.869,463,189042.064,362,104272.74,189
117379442,Yeongdeungpo,58,109299.443,328,133354.782,318,156603.589,388,186828.577,411,110471.579,196
117606779,Yeongdeungpo,58,114419.58,693,122209.99,638,148694.3,667,141373.587,617,82773.692,354
117608111,Gangnam,58,79712.756,401,231081.696,655,199204.891,621,167419.283,516,26132.654,196
117609221,Guro,58,14618.23,185,11806.417,133,113153.551,357,137725.763,465,58132.969,213
117634055,Bucheon,58,97771.807,1832,142215.518,2126,148510.242,1972,82215.792,1149,36774.673,423
117726475,Nam-gu,58,154994.261,596,110151.095,492,113353.002,456,147261.683,519,89746.56,226
117786701,Goyang,58,103884.488,152,120471.471,181,120353.53,313,185796.885,237,49489.89,108
117827708,Nowon,58,50860.852,396,53911.307,548,67788.273,526,132262.838,691,54178.946,228
117866837,Seongdong,58,84425.762,99,128832.918,108,175217.814,220,265564.826,262,90884.152,104
117925601,Goyang,58,150157.838,578,127128.603,551,128822.272,683,155650.151,637,146052.078,334
117967223,Gwangjin,58,103205.031,780,98808.676,672,128212.797,718,250691.017,666,83756.172,259
117967371,Seocho,58,108191.855,407,102147.821,287,235664.679,429,193670.126,341,45957.798,134
118017358,Gwangjin,58,37255.817,278,116291.335,252,124336.405,427,173293.003,626,70728.745,225
118039724,Gangnam,58,727.4,8,1791.3,16,84603.53,129,136338.639,302,92489.14,171
118082052,Gangnam,58,55439.019,222,75341.899,285,53853.741,184,129390.849,277,28554.163,84
118100699,Gangnam,58,60972.856,448,68336.921,497,81712.608,310,122243.563,385,48586.533,143
118208782,Yangcheon,58,126114.742,835,142346.441,836,150486.049,608,138501.148,912,120459.081,467
118276528,Junggu,58,262906.452,695,249158.868,732,140757.45,493,147772.876,377,23691.155,125
118448354,Bucheon,57,63678.152,408,93601.799,348,69729.384,337,134306.621,344,99575.283,201
118562915,Seocho,57,110294.225,492,231889.391,514,148837.612,503,138426.279,476,66663.313,195
118600701,Gangnam,57,77939.136,575,160763.757,742,175867.805,993,200787.925,812,93757.74,431
118606711,Gangnam,57,72852.297,336,58183.933,296,143969.349,365,132529.956,459,33861.239,166
118837306,Gangnam,57,232960.131,618,190958.844,446,133802.429,264,131463.491,413,37385.852,121
118901287,Gangnam,57,1323,3,0,0,1315.64,20,157868.676,100,42085.134,161
118902749,Siheung,57,25622.722,223,26734.763,284,62508.383,302,127786.216,345,69100.212,160
118914022,Seongnam,57,96419.134,441,115033.329,602,108342.865,471,138656.172,429,112663.164,226
118966531,Yongsan,57,113769.401,359,86674.669,170,133253.39,224,255882.167,329,99817.487,132
119074969,Yangcheon,57,96884.768,820,219126.299,791,136575.284,625,169365.196,431,56365.886,279
119144511,Dongjak,57,172793.934,442,125071.646,329,149304.566,333,173134.716,312,73096.727,273
119205745,Gangnam,57,26673.937,213,57270.904,264,87951.742,215,126104.638,291,75163.145,192
119217724,Yongsan,57,67367.4,610,60493.976,523,113131.983,437,134382.121,482,32416.361,173
119238836,Bucheon,57,100715.591,796,92017.305,677,97351.622,1150,181893.069,546,50737.065,201
119256788,Yeongdeungpo,57,80972.169,525,86701.311,438,120520.323,585,121695.256,573,56588.218,328
119317614,Songpa,57,32458.883,97,58602.467,137,65506.672,146,202202.271,182,89771.792,104
119344645,Junggu,57,33112.356,581,41115.335,606,28407.278,503,145155.874,645,33462.854,297
119366959,Bucheon,57,46510.926,486,76954.971,448,106100.368,478,142620.413,539,122684.738,322
119431116,Gangnam,57,16524.184,116,104134.461,354,92768.073,322,162624.356,433,37490.152,188
119490205,Seongdong,57,109000.625,456,129403.687,453,335745.382,516,237447.596,470,91934.345,172
119552917,Gangnam,57,10768.791,62,87203.412,295,235953.627,313,160406.446,428,182823.437,235
119637251,Gangnam,56,157505.561,227,111491.368,249,138610.142,343,128729.479,339,127602.298,153
119756632,Yeongdeungpo,56,116351.591,275,114279.358,238,148841.232,515,149847.353,381,79274.852,160
119796606,Guro,56,85934.958,496,107691.034,512,117075.493,509,136203.346,483,78609.736,233
119864061,Seongnam,56,122550.043,354,189831.647,286,195452.639,209,306378.22,392,174361.922,205
119949975,Gangnam,56,88221.594,372,75194.409,497,122162.417,380,125093.07,379,97526.57,464
120066909,Bucheon,56,111851.341,1336,141741.429,1091,107903.12,925,136301.579,507,35740.927,169
120103755,Seongnam,56,99969.928,390,157471.655,426,175211.455,380,205238.292,412,45932.042,141
120159615,Busanjin,56,148742.652,195,157297.514,158,120367.107,269,148027.477,300,88631.145,114
120229879,Yangcheon,56,106753.418,457,146241.557,417,131900.605,319,158330.597,339,92772.037,201
120232242,Gangnam,56,63411.506,105,73327.338,100,115489.623,147,172259.569,234,47984.71,89
120279023,Gangnam,56,200798.498,1171,144905.582,1028,155529.975,922,165706.823,885,47098.727,377
120470787,Siheung,56,167888,252,133383.402,349,128532.68,271,139904.114,304,94053.253,185
120481878,Seo-gu,56,94785.155,309,92150.317,325,150130.321,390,227524.302,454,112140.085,266
120499945,Nam-gu,56,102494.978,293,127744.026,292,188630.224,310,248322.84,490,25762.54,80
120511729,Ulju,56,121269.981,506,153046.369,418,180034.287,483,234833.817,450,145903.169,268
120521201,Yongin,56,73900.214,585,177091.432,786,78926.149,546,137085.842,691,27590.09,262
120576975,Gimpo,56,187922.812,661,142452.822,593,162432.879,833,214466.994,826,81685.153,286
120580384,Seongdong,56,49586.434,157,57901.01,208,85531.8,189,158358,197,132611.952,134
120621395,Songpa,56,69549.832,215,81115.383,263,56818.29,195,127029.452,255,33715.28,92
120769192,Seocho,56,113067.551,404,94580.387,635,123581.688,710,121895.834,668,126029.348,400
120843151,Goyang,56,126403.845,355,96729.276,307,145901.071,339,170584.988,269,152238.26,236
120929771,Bucheon,56,105271.177,408,121344.626,458,154823.185,386,113469.304,360,101533.477,171
120980652,Bucheon,55,132587.25,260,155619.004,258,154431.249,295,338356.299,391,159120.012,182
121034309,Bucheon,55,116896.643,490,109401.229,365,115161.606,303,122954.044,298,85791.76,215
121074382,Gangnam,55,83680.59,456,88412.256,374,119134.706,341,126027.129,337,61233.656,203
121210538,Gangdong,55,98151.521,299,85451.228,325,37516.304,151,146535.797,469,64964.362,365
121212487,Goyang,55,82259.026,410,154690.288,487,184710.624,540,174962.565,461,75746.917,225
121277796,Bucheon,55,125085.933,522,116160.124,323,130770.6,395,122230.629,314,37984.404,134
121378245,Gangnam,55,216725.795,470,134542.173,491,207241.452,593,129596.672,629,63883.197,290
121380821,Gangnam,55,75330.67,423,83659.222,394,140689.231,541,122258.364,569,34000.164,282
121464721,Bucheon,55,152899.523,592,243497.269,490,259533.982,468,213264.133,541,118567.539,221
121471763,Nam-gu,55,39182.664,336,56875.534,324,82575.222,404,123507.657,454,57283.199,212
121486928,Goyang,55,103784.132,372,108821.316,338,113909.09,342,149858.963,303,102997.13,125
121584392,Gangnam,55,110970.03,628,125652.834,631,163505.97,622,201421.679,553,104984.084,299
121663913,Gangnam,55,107151.925,388,164908.863,493,128560.955,603,138239.039,610,83144.38,238
121673724,Gangnam,55,130686.2,216,122136.568,132,118202.92,194,255876.329,328,48324.74,101
121707841,Songpa,55,117334.983,745,101739.296,653,267278.496,707,195904.046,582,83606.51,357
121746652,Goyang,55,84818.085,487,91719.756,496,145543.722,946,120137.162,827,82778.334,727
121799694,Songpa,55,118023.24,663,110900.895,584,154707.903,509,296970.039,525,70621.554,151
121906127,Yeongdeungpo,55,85291.856,605,83824.228,537,135534.967,570,132062.649,490,55255.062,263
121943257,Gangnam,55,118835.838,571,172252.763,600,152846.994,668,180907.749,535,129638.59,273
121950155,Goyang,55,110473.678,463,100808.752,337,91252.079,524,126170.622,430,73073.839,274
122052731,Yongsan,55,82361.995,544,75557.702,445,137928.13,339,144154.491,510,80739.588,251
122124088,Gangdong,55,63299.565,526,62681.539,465,97246.355,296,125975.312,346,110093.445,218
122259541,Bucheon,55,85160.9,495,107820.051,447,213911.256,512,127797.1,543,71594.071,278
122314856,Gangseo,55,84054.884,481,72050.561,423,79353.132,296,136675.149,510,59539.19,254
122346901,Seongnam,55,117130.183,312,98298.772,350,112564.631,391,133371.596,328,50102.521,222
122406481,Gangnam,54,85404.543,495,107147.311,523,90031.614,434,129558.032,404,57145.008,170
122512847,Gangnam,54,205471.85,905,176338.562,784,169004.818,605,131144.408,544,62953.704,258
122526931,Seongnam,54,153875.243,977,153536.082,1028,156484.98,953,210910.578,988,130677.377,556
122578797,Seongdong,54,45401.983,225,46534.446,209,91882.444,161,231958.35,220,74138.706,121
122588028,Siheung,54,120035.28,534,121673.857,461,133445.702,453,148666.375,427,67914.705,296
122780247,Yongsan,54,67586.365,683,131929.936,650,164070.368,764,130671.574,548,44424.919,397
122893556,Yangcheon,54,29783.981,231,24713.714,163,125007.23,282,118868.11,374,46880.988,243
122942576,Gangnam,54,96803.666,366,79846.963,256,101529.472,279,147268.48,469,63635.408,202
122948768,Seongnam,54,180069.399,545,161062.928,477,163753.47,472,175472.579,442,57208.092,197
122961977,Gangnam,54,123848.213,524,119084.093,416,122727.526,343,125065.134,358,61721.466,163
122966716,Gangnam,54,91211.029,805,132837.855,779,154990.895,763,196169.677,667,104711.85,340
123262201,Gangnam,54,114936.527,258,116168.592,279,116801.366,271,177360.037,333,65797.603,158
123267663,Buk-gu,54,171839.22,438,198720.042,464,320885.441,512,290039.912,617,130232.293,314
123293044,Nam-gu,54,62598.737,343,55060.18,479,112204.33,578,168629.383,573,67274.131,278
123362613,Seocho,54,54065.007,632,64943.367,464,93946.643,607,129868.007,440,90392.343,150
123368231,Seongnam,54,128069.425,540,165204.436,518,200360.08,473,322439.756,824,123206.155,465
123456287,Seongdong,54,52130.992,287,76886.372,254,104497.455,258,152069.883,363,72121.579,140
123490896,Yangcheon,54,20893.988,313,26763.812,315,66235.931,411,127573.011,406,28631.097,176
123537155,Nam-gu,54,142117.916,337,148197.898,368,82068.806,314,150363.777,407,70017.424,312
123545452,Songpa,54,94973.374,458,121669.647,530,145930.724,643,132433.574,618,59153.521,255
123642994,Seongnam,54,38766.364,227,62470.852,283,62881.73,239,127333.132,345,49221.456,276
123670296,Yangcheon,54,96645.275,161,83034.021,272,88179.297,229,125381.202,143,74574.008,85
123755398,Yangcheon,54,140097.358,583,91967.763,521,128556.907,688,163064.032,592,55688.047,391
123890497,Seo-gu,53,144848.476,547,169654.513,586,161181.332,467,206419.388,615,90549.215,334
123906961,Gyeyang,53,34557.438,218,85502.741,220,112887.873,371,138993.409,348,237049.574,196
123928513,Bucheon,53,102147.195,664,87547.701,524,104398.411,435,130601.993,508,65501.498,193
124164871,Yongsan,53,57019.663,153,88110.257,168,112540.772,265,176320.48,294,108022.898,102
124267331,Seongbuk,53,141037.678,110,30134.374,43,279188.685,87,296398.164,135,236558.61,83
124352145,Gangdong,53,143683.86,633,139891.667,536,140811.667,506,150212.648,511,108212.984,254
124377268,Bupyeong,53,168724.056,431,125236.711,571,110354.04,508,119189.012,457,92147.936,200
124459548,Seongnam,53,203808.846,585,136654.254,529,107875.707,341,110090.546,330,53149.212,169
124495134,Junggu,53,54528.485,365,50586.022,361,48359.475,292,130408.529,426,68420.096,271
124495961,Songpa,53,75478.974,440,74564.704,433,101172.935,444,144243.499,481,91018.886,239
124520431,Gangnam,53,89540.159,298,21963.87,109,91740.042,306,167760.929,499,144901.065,244
124526611,Gangdong,53,31358.387,185,64223.796,249,133360.593,578,278761.835,772,181692.729,336
124550017,Seongnam,53,20842.11,96,40364.173,134,76623.592,248,196884.904,351,58414.993,144
124649091,Yangcheon,53,87138.583,777,67515.951,842,85467.659,668,132202.123,510,20710.649,181
124688399,Yangcheon,53,17345.598,115,14517.335,91,98023.732,217,124501.656,272,24077.27,68
124689757,Gangnam,53,186641.255,626,126274.455,475,122833.316,301,149973.807,370,157147.194,122
124706941,Gangnam,53,136330.023,350,66852.936,261,115644.947,323,160125.956,373,53021.971,204
124718491,Gangnam,53,61369.112,295,56726.601,305,79379.151,439,126088.268,395,54129.115,233
124822229,Gangnam,53,39684.763,549,25755.626,352,134625.814,650,287184.083,648,1254.877,24
124863723,Seongdong,53,123309.984,572,142035.787,392,112757.046,562,130405.736,453,46597.664,192
124868165,Yongsan,53,35200.851,423,104412.469,321,268970.835,704,427287.173,624,79321.5,172
124933201,Gangnam,53,76309.67,209,88141.2,249,141862.501,302,201328.549,442,131673.303,190
124955751,Gangnam,53,59735.362,155,128255.423,288,109319.842,296,136626.909,302,73030.859,170
125212627,Seocho,53,95482.76,392,81216.986,405,119509.477,451,172893.144,574,73123.307,249
125234865,Seocho,53,98967.102,379,101790.97,392,126011.458,476,142250.341,542,112367.599,202
125344187,Gangnam,53,191391.356,347,339746.089,304,152096.385,276,410055.394,369,90878.397,184
125416841,Gangnam,52,62677.438,424,135815.737,233,127614.121,207,161842.898,433,41233.466,152
125448731,Gangnam,52,106926.157,240,258241.129,300,215709.154,310,195443.27,266,54041.182,102
125513332,Gangnam,52,14561.731,121,20114.314,177,45214.919,218,134816.002,274,49368.112,140
125613984,Gangnam,52,82731.947,507,122643.104,455,79413.161,412,159152.143,520,123180.52,154
125687796,Gangnam,52,73404.138,336,67731.321,322,122102.485,413,165971.263,400,54720.97,164
125732541,Gwacheon,52,4521.103,123,6268.94,60,75297.029,145,142848.337,264,74253.09,121
125734421,Gangnam,52,41808.303,190,71172.488,303,128574.115,345,174602.433,461,80067.763,238
125741843,Seongnam,52,0,0,38984.94,264,92643.853,311,161446.876,493,30588.28,180
125908244,Bupyeong,52,223493.247,652,318598.118,698,345871.05,668,399495.327,581,205381.423,294
125949043,Junggu,52,123369.372,193,157647.376,350,188675.374,376,212166.449,380,76262.027,191
126009474,Yangcheon,52,68961.159,412,57015.639,315,136887.227,471,168021.223,477,94650.365,240
126063521,Yongsan,52,57051.747,527,119355.646,395,132285.317,333,118045.073,394,29738.715,155
126089569,Gangnam,52,89546.765,370,71255.931,399,73594.541,350,118819.133,331,53091.986,177
126101838,Seocho,52,83313.685,316,149839.47,260,110573.164,294,184143.096,153,48466.147,70
126155742,Songpa,52,93349.921,413,105359.822,308,176529.76,399,264701.918,447,69960.581,116
126268579,Bucheon,52,142262.491,681,114799.696,543,156737.96,712,196717.436,617,49463.26,219
126274184,Gangnam,52,58737.487,325,92510.565,280,143085.181,356,148631.512,415,35848.911,166
126425892,Gangnam,52,23333.26,127,35213.248,135,62796.89,230,192840.49,284,44273.1,44
126485356,Yangcheon,52,80755.79,617,122908.137,526,136025.44,466,203683.191,411,23178.07,109
126643793,Seongnam,52,87520.98,703,82584.948,504,116110.733,606,126286.94,621,61321.221,286
126901369,Seongdong,51,16610.26,22,25571.336,108,114744.883,278,151823.122,375,48986.154,153
126973156,Gangbuk,51,38002.116,257,71977.017,338,103056.777,475,148665.437,734,66909.853,302
127013426,Nowon,51,139668.724,324,144689.134,262,185371.566,282,139569.527,243,96251.846,157
127053008,Dongdaemun,51,128504.007,732,137934.614,726,181658.331,529,163020.224,353,65737.615,113
127204049,Gangnam,51,91735.804,481,88090.751,427,123909.057,351,237928.567,876,79292.493,342
127344532,Gimpo,51,65578.683,460,36744.698,313,58472.206,416,130826.492,466,66488.7,180
127369956,Songpa,51,0,0,1270.72,13,180982.739,946,159119.135,923,99802.34,397
127371823,Gangnam,51,63512.904,261,52500.207,221,69834.058,250,146685.334,386,21866.799,117
127381844,Seocho,51,0,0,0,0,163693.726,155,191479.502,169,34754.02,46
127406326,Seongnam,51,7168.646,48,78763.462,402,112589.063,459,185189.627,426,31216.017,107
127431514,Yangcheon,51,102865.126,266,102108.908,287,157335.828,387,164961.464,326,75683.85,135
127541297,Yangcheon,51,129200.842,477,55717.757,401,143421.901,508,128512.268,459,46969.512,270
127658247,Gangnam,51,96660.623,567,75615.344,496,156963.265,558,120010.247,521,48507.248,238
127664651,Seongnam,51,97132.027,216,160615.384,244,113756.613,161,125744.11,230,123393.1,28
127719551,Gwangjin,51,56460.015,729,64503.554,831,87687.742,846,123126.348,702,62563.853,329
127915686,Yangcheon,51,123314.639,323,218622.25,368,254253.8,286,293382.87,240,109016.75,95
127942821,Gangnam,51,60363.466,675,85430.397,611,155582.004,533,124456.062,482,53767.69,256
127994159,Seongnam,51,76554.908,497,107175.26,400,97451.471,399,142139.826,454,52665.677,249
128039187,Gwangjin,51,64698.478,297,62492.819,250,96819.982,367,211333.82,528,77572.89,233
128303377,Seongnam,50,64106.332,442,63729.269,466,139100.788,550,166645.689,485,27414.864,150
128560761,Yangcheon,50,22065.183,223,87625.61,213,88372.345,261,160591.811,309,30267.47,159
128566495,Yangcheon,50,178604.694,1076,166483.011,948,198720.671,747,157380.727,542,79890.294,300
128575546,Gangnam,50,267920.243,546,343648.906,497,308675.197,473,164599.666,291,90984.395,182
128628458,Yangcheon,50,112975.349,2937,122486.345,2444,139678.851,2663,151230.603,1973,78145.537,1104
128651465,Seongnam,50,18460.138,140,22730.995,134,49146.805,207,134568.804,327,44230.65,116
128666147,Seocho,50,82547.315,290,122999.968,334,163007.64,168,138296.002,194,94950.35,65
128667007,Songpa,50,81663.683,570,84837.705,463,273825.893,754,296101.782,684,190380.125,346
128682306,Gangnam,50,121712.07,261,154049.551,487,120702.463,378,142677.588,367,50892.597,214
128693091,Guri,50,34544.47,175,33641.43,169,34426.396,172,153066.313,305,50504.15,156
128858009,Yangcheon,50,95116.889,759,114443.268,833,140192.54,842,138861.254,798,47926.942,284
128908183,Seongnam,50,24531.2,175,19881.604,114,8959.804,90,140532.783,388,173985.006,335
128934677,Goyang,50,105560.592,279,124070.676,398,146164.906,373,141840.637,347,121529.242,139
128952428,Paju,50,58993.42,286,135423.33,435,61889.303,475,140099.144,602,74377.608,331
128988961,Gwangmyeong,50,127356.697,176,161513.162,184,122272.778,125,164898.69,256,65359.896,113
129058572,Junggu,50,117929.89,331,172449.076,429,142619.196,312,138542.582,431,50112.535,149
129084304,Gangnam,50,64631.382,482,106533.953,551,86444.094,605,124904.401,557,57495.906,313
129136871,Seongnam,50,101584.792,473,94502.483,485,106749.337,514,134187.88,507,54876.086,229
129173395,Junggu,50,89981.723,605,139939.075,578,130096.272,438,155322.151,469,70354.484,138
129207636,Gangnam,50,98200.668,944,123625.1,1239,112492.354,1045,129691.244,1272,69583.795,595
129305358,Goyang,50,106512.112,264,61560.686,223,88864.355,220,203153.768,320,98160.685,147
129384918,Seongbuk,50,90452.405,394,108027.434,408,77427.82,326,94331.368,399,40118.818,167
129504133,Gangnam,50,137900.736,477,150524.013,488,232634.551,499,159807.525,598,121549.854,268
129610018,Yangcheon,49,135772.009,818,169716.041,1163,179545.796,1176,174292.574,1225,92435.248,655
129713964,Yongsan,49,145371.78,384,153678.758,665,161637.475,399,274029.55,628,196735.566,263
129856771,Yangcheon,49,63419.184,610,64033.854,627,127243.919,621,125940.092,581,37479.036,287
130075021,Gangnam,49,8745.94,112,30242.369,239,84475.042,347,131044.907,423,47272.799,213
130099108,Yongsan,49,118429.725,332,95431.154,342,242278.029,349,135789.875,254,72020.565,107
130148773,Eunpyeong,49,116425.615,486,63221.6,169,89202.16,76,120656.536,236,10151.17,13
130295717,Nam-gu,49,158731.497,517,124889.343,454,121637.636,357,136738.61,325,165537.649,240
130481291,Chungju,49,51719.496,91,54363.028,192,78317.002,252,125095.1,299,61212.7,97
130674093,Seongnam,49,147741.018,905,140117.21,615,109434.339,446,118451.213,537,70929.924,274
130694683,Seongnam,49,141790.344,177,303587.686,218,362677.15,294,393464.114,473,279713.818,158
130733535,Bucheon,49,21458.79,60,35849.31,135,82717.377,239,132148.656,288,49618.714,145
130751628,Seongdong,48,119998.397,260,164784.768,279,153227.466,148,296824.235,215,167382.204,87
130775902,Mapo,48,29998.337,250,46189.911,361,74745.398,423,127958.608,582,47920.286,289
130852159,Yeongdeungpo,48,45262.796,243,30123.809,167,35921.763,186,158268.78,253,108897.506,126
130886833,Gangnam,48,66818.146,427,159684.902,541,111990.749,743,149285.185,731,79404.846,431
130922071,Gangseo,48,18672.876,146,15650.95,212,72622.214,264,130627.506,311,62285.719,194
130963562,Seongnam,48,75562.805,301,109664.397,384,117672.775,404,251382.312,560,117107.456,190
131060108,Seongbuk,48,161190.332,1247,188889.481,1310,145136.194,1626,128715.49,1231,38026.422,500
131255779,Mapo,48,82084.178,268,68637.418,321,109162.34,287,177283.452,329,131933.042,155
131263491,Gangnam,48,214567.422,186,88265.772,112,123336.582,169,382594.578,190,245818.63,133
131348851,Seongnam,48,98341.232,62,224416.246,291,263178.289,342,221149.366,371,576398.356,216
131438207,Junggu,48,149386.126,873,215007.696,880,134746.967,691,162396.732,538,102501.736,308
131465225,Jinju,48,122581.945,297,173782.995,259,293533.892,250,284660.245,292,86949.7,190
131590422,Yongin,48,78035.804,228,75865.214,172,200784.787,409,244944.84,523,72302.716,140
131875646,Seongdong,47,292008.643,589,262109.738,502,208562.39,701,229740.231,891,102576.997,391
131897711,Yangcheon,47,137280.526,687,149692.092,768,178129.816,716,209319.717,751,91103.998,378
132229449,Mapo,47,118961.279,574,106189.601,500,89650.304,429,143430.361,402,44554.281,157
132299839,Seocho,47,90186.19,323,142628.666,399,153322.306,314,148321.136,294,82559.836,122
132314999,Seongnam,47,54726.513,272,95647.6,338,98698.343,392,123516.457,422,45937.081,201
132428958,Nam-gu,47,3439.18,96,2760.904,51,24299.929,112,139434.929,409,6059.758,25
132536017,Yongsan,47,123520.473,388,141573.501,334,203085.706,424,199349.281,339,61553.441,117
132539731,Seongnam,47,154259.343,1209,159959.748,806,285678.108,871,296176.586,739,202556.986,299
132805736,Gangnam,46,24083.757,84,68725.059,264,163772.329,470,204432.681,694,39885.322,165
132809158,Seongnam,46,35123.33,387,45369.24,402,141604.057,352,166696.168,406,123332.558,229
132949931,Yeongdeungpo,46,48775.296,220,34669.644,278,93928.196,314,149926.976,455,51637.64,220
133044874,Gangnam,46,121732.181,83,162265.611,46,107819.8,67,209188.34,69,27926.4,29
133052357,Goyang,46,86830.598,731,114635.35,696,221323.024,653,382512.644,536,194164.407,194
133088051,Goyang,46,95866.112,289,109079.753,259,127814.23,346,165767.5,400,38219.711,123
133145381,Yangcheon,46,197922.59,663,275949.169,626,189908.446,396,269825.968,492,192355.47,361
133754714,Seongnam,45,133733.982,278,124037.098,229,89758.813,278,206205.456,441,130871.154,176
133945641,Gangnam,45,112019.389,861,86581.86,653,110642.971,685,126347.449,525,14552.858,112
134027599,Gangnam,45,127485.11,201,159372.574,214,92441.954,261,173293.7,269,130804.984,171
134141681,Hanam,44,37791.223,217,48068.028,181,65134.467,247,113470.289,307,51816.2,96
134187886,Nowon,44,70685.484,103,98544.117,91,130843.15,60,132457.94,91,78702.301,78
134380482,Yangcheon,44,32104.48,241,69204.058,451,121331.759,461,238644.597,438,45341.544,193
134473041,Gangdong,44,133842.259,568,137105.202,667,155223.126,609,156665.652,612,75923.857,292
134641575,Yongsan,43,159780.176,696,136433.864,608,120739.337,492,226371.647,577,82132.603,145
135028638,Seocho,41,289235.836,415,196125.572,336,174353.367,405,162037.331,424,80310.635,166
135153703,Gangnam,92,142570.045,330,138759.092,219,137385.229,311,160756.24,318,45395.698,132
135299451,Gangnam,85,166026.008,811,139851.306,684,128614.393,473,192153.097,622,59329.457,306
135533883,Gangnam,80,190580.151,602,126929.442,574,174821.592,606,185576.608,638,138497.307,262
135653997,Gangnam,78,119234.775,396,140921.74,378,120758.98,354,137500.211,399,54525.625,208
135796748,Goyang,76,38857.244,92,107881.114,106,264396.39,121,325356.46,235,34284.1,24
135919465,Gangnam,75,57524.819,1160,48787.578,1021,50490.669,858,185913.44,1376,45519.485,611
136405125,Gangnam,70,256808.389,313,128209.664,245,153708.952,247,185545.434,393,51357.663,107
136580711,Nam-gu,69,47156.26,164,50244.358,166,74011.547,172,130337.125,241,59400.175,133
136604898,Songpa,69,171754.824,341,160350.176,275,292417.224,375,574003.787,437,57979.388,64
136671849,Songpa,68,86393.284,594,98594.538,638,118225.548,781,141442.427,791,78095.435,325
137030707,Junggu,66,127216.824,651,126923.424,888,147878.492,918,125286.36,864,74519.543,467
137069429,Bucheon,66,0,0,106780.8,18,173079.923,387,196969.741,415,105769.926,176
137080877,Gangnam,66,301878.814,324,211929.22,342,213347.675,502,207025.403,254,64934.261,126
137097216,Gangdong,66,120037.801,880,108273.259,825,113938.516,821,164527.767,737,137182.505,501
137189351,Gangnam,65,28789.156,353,53495.118,405,137369.662,362,168065.783,406,40124.324,147
137282894,Gangnam,65,0,0,0,0,83849.559,561,317125.814,686,73311.685,277
137392699,Seongdong,64,136509.462,433,126035.73,336,245089.731,324,205630.943,452,93195.477,105
137813648,Seongdong,62,108445.203,485,126566.934,760,145375.535,608,255602.898,675,243267.352,260
138005306,Cheongju,61,373.77,5,154076.35,540,231477.51,613,91809.701,593,41098.01,257
138251953,Gangnam,59,38543.412,540,56346.195,355,293753.184,541,321017.906,809,102818.172,328
138252541,Yongsan,59,95744.956,393,160062.497,628,184775.133,568,135661.496,710,64070.324,395
138262609,Guri,59,177472.535,421,155731.8,378,166698.121,380,189504.136,358,149757.388,186
138438684,Yangcheon,57,0,0,227690.225,369,134160.33,578,137418.082,895,131236.799,360
138546947,Seongbuk,57,51985.571,453,56784.037,380,98464.528,297,136271.9,234,16917.904,75
138647584,Gangnam,56,134271.275,697,107535.574,377,160506.928,475,158108.704,511,77834.018,226
138718024,Gangnam,55,182230.083,656,108743.992,370,106188.153,652,140811.166,376,13777.143,163
138743266,Goyang,55,17790.4,74,59968.176,174,106906.96,247,169079.944,370,16297.846,71
138790874,Suseong,55,178102.746,636,140338.827,517,185409.204,646,276704.3,596,120638.905,302
139084406,Yeonsu,52,16054.27,39,14852.66,49,45249.432,119,162528.078,425,77708.074,205
139094925,Seongdong,52,148420.498,802,131975.583,595,145245.361,504,285605.395,701,136357.301,368
139271124,Junggu,49,72891.897,201,109065.68,241,246918.627,238,194656.187,262,51552.366,100
139336896,Gangnam,47,106825.223,704,134195.298,823,229129.17,1112,186127.723,713,127777.333,384
139342458,Gangnam,46,64341.167,281,326189.501,341,128977.033,308,128302.508,385,29248.765,217
139503033,Gangseo,41,0,0,0,0,113494.909,220,138433.52,376,44256.501,184
142393695,Goyang,53,64842.047,362,71705.721,309,93157.828,355,156753.081,375,74319.217,227
142411201,Goyang,58,122489.401,617,195725.179,528,190381.765,484,131035.819,492,23576.369,127
142420802,Yongsan,56,71816.272,462,109757.384,534,115569.207,457,128673.822,363,46320.15,152
143489268,Geumjeong,76,192568.749,519,260231.062,494,356154.554,471,362165.37,690,231872.981,389
143513911,Gangnam,54,143341.91,480,127387.326,482,238898.63,617,272300.859,536,156805.323,233
143631003,Seongdong,65,59640.28,124,97989.465,179,165337.245,282,135511.915,325,54618.752,167
150279435,Bucheon,51,100291.181,553,94137.966,484,161694.717,625,128457.746,485,83736.013,246
150306401,Gangnam,63,178457.341,405,112622.276,482,117409.929,459,149472.269,424,42488.008,181
150374322,Yongsan,54,134939.739,397,242853.486,318,256037.146,369,147626.854,320,65635.278,152
150395932,Gangdong,38,31332.536,1641,36000.005,1172,115361.547,1679,187516.06,2039,42956.883,718
150396649,Yongsan,61,87551.893,410,115863.565,376,80141.195,398,135738.154,440,38367.432,136
700002321,Songpa,63,29435.575,244,102640.286,250,202092.991,89,218401.175,163,194700.248,149
700207671,Yongin,58,0,0,4062.964,21,91908.06,174,132343.356,255,70577.073,172
700213532,Gangnam,67,58905.992,244,69282.736,240,58125.202,204,135119.947,264,125192.854,125
700252527,Gangnam,49,63501.522,297,113429.143,262,141416.782,257,152537.615,455,131253.957,230
700347141,Gangnam,62,118602.457,398,138257.222,369,106114.639,310,199249.089,437,164239.291,171
700360521,Seongnam,38,133280.322,229,265545.894,479,185522.371,534,126844.108,400,34711.267,95
700487271,Eunpyeong,43,971802.77,322,1001067.18,311,1232467.321,371,1352391.544,475,685539.579,269
700539778,Sasang,77,162409.048,330,138217.322,392,146822.237,325,157833.61,481,97106.36,260
700610365,Gwangmyeong,61,261561.656,436,153123.691,320,295583.659,289,211160.545,272,120086.238,78
700615628,Seongnam,45,58035.41,248,23599.201,168,56261.723,238,109357.747,543,64468.138,245
700641717,Yangcheon,42,4512.75,65,4282.84,71,9672.3,57,212783.199,328,138690.643,130
700972535,Seongbuk,49,39636.615,245,46293.936,224,124524.599,463,336303.196,378,120732.594,282
700984408,Gangseo,59,91768.095,562,133548.582,648,232922.079,693,153518.964,674,74823.069,319
701000237,Yeongdeungpo,59,66.9,5,1665.18,48,32982.024,262,131456.152,360,127046.212,220
701015289,Bucheon,59,88650.194,634,92243.696,568,101296.767,561,197237.305,559,50261.808,292
701086303,Gangnam,46,76561.926,247,76717.068,255,131372.581,331,128627.249,330,74161.66,170
701173746,Songpa,41,80720.97,228,86478.45,248,108545.227,320,140091.939,325,91711.747,220
701210809,Gangnam,57,163190.722,358,193332.915,528,260550.484,576,137332.038,533,85854.875,260
701224321,Yangcheon,64,126334.956,591,107814.191,455,110056.719,510,136711.561,539,86324.819,312
701305919,Gangnam,47,314383.331,282,274173.417,402,668384.421,344,420114.037,263,257425.15,85
701339638,Mapo,52,0,0,0,0,0,0,133067.889,204,52652.851,202
701606637,Bucheon,56,219716.514,543,181807.198,314,165713.364,354,182870.304,401,80693.717,198
701740731,Yeongdeungpo,44,0,0,0,0,35389.052,314,104900.085,553,79397.04,190
701894705,Bucheon,55,124555.517,451,109157.082,381,187272.073,416,191162.65,413,80690.19,174
702207988,Siheung,62,136135.192,439,134848.585,444,131297.728,364,134662.835,379,32263.709,179
702294461,Yeongdeungpo,54,80007.89,182,38485.23,112,84798.33,221,143932.12,273,135009.8,220
702442767,Seongnam,44,109319.76,684,93175.462,480,147963.438,620,163151.029,651,50234.274,215
702533671,Gangnam,53,60823.811,217,81540.57,219,105391.724,297,210573.193,343,49365.993,230
702677349,Yongin,59,188288.825,416,108015.97,369,117310.655,283,192573.944,301,119654.385,156
702737672,Hanam,42,0,0,0,0,0,0,308785.795,3,111515.282,20
702781973,Gangnam,68,84184.552,230,18269.572,65,619.804,11,217491.979,457,39845.442,195
702816595,Seongdong,67,163274.795,540,228923.618,532,184417.175,469,186804.229,451,88319.812,189
702935228,Goyang,42,122335.191,227,68939.203,221,93791.647,229,150111.349,341,68634.313,230
702947915,Junggu,44,124854.591,330,113644.574,278,114564.907,288,148909.984,363,64605.506,166
703161235,Gangnam,38,87832.757,243,90128.278,169,131473.983,306,296128.94,311,20492.42,31
703279641,Yangcheon,48,93384.691,986,86565.691,559,117964.663,567,132430.777,629,55830.971,432
703339357,Seongnam,50,96995.424,349,133325.208,506,167418.125,401,139139.168,390,45569.373,196
703392709,Yangcheon,44,114994.97,670,93747.149,464,60614.443,261,123040.637,421,84356.68,219
703430863,Yangcheon,40,59990.413,777,88126.343,472,121592.303,391,166403.259,637,124125.091,286
703613072,Yongsan,64,178771.457,901,263120.289,956,198246.5,659,213681.624,674,99204.978,228
703683801,Suwon,49,111354.133,386,135553.562,356,100234.195,385,152590.537,514,43210.231,194
703711418,Gangnam,55,62816.031,608,81851.892,666,100810.54,576,125366.581,568,91895.698,318
703854946,Yangcheon,61,64100.291,877,62164.774,622,64827.818,660,149228.276,701,32780.376,358
703870109,Seongdong,78,130991.869,792,80086.092,830,114807.191,889,140668.739,844,34033.892,266
704050581,Gangnam,51,69974.701,591,115374.076,621,122637.03,646,123238.732,607,67191.31,235
704229196,Seocho,47,241301.54,411,172019.619,349,170002.352,452,156396.993,538,64623.673,206
704353568,Gangnam,50,107617.147,432,105822.31,465,119036.102,439,216295.86,405,108934.849,154
704378901,Seocho,44,119319.542,205,82264.564,156,86959.659,219,124826.736,323,66308.83,130
704432766,Seocho,44,87532.053,657,54898.744,612,72789.699,501,126858.931,524,49116.744,273
704543762,Gangnam,52,60054.845,292,88274.876,459,144413.157,578,174540.355,580,143440.873,318
704682318,Bucheon,67,158729.121,900,123913.109,653,116954.772,783,127394.727,710,43803.845,289
704721057,Gangnam,59,63604.965,256,94747.43,405,102958.023,448,126213.749,490,36032.678,236
704821511,Bucheon,61,130978.718,749,134114.842,714,109631.882,662,137762.896,819,71124.346,332
704896145,Gwangjin,64,121932.236,373,88977.633,241,129376.375,262,125401.084,324,94536.722,144
704915786,Gangnam,45,69962.904,379,61748.414,340,29082.9,182,126849.989,282,44544.014,119
704995764,Seongbuk,66,78007.721,157,101161.101,270,111521.157,404,137543.771,649,59819.883,516
705151931,Eunpyeong,53,60514.626,387,70202.006,393,63144.78,282,124222.233,324,28762.876,198
705325072,Bupyeong,55,65389.271,348,66237.692,368,68521.116,475,139981.419,594,40490.631,218
705328101,Gangseo,50,165588.106,354,215240.916,303,318127.112,493,355895.605,657,166841.726,343
705438131,Seongnam,48,108489.886,353,111109.235,347,134539.89,455,178303.851,435,80371.69,216
705492391,Gangnam,50,70036.728,472,63407.871,378,92095.464,457,124891.379,465,79138.292,236
705530996,Eunpyeong,54,59962.877,110,61174.805,182,115590.916,242,133049.592,261,45818.337,104
705593663,Gangnam,41,90605.169,501,93162.954,550,103714.834,517,150866.191,600,31201.87,244
705595271,Gangnam,60,109328.703,344,147996.576,465,114178.728,462,241269.968,483,56351.217,185
705859185,Yeongdeungpo,61,333592.268,574,300669.355,587,288134.466,598,345909.628,586,84462.691,185
706147785,Gangdong,64,43840.441,291,56429.744,269,52420.971,331,160584.395,309,27949.424,184
706164572,Songpa,54,80174.028,332,34925.978,245,76299.081,314,141074.957,405,63227.016,172
706195376,Gangnam,42,127009.131,618,120192.854,556,128208.742,420,141055.334,487,42424.723,144
706400451,Yangcheon,45,140798.44,357,146197.471,332,115093.208,451,123498.078,357,113677.931,191
706401863,Junggu,49,85547.796,441,92142.676,410,146877.384,393,299965.688,468,80546.918,210
706417173,Mapo,53,110485.322,254,166129.999,444,137663.572,397,182924.803,560,77509.911,267
706681781,Seongnam,45,87646.879,550,134507.323,426,117464.238,416,173878.532,610,46503.658,265
706722491,Songpa,47,107231.153,298,149227.21,308,101352.409,275,143783.678,361,37563.516,153
706812321,Seongdong,46,141616.099,670,131522.847,637,162422.169,384,245494.721,582,57286.76,190
706973392,Seocho,66,68775.251,494,78389.122,453,61470.668,299,123985.253,448,29467.026,159
707062401,Yangcheon,65,156669.61,1184,134659.56,1086,173731.997,1059,156837.576,911,70787.614,403
707147391,Gangnam,60,95520.556,292,209308.818,397,309174.766,340,175962.598,305,42105.736,117
707279678,Songpa,43,21609.92,115,36015.592,115,121176.934,270,432827.425,475,76381.56,216
707460201,Yongin,41,19901.35,133,101169.065,201,104357.87,300,170403.144,330,26816.22,143
707495831,Seongnam,52,47428.11,157,59062.75,133,97863.71,215,171127.126,292,140693.69,173
707540682,Seo-gu,54,46135.239,209,355807.303,365,139477.566,83,186180.83,223,57137.65,96
707549523,Yangcheon,46,65689.15,238,35358.824,139,65277.851,154,144623.108,240,79703.819,238
707862456,Paju,42,176064.993,607,37494.598,284,171446.279,311,180429.013,306,96576.766,162
707879109,Gimpo,61,59164.987,374,68687.607,357,121527.609,467,159201.898,611,78472.635,287
707934182,Gangseo,46,291932,404,258825.208,345,280375.883,333,289343.432,321,141391.061,161
708005388,Seocho,60,33842.832,319,31198.979,394,54540.741,520,127798.058,588,50925.39,203
708083642,Anyang,47,118903.628,892,141201.786,1075,218843.026,1411,116769.963,743,115359.285,398
708087365,Anyang,67,103895.326,348,103403.74,289,108610.927,329,217000.057,385,111046.604,191
708203251,Pohang,39,112660.808,327,82598.922,273,119130.963,267,167032.385,311,81354.03,88
708297166,Gwangjin,42,48274.38,130,77357.454,214,107189.485,415,161593.948,598,131976.998,274
708366707,Gwangjin,48,4231.879,42,55230.024,106,117807.152,289,140210.609,393,73226.247,200
708425541,Bucheon,54,83611.576,470,60145.54,249,71404.701,266,133537.503,418,74479.79,177
708462761,Yangju,42,168706.718,629,118657.437,676,140676.02,331,239343.996,644,39457.644,227
708550434,Songpa,47,209305.665,666,212258.894,377,166855.761,140,471754.902,346,244050.896,98
708885956,Gangseo,42,106231.974,438,83935.424,404,85677.079,379,126216.487,411,46370.805,193
708947869,Gangnam,42,125876.295,363,140211.143,372,147001.058,340,249127.017,478,127363.148,274
709015551,Gangbuk,41,0,0,13866,5,26117,33,123266,117,27949.98,37
709913454,Bucheon,56,94637.989,426,119861.558,471,155016.814,528,141982.2,446,98557.778,216
709927157,Gangnam,52,134981.402,501,80866.688,364,53914.892,221,142997.211,406,83223.742,183
709946911,Suseong,60,142121.298,604,106274.363,466,182194.058,360,106872.544,349,33144.669,159
709988888,Gangnam,50,97215.476,294,88285.343,286,123041.634,224,156528.642,450,111640.952,190
709990138,Gangnam,63,324236.014,283,218075.198,259,235947.822,249,355435.087,242,143349.61,128
710046541,Yongsan,42,48606.768,318,93280.06,302,70599.918,190,229277.638,174,18558.331,38
710627163,Gangnam,63,404019.434,482,276396.797,555,531555.45,563,715596.035,627,140549.846,237
710689165,Goyang,44,10637.38,3,8699.52,5,97591.57,37,195749.27,79,154953.47,80
710691907,Seongnam,58,84887.163,439,52234.498,343,60589.673,316,220700.892,321,125211.552,190
710851911,Yongsan,43,211474.662,53,214923.2,165,158949.16,152,198652.019,207,120001.1,95
710959729,Seongdong,45,4487.155,125,15195.366,245,57825.55,254,187559.618,318,88435.695,132
711313196,Gangnam,67,190587.898,1148,192336.455,1014,230384.442,1003,323351.932,1182,162723.798,452
711382945,Goyang,67,122556.379,666,121609.624,457,138193.491,365,125133.076,318,29356.404,109
711521743,Seocho,53,155304.999,452,111812.819,503,133210.895,495,236172.794,472,175232.963,335
711660251,Seongnam,40,71503.006,645,69522.113,460,146220.92,462,136640.95,676,103656.496,307
711805085,Bucheon,49,113093.777,397,142958.007,348,143461.795,406,130030.974,421,82054.995,210
711878479,Yangcheon,40,76184.451,899,121335.675,935,104196.542,1128,162165.845,1141,75121.362,569
711950061,Gangnam,44,5090.748,38,72482.95,51,254136.98,242,572038.821,436,168417.541,146
712056031,Gangnam,61,147890.418,399,170439.947,448,174119.761,461,248876.633,538,165919.052,191
712085661,Gangdong,62,65881.202,363,22336.241,130,68851.013,297,111819.464,505,70787.572,254
712208141,Songpa,49,2285.697,23,3611.818,33,46038.808,243,129349.106,546,34988.35,164
712501583,Goyang,48,17480.998,76,36046.031,179,109492.627,351,149532.992,363,29073.208,67
712569357,Seocho,47,87183.6,302,91020.558,226,89345.867,163,196559.572,372,132463.398,249
712632396,Yangcheon,48,113535.495,575,141358.417,477,96591.178,435,142619.986,407,75499.667,256
712704251,Yeongdeungpo,58,126720.296,413,126572.098,500,137524.963,630,209533.053,577,58022.179,345
712809341,Yangcheon,44,76302.529,509,65412.781,463,134501.133,524,126026.421,552,56651.836,319
713217296,Bucheon,59,109107.307,587,80988.746,611,136334.98,654,160881.536,680,148033.83,315
713294017,Seo-gu,45,74543.181,652,67447.306,584,114756.087,523,204225.284,820,112784.022,299
713294032,Pyeongchang,54,17068.698,67,129760.434,172,95262.382,255,134874.91,343,37847.53,185
713318347,Gangnam,51,81230.683,521,100760.439,433,180142.236,416,128389.34,361,14423.742,85
713388793,Goyang,45,13159.08,64,59138.072,184,97359.962,296,125272.815,283,66833.42,187
713436189,Mapo,47,1006865.57,348,615538.163,317,1202710.548,363,1949603.325,322,192759.236,115
713808999,Goyang,61,139140.076,438,97323.811,286,124027.305,331,150983.971,405,128053.353,269
714064056,Paju,52,37256.797,341,57195.319,245,96599.852,363,168570.219,421,60295.056,236
714103174,Yangcheon,43,51787.146,231,91910.583,282,90975.641,288,138319.66,396,46940.17,158
714113693,Seongnam,53,55587.394,277,115701.774,347,147488.654,516,145144.674,520,61370.144,181
714305267,Hanam,44,189734.269,521,155128.695,397,114078.023,373,195490.65,321,144061.52,194
714435261,Goyang,42,81.299,3,155704.194,659,237005.174,635,265844.271,582,79999.918,297
714497521,Songpa,45,119122.921,1015,157478.36,909,128753.51,1028,345836.99,1308,127027.48,819
714671501,Yangcheon,51,113057.052,582,104226.031,598,104936.556,724,125968.503,590,60962.844,142
714679275,Seo-gu,51,98049.176,380,116228.581,398,145476.923,425,135065.475,413,69775.48,153
714832168,Guro,61,102832.701,556,100295.252,419,137144.851,524,120273.92,636,55580.194,360
714889587,Seocho,54,271533.963,789,302625.349,726,342525.617,807,383069.97,892,117776.846,371
714903501,Guro,49,75614.01,280,122232.311,385,121541.565,510,125291.184,477,16198.255,169
714903526,Goyang,44,328917.03,99,559801.7,50,556368,34,347334.108,38,333661.5,28
714945044,Seongbuk,45,2164.182,73,318.4,10,801.56,37,122524.55,121,13526,14
715151784,Yongin,50,120346.289,291,117960.481,410,126401.61,424,122804.481,365,41662.011,203
715385829,Goyang,50,5913.726,23,137804.492,221,229731.698,257,259154.71,264,59984.9,58
715437361,Gangnam,70,101567.837,624,118689.389,597,78348.057,614,135434.532,621,42655.898,370
715497726,Gimpo,56,92159.907,320,100970.746,326,138102.866,417,164360.392,331,56495.92,115
716006975,Namyangju,41,29011.32,235,89753.522,225,150512.35,295,206842.75,330,31698.3,62
716051393,Seongnam,64,161135.002,407,233173.224,497,147768.841,404,258779.326,477,105975.436,245
716295327,Seongbuk,50,68948.9,137,232335.75,223,228333.308,288,173478.65,430,56757.61,179
716517401,Goyang,68,180076.048,343,100545.449,441,128018.401,464,163589.606,465,103294.314,238
716611151,Goyang,50,117170.652,435,70966.805,265,81091.234,221,126918.741,453,86695.437,268
716856146,Gimpo,57,33135.98,59,55748.464,100,53604.53,106,146245.687,211,66276.148,107
716984817,Yangcheon,55,85413.322,227,68683.023,183,123201.891,292,177483.408,369,103255.982,244
717097741,Goyang,64,60733.736,506,87932.426,552,142457.917,453,182100.732,566,64150.257,349
717413913,Seongnam,48,19892.391,42,8297,19,26257.97,96,143938.343,305,30959.119,153
717520413,Goyang,43,13515.98,75,8531.3,79,93305.07,79,136296.305,159,31343.2,72
717557409,Suseong,63,114685.231,489,153365.121,647,127033.062,584,123179.267,333,92573.319,219
717720081,Bupyeong,55,38559.456,452,53418.05,319,81941.527,389,127558.205,403,89520.389,267
717798271,Suseong,64,42745.67,62,16961.819,95,31878.28,172,120940.642,266,58329.59,78
717811647,Seodaemun,53,44758.098,372,145601.801,475,113604.386,595,207019.729,581,53562.478,281
717860076,Suseong,50,99884.268,230,147525.682,424,95239.934,343,163261.927,308,119508.065,148
717990129,Seongnam,38,208646.438,494,296015.424,634,351860.373,504,262563.53,396,181513.473,236
718057592,Seongbuk,47,60.01,1,465.53,6,515.4,7,161888.1,13,125149.804,86
718547586,Gangnam,40,61517.103,510,106566.173,355,134926.654,477,183792.165,410,124030.402,233
718550313,Yangcheon,50,153673.782,762,134110.673,628,130538.356,568,127997.923,504,56153.406,294
718780275,Goyang,51,93193.249,324,80250.495,410,165037.517,289,298446.611,520,78090.231,212
719341659,Seocho,51,76349.67,206,69989.725,141,49580.529,114,207141.668,140,71019.357,111
719439643,Guro,64,239484.999,776,224044.054,748,297557.547,821,329761.049,680,169497.656,377
720281813,Jongno,67,79583.295,577,88827.078,470,114807.993,321,130526.298,419,59111.62,175
720441781,Goyang,42,98332.33,423,123694.545,303,125607.211,440,133320.667,333,109542.534,211
720567938,Suseong,61,218259.958,340,164261.512,345,124243.941,347,146066.528,339,175577.1,162
720785581,Haeundae,53,128884.916,151,95031.3,70,198841.331,131,94059.984,172,29564.219,71
720952021,Dalseo,74,150962.55,529,130409.597,356,148932,405,163780.92,361,82000.185,262
720953461,Gangnam,40,206761.925,609,177529.497,498,143770.513,468,212143.285,621,184708.911,268
721273357,Gangnam,50,167114.184,1174,152940.37,1127,150512.059,1014,158763.194,794,73462.106,309
721291231,Junggu,43,39286.389,282,85990.464,188,145456.761,217,151501.332,435,55109.959,259
721301055,Suseong,47,166663.398,415,159746.375,475,120051.376,405,157636.744,553,73946.09,271
721386428,Dalseo,63,172197.255,461,139796.369,226,258055.594,238,202642.652,293,188476.93,194
721730353,Bucheon,58,190242.223,548,139043.095,393,141202.301,475,179042.981,446,193622.921,314
721837182,Goyang,42,73653.47,216,58194.026,180,107682.562,274,153819.996,410,123684.246,241
721913569,Dalseo,53,196705.47,1275,131603.732,1024,154718.469,622,121926.667,505,65692.3,248
721985369,Seongbuk,64,74121.921,604,77518.08,554,90076.294,615,125313.538,613,104512.522,301
722304896,Gangseo,42,155187,162,118068,106,344769.2,238,360741.814,334,140422,121
722379411,Suseong,50,127031.377,212,183711.623,248,164237.98,235,248333.248,239,91819.244,124
722490696,Seo-gu,56,47306.176,143,51734.595,196,89201.622,175,124339.208,251,33249.341,94
722529184,Dong-gu,42,736.8,15,101989.325,165,295228.727,156,440477.032,329,160826.58,87
722539361,Gangnam,48,55776.036,358,77527.513,300,114117.596,245,165480.637,411,77798.367,155
722586309,Suseong,65,98941.294,288,125171.283,275,135374.365,230,141734.723,261,29878.44,92
722614533,Suseong,57,59757.176,230,89320.223,432,104342.8,365,136369.294,394,28416.91,132
722622571,Suseong,67,120855.704,648,108650.828,457,103873.807,618,125658.58,646,58566.225,430
722655897,Suseong,54,187743.829,376,222404.702,439,239838.138,395,174004.73,345,73409.583,138
722672881,Dalseo,49,164755.856,205,153673.17,142,196004.907,301,168459.94,299,114616.96,139
722711382,Suseong,66,48051.128,323,90043.078,359,77457.99,395,181219.089,478,63906.741,187
722717232,Suseong,76,127519.974,478,177766.183,366,132965.707,451,214616.914,651,65009.12,328
722824804,Junggu,68,92196.623,563,92198.103,516,120199.003,531,132269.343,529,48949.666,234
722909605,Nam-gu,67,121005.579,423,123737.286,425,140786.588,526,184044.749,464,77795.86,255
722970355,Guro,40,8482.27,239,3750.894,100,48325.01,397,123056.553,636,29306.719,251
723099316,Pohang,50,28571.67,490,63534.346,541,93832.186,591,128023.479,477,41597.615,160
723115806,Gwangju,36,4383.96,34,84656.8,97,161979.079,645,127140.721,609,7785.649,172
723144717,Paju,51,115059.563,380,264796.371,366,254373.545,358,217967.676,343,90123.405,177
723186301,Dalseong,65,69792.376,254,120503.884,272,129692.625,323,133972.896,299,106513.716,163
723269671,Gangnam,45,6044.881,104,2662.002,62,73519.587,745,581624.275,1097,21578.3,102
723305391,Bucheon,38,55146.863,353,83516.757,474,128775.262,556,136054.133,394,64133.967,139
723442732,Buk-gu,77,145913.587,665,119197.472,765,152313.389,661,144535.448,508,123366.421,327
723461321,Yangcheon,61,139451.802,374,112938.183,330,106298.639,348,262722.047,512,149610.583,313
723494059,Seocho,39,56961.049,158,64988.027,269,69242.599,260,149749.295,412,150308.797,232
723612923,Yangcheon,37,0,0,0,0,4907.248,29,200244.965,166,25791.229,97
723751291,Yangcheon,39,82377.384,614,103670.893,619,103293.899,608,127134.442,561,47558.932,341
723855295,Suseong,62,43436.908,444,117139.181,864,88992.089,765,135455.522,866,50999.383,366
724002403,Songpa,48,13673.075,124,43951.195,139,102902.33,296,164459.962,371,49766.698,50
724095209,Cheongju,61,65104.409,756,79038.948,786,92194.642,770,126013.128,768,49865.436,433
724907881,Dalseo,56,74508.56,163,119239.483,178,188829.295,302,173980.703,453,83273.071,266
724991277,Nowon,43,0,0,0,0,191249.87,159,124121.05,103,77489.6,59
725079818,Seongdong,56,0,0,5.1,1,166.6,5,555708.1,19,601.7,15
725518117,Seongnam,45,346429.376,608,146431.519,279,150788.96,324,258367.86,270,245358.476,140
725554108,Guro,52,69433.83,696,87912.379,686,78149.988,726,132431.56,679,135683.66,337
725648271,Goyang,40,9868.9,75,8989.395,46,45617.403,74,124001.073,210,5217.1,39
725670267,Yangcheon,53,65039.211,416,59480.543,404,150306.983,434,131366.634,625,102990.235,194
726073471,Nam-gu,37,127561.443,274,111311.617,403,153449.891,493,178133.391,512,96558.223,269
726346407,Gangnam,61,21005.41,103,73756.323,191,71330.771,234,181713.647,344,56898.745,135
726377411,Gangnam,44,144239.085,608,175458.918,545,231571.33,553,175268.781,545,249516.735,284
726873221,Cheongju,57,36223.34,240,45737.05,206,98452.88,275,135298,415,36996.15,163
726890123,Cheongju,59,12114.39,150,13464.69,202,15610.35,276,152403.26,349,111294.1,181
727133081,Cheongju,53,108289.171,264,149787.288,581,150908.113,431,138273.997,440,51535.52,294
727328168,Daedeok,36,77070.41,144,129521.793,234,141415.937,293,149126.822,286,54596.562,168
727386644,Suseong,69,46676.618,238,51823.399,209,48972.097,209,132284.18,277,26765.153,120
727512246,Nam-gu,55,142028.926,643,158031.171,562,177153.502,591,208494.532,505,207263.13,303
727556291,Cheongju,60,155730.884,312,97774.195,278,113220.267,302,188013.737,315,205620.697,134
727557201,Cheongju,69,146195.11,525,119032.35,409,126242.692,477,123614.875,591,69670.61,321
727702091,Goyang,59,134725.608,265,118667.257,225,168349.863,228,263485.48,293,105699.7,153
727724858,Gangnam,44,82878.896,591,108127.33,560,121493.858,494,133397.867,500,67882.937,226
727889819,Seocho,39,0,0,0,0,128492.18,206,340546.688,534,202045.185,292
727981007,Gangnam,47,155699.172,359,179832.462,391,285257.557,453,259165.417,372,101383.227,140
728098989,Cheongju,54,88008.49,119,123141.7,207,141402.5,223,150263.17,276,90063.69,195
728199981,Cheongju,46,31494.874,303,136039.941,623,185760.541,849,149045.999,833,75184.315,397
728322638,Seongnam,39,0,0,4889.68,55,10392.009,89,144770.024,258,118341.01,147
728423745,Seongnam,50,13889.296,43,35828.729,48,172547.086,281,156974.523,548,7454.099,114
728919015,Cheongju,53,278257.85,480,206160.92,275,284060.484,217,184614.3,74,82838.921,53
728977755,Gangnam,35,132768.668,395,138807.913,487,160564.467,605,196980.887,485,178801.615,378
729112533,Gangnam,62,210977.767,528,126494.168,427,136378.7,406,233727.964,335,288007.126,188
729112953,Goyang,51,107166.886,292,234571.415,385,123886.697,272,244700.932,352,60482.341,136
729253458,Seocho,53,112849.451,406,104377.119,356,150733.179,347,184045.864,389,63030.298,165
729295223,Paju,44,31310.97,173,37118.26,117,58885.21,116,206993.516,422,101015.676,183
729315304,Gimpo,41,63494.24,152,67899.428,286,138391.205,398,127023.578,475,67562.259,291
729386727,Seongnam,43,197024.168,764,428081.621,724,472170.5,535,301079.137,647,185723.317,188
729423993,Cheongju,64,65315.66,255,51860.093,347,113628.613,365,145518.379,312,7892.153,50
729711158,Cheongju,37,144804.55,184,103586.03,208,123930.7,157,191742.42,205,63914.1,79
729830921,Gwangju,43,97764.433,166,120568.223,223,165174.353,287,137545.238,305,8230.678,41
729977213,Siheung,44,210619.45,316,121363.74,284,207898.68,373,123370.49,157,119624.9,222
730365919,Goyang,58,51670.433,400,48759.365,578,72630.054,386,130211.207,435,21897.21,326
730546551,Seongnam,62,70878.024,203,121951.934,273,144498.1,306,159624.759,506,69107.335,232
730625894,Gimpo,55,2910.7,32,10093.48,50,50266.96,126,162255.798,275,92521.277,182
730685358,Junggu,43,1478.719,40,494.27,23,2360.15,40,140506.34,150,883,5
730706121,Gangnam,64,117269.482,376,145620.306,467,115793.538,541,214102.134,509,141375.772,202
730816463,Gangnam,47,57002.549,528,70670.099,486,83718.086,552,127967.75,742,72825.714,315
730910096,Suseong,49,155900.537,516,152831.71,359,228728.884,437,373230.112,540,129527.055,256
731322529,Nam-gu,48,63042.8,336,89844.138,321,154250.118,336,202404.734,366,89102.739,166
731446249,Paju,75,13935.801,133,19011.974,82,57406.4,272,128054.936,373,83073.171,206
731496811,Seongnam,34,0,0,77478.081,212,116579.415,195,171217.43,379,65822.452,339
731513076,Goyang,36,71445.28,477,140401.316,503,215866.086,548,338179.847,521,92790.73,144
731551655,Gangnam,52,85413.115,201,99226.853,274,115129.741,237,165844.896,280,154339.906,113
731997424,Seongdong,53,109717.689,323,178804.07,358,207786.394,428,232414.534,449,109739.232,220
732040923,Gangnam,52,81807.611,279,64101.47,421,59572.324,391,150105.739,366,5761.422,65
732133198,Yangcheon,61,97937.366,433,88428.547,445,121351.26,464,127592.34,492,42926.113,158
732163558,Gangnam,60,265078.08,316,238997.822,327,259118.336,327,196011.726,550,88160.042,266
732244047,Seo-gu,58,73675.649,72,108885.627,149,135523.265,278,310548.792,376,62927.381,140
732247878,Suseong,72,8797.966,55,6147.57,24,2122.35,21,138113.18,145,84176.615,195
732276512,Nam-gu,52,24238.066,124,39895.451,155,55396.426,148,156137.609,316,30087.93,54
732355407,Songpa,44,35696.663,177,60387.011,319,121793.612,356,164930.199,375,34243.523,124
732518979,Suseong,45,64798.048,219,62443.677,130,81570.69,205,125405.44,216,34382.61,132
732520075,Suseong,54,188783.597,474,249831.93,387,109566.523,476,180968.308,441,67709.53,251
732554211,Yongsan,52,157.45,4,108,1,206341.28,273,229613.47,269,86934.706,94
732642814,Yangcheon,69,133936.912,600,113078.813,597,133196.261,398,106083.086,348,91372.134,322
732681915,Seocho,44,29955.183,230,57831.52,87,220090.091,173,802919.37,341,300283.77,101
732699161,Seongnam,52,132252.436,290,318708.521,344,251213.972,381,207976.276,470,48072.131,135
732702091,Junggu,45,23706.023,143,83419.685,316,123080.901,165,244624.14,221,43256.04,64
732704636,Seocho,42,10526.802,271,17179.298,345,94393.83,727,143617.824,765,107027.167,424
732827455,Gangnam,50,27163.16,340,49772.808,438,73649.366,547,134033.828,440,64803.62,252
732885631,Gangnam,63,158919.389,308,200624.866,448,183824.923,319,199080.25,326,141542.288,177
732896734,Seongbuk,40,0,0,565387,12,561367.184,42,224592.6,26,2287.768,38
732974217,Cheongju,41,48993.832,290,65181.854,323,180825.322,424,355705.55,635,204331.675,418
733095043,Seocho,59,77396.9,337,111469.133,501,128872.423,454,150421.259,338,58870.412,151
733176476,Gangnam,45,79012.257,585,143773.162,565,217218.816,620,164647.741,429,90118.651,218
733201402,Gwangmyeong,48,36721.013,523,58976.061,418,154798.815,638,171896.862,827,52134.834,286
733312935,Seongnam,45,44849.878,231,86352.759,234,154825.911,310,127124.749,314,39705.131,111
733466091,Gumi,59,155679.62,307,148951.254,438,86312.828,184,133968.894,305,10293.63,41
733511191,Goyang,44,23484.029,52,57553.325,331,59899.585,412,176839.856,520,132222.343,312
733861931,Jecheon,54,102110.876,330,82033.741,299,136866.292,510,198130.92,412,112873.718,234
734069603,Seongnam,59,126011.806,341,109154.214,336,87262.147,293,147024.81,342,119024.304,190
734125534,Seongbuk,40,1359.25,34,2184.749,36,59156.358,235,159737.842,647,121216.291,450
734208167,Cheongju,59,116181.445,329,112129.101,281,182537.22,291,129270.403,292,62560.551,191
734217114,Goyang,43,0,0,0,0,0,0,342567,12,333417.4,26
734251084,Seongnam,62,254408.407,168,348627.596,158,223825.274,227,174755.926,306,36551.529,101
734300286,Seongnam,45,17914.43,246,94382.056,274,96188.241,238,182094.258,202,69307.026,112
734365281,Seongnam,58,128349.927,262,129901.38,206,165484.796,235,149652.089,231,107358.553,84
734403351,Seongnam,41,325750.313,656,359315.569,521,198793.603,461,156435.872,481,467928.189,233
734453465,Seongnam,54,122525.168,737,96012.82,655,300401.272,661,169370.37,685,57074.444,251
734453569,Gangnam,37,62884.19,47,100772.012,89,149309.74,102,151936.122,71,40096.2,20
734477765,Gangnam,71,70067.415,288,116394.802,410,204022.409,421,207971.87,595,307955.578,311
734495137,Yongsan,64,0,0,0,0,0,0,128093.976,283,42573.665,160
734513234,Gangnam,40,21530.16,97,23820.407,139,100553.951,262,195145.198,369,9852.206,127
734569869,Uiwang,44,75072.991,291,89931.742,434,128134.825,381,127455.363,416,31528.196,161
734573241,Jungnang,42,0,0,107569.12,62,214089.606,96,185180.8,145,341285.45,128
734587111,Yongin,64,113134.383,275,132985.626,341,155359.022,304,201522.706,426,77224.574,142
734587886,Cheongju,45,29477.284,215,43196.047,163,96769.42,310,173649.932,378,74201.32,197
734671262,Goyang,33,31043.758,65,58178.179,215,366947.624,406,133666.46,382,91422.604,94
734679821,Seongnam,53,127090.572,406,125902.153,578,122027.059,772,162112.754,646,95929.585,323
734711015,Seongdong,56,60521.653,273,19588.949,159,27382.29,141,149809.49,321,18803.969,89
734720295,Seongnam,59,96164.633,362,88897.854,335,112501.219,385,162687.432,548,64574.649,254
734720451,Seongnam,56,110517.047,472,121432.085,457,127880.385,419,128288.512,393,94885.905,155
734774444,Gangnam,67,123097.73,567,208747.338,545,188048.824,649,263490.285,465,292702.326,306
734885269,Dalseo,61,12177.35,66,15598.694,102,132478.63,170,121640.498,125,15987.02,47
734918891,Yeoju,69,14402.953,142,53852.909,194,78779.459,279,126993.488,382,75564.1,231
734951979,Seongbuk,87,97779.864,322,72185.714,277,385952.365,239,197009.535,225,42173.829,123
734967172,Seongdong,47,139962,479,127523.143,494,239463.383,577,279093.519,766,131715.979,236
735725709,Gangnam,42,65305.647,490,60526.966,235,94713.267,367,124307.228,339,95960.531,107
736343609,Eunpyeong,34,59181.435,755,83189.396,575,78585.659,651,127990.48,679,56643.102,375
736653475,Gangseo,44,47696.75,182,50868.35,155,70438.74,177,125726.658,202,78231.05,123
736672941,Hanam,31,11836.427,131,32845.97,235,105243.749,408,150009.112,451,28645.533,151
737171219,Seocho,31,0,0,0,0,179582.99,147,295814.448,478,0,0
737259368,Seongnam,34,72848.148,252,108334.295,423,92840.997,425,180063.767,471,39669.943,162
737694137,Yongin,50,87151.372,237,95800.641,323,93718.045,339,177416.517,381,155048.017,190
738654509,Yeongdeungpo,45,0,0,5157,1,80219.774,372,122469.456,468,62651.703,238
738927171,Gwangju,43,111,5,13.8,2,12,1,120158.45,103,86964.6,80
739907411,Goyang,43,0,0,0,0,0,0,335689.5,10,29,1
740230611,Seongbuk,55,27229.29,74,51446.448,78,113851.724,291,125196.766,341,73089.248,236
740322229,Yeongdeungpo,40,0,0,0,0,200375.97,585,131102.042,747,33749.483,223
740404853,Gangnam,52,241132.38,118,207893.609,398,340262.972,496,179774.237,482,96522.392,189
740457921,Seongnam,47,50124.486,216,42425.602,269,113846.331,426,125709.845,515,40809.15,229
740680461,Seongnam,55,114733.076,251,106067.42,212,192116.81,260,174325.309,294,70838.741,87
740680654,Songpa,61,56654.881,330,86208.907,453,115077.336,427,124090.529,344,32531.379,151
740709463,Gangnam,58,97005.102,363,128329.884,418,171772.674,630,258293.118,651,104342.75,371
740716584,Chilgok,56,200678.104,425,100921.052,334,97614.107,377,136574.545,409,48132.72,167
740785456,Siheung,48,53152.462,206,70714.936,199,90375.848,157,179936.628,207,37894.793,71
740798217,Yeongdeungpo,64,0,0,0,0,128575.833,443,239919.369,615,115913.855,292
740839401,Seongnam,37,51312.866,534,60942.818,299,58567.5,358,123125.973,355,33396.02,119
740879784,Seongnam,55,72334.495,512,169361.035,550,362815.398,584,252170.321,350,205941.494,155
740884696,Yangcheon,50,388.5,4,2144,5,196416.294,191,192137.553,430,170193.16,307
740894362,Seongnam,52,56307.498,60,31073.966,127,51447.436,240,135725.248,286,42682.796,138
741015736,Seongnam,57,141178.21,618,63547.924,479,113871.439,571,133546.712,490,49316.462,240
741031531,Seongnam,57,160503.667,267,136064.859,257,154405.888,295,177073.822,479,77082.849,241
741144931,Yongin,59,64240.411,522,91573.208,357,69965.256,393,240884.43,670,138175.135,285
741321773,Seongnam,56,310343.354,624,233587.335,441,149964.543,402,287385.388,577,186718.598,272
741330601,Seongnam,47,4344.01,54,3681.58,32,97111.97,101,174718.34,348,68000.245,165
741343341,Seongnam,41,72277.274,321,87912.335,325,126005.647,402,161105.788,376,58774.842,248
741406888,Seongnam,44,63123.978,643,112012.393,631,154458.901,572,81446.838,541,15351.352,172
741531349,Seongnam,69,126504.197,546,112979.809,504,111915.361,432,141074.838,454,55134.322,203
741534082,Seongnam,60,95954.61,233,205192.8,167,102638.25,197,187552.91,281,2181.245,31
741986621,Seongnam,72,121445.604,579,162780.199,401,138956.869,319,145484.787,404,170847.727,217
742071701,Seongnam,58,17745.152,209,69379.312,422,96306.428,501,129300.071,626,49403.294,334
742162235,Gangnam,62,81745.996,162,119386.35,312,143980.862,277,223018.301,315,88467.94,114
742179806,Paju,51,8193.416,266,5756.838,253,17542.116,304,137666.099,724,23553.005,320
742279531,Seongnam,59,113741.983,522,190432.472,523,160993.477,507,174995.753,598,116364.872,291
742350064,Seongnam,58,133767.965,835,122709.041,573,137713.955,630,190601.629,643,171663.316,400
742353945,Seongnam,55,4007.404,15,27081.92,76,104441.56,176,157696.962,328,57773.937,112
742531781,Mapo,43,0,0,84326.824,57,249508.02,60,225737.26,55,491069.72,38
742572903,Buk-gu,44,35931.16,297,93883.8,321,147803.112,755,365586.892,795,42638.34,213
742602206,Seongnam,33,3892.3,33,10624.842,47,72087.879,140,166547.513,251,33843.957,131
742614057,Seongnam,57,61849.605,426,92534.074,607,104813.873,574,126347.148,654,47906.777,331
742617925,Seongnam,55,2785.45,9,87279.705,154,158261.849,282,146564.071,328,111879.46,130
742702977,Yongsan,38,15944.874,155,71976.403,353,103443.272,380,231248.789,529,50318.308,182
742730357,Seongnam,47,63343.836,866,60784.612,684,61372.845,613,154704.338,534,64358.573,285
742752398,Seongnam,54,86973.226,285,107804.216,273,118866.109,322,287082.277,463,56599.15,143
742753022,Yongin,56,58960.725,357,35222.897,175,46979.038,230,127431.925,398,77916.357,201
742779741,Seongnam,80,128188.779,595,153681.553,675,141860.669,668,164356.278,532,72390.785,287
742797743,Seongnam,63,103696.229,530,139029.12,471,79265.625,591,128857.619,534,76602.947,206
742802146,Seongnam,63,83836.426,298,132457.745,404,103394.391,426,137991.476,412,111788.867,281
742828971,Seongnam,56,143826.064,694,137264.1,757,160428.656,690,134118.931,544,79304.427,258
742833435,Seongnam,52,85459.948,319,116771.447,438,142432.775,385,126611.151,381,89154.595,148
742837314,Seongnam,54,66260.623,289,221298.51,324,145370.29,282,133937.022,280,63893.662,165
742872614,Goyang,33,61686.88,161,14117.05,37,48081.457,130,180985.89,390,27897.612,116
742889587,Seongnam,42,5407.731,222,87520.568,253,137301.216,512,146494.157,490,115668.614,208
742892866,Seongnam,56,69250.417,748,86175.908,789,81565.533,642,128039.731,628,68514.354,309
742896931,Seongnam,46,77970.203,346,56402.063,274,92845.879,300,145354.486,344,130030.646,202
742923741,Seongnam,54,207411.128,399,250067.147,456,244726.443,400,170847.629,422,66056.047,156
742927293,Seongnam,53,198097.58,441,274852.802,469,277685.813,528,407295.736,700,272483.176,361
742951186,Seongnam,40,80544.546,564,102554.691,569,140068.514,533,273197.973,690,107202.07,296
742998437,Yongin,43,76691.367,521,126760.343,755,64693.853,553,189495.69,547,183190.382,236
743015286,Seongnam,51,93473.883,202,112523.652,239,129750.752,280,134145.085,345,64508.545,154
743052152,Seongnam,57,73922.367,212,84758.371,285,96717.533,281,131274.098,303,65592.93,77
743062929,Seongnam,49,107610.442,1087,109420.748,1150,133891.004,1133,169592.637,716,56624.496,276
743083348,Seongnam,53,26789.342,333,56477.132,402,115622.548,650,136336.515,727,46810.915,281
743163278,Seongnam,47,69830.751,266,116590.923,420,162363.019,383,157450.86,362,68654.19,165
743182341,Gangnam,55,116921.745,570,82561.492,221,111801.812,397,121366.513,478,44441.1,199
743200462,Seongnam,66,52934.512,196,62718.628,241,95000.689,145,166411.047,236,113246.19,123
743223861,Seongnam,43,33896.57,266,29335.41,88,39372.212,114,198699.57,142,46874.689,64
743284031,Seongnam,67,5941.752,102,7637.501,71,179474.086,146,129613.036,506,44853.764,292
743285835,Seongnam,56,108171.926,333,103090.228,412,132362.012,352,131272.437,353,27839.446,184
743407244,Seongnam,57,46038.52,481,31651.304,225,140966.735,550,127079.148,505,129548.027,143
743443902,Seongnam,42,0,0,0,0,67498.9,33,143545.692,218,63463.55,121
743451335,Seongnam,62,142141.362,345,121210.33,321,214447.065,689,161145.421,607,175711.503,147
743473051,Seongnam,44,99018.569,295,126273.164,389,135384.729,303,204838.021,259,93322.631,105
743536108,Seongnam,57,172426.249,338,147426.168,329,201956.855,347,153592.92,376,121177.611,212
743553826,Buk-gu,41,55177.88,349,47406.818,343,53051.195,349,125086.47,341,39417.22,203
743559931,Seongnam,42,76785.724,565,54504.569,197,113962.407,343,130027.988,406,109110.494,246
743576376,Seongnam,52,8559.115,88,16273.808,77,68558.136,176,143946.985,323,57516.82,113
743671041,Suwon,38,72660.106,513,99845.137,473,169687.946,495,293271.663,501,20955.586,146
743688702,Seongnam,65,124900.103,740,137791.686,576,115192.514,461,131956.73,521,101388.919,260
743691355,Goyang,50,43588.063,129,135913.32,198,191292.41,213,259058.27,337,172465.016,187
743753409,Buk-gu,41,1137141.8,236,558535.24,64,556331.866,37,333477.9,14,139809.984,8
743760599,Seongbuk,61,68540.18,96,83541.688,241,139875.258,437,131776.06,366,44427.8,105
743787498,Seongnam,59,96165.486,210,178557.636,392,234127.047,491,254688.883,534,73642.601,210
743803884,Gwacheon,64,100507.869,246,69278.829,151,72050.171,135,126032.199,142,45553.454,59
743916589,Songpa,42,8274.187,305,58534.776,858,179925.476,660,106749.906,654,73977.972,300
743955391,Seongnam,65,117328.36,366,107142.791,374,100077.237,307,124200.981,312,69422.645,161
743967071,Seongnam,72,112566.155,963,135088.068,1234,115051.603,851,167871.096,576,21144.785,164
744082864,Seongnam,66,206539.499,529,180490.681,374,323625.575,386,205417.952,285,89438.622,165
744110534,Seongnam,60,107545.612,234,119313.253,321,135496.983,305,183256.976,343,118074.145,112
744179252,Goyang,53,49543.75,46,146351.679,139,175108.53,159,300640.341,178,91714.926,68
744292286,Seongnam,51,101854.033,175,103160.619,221,159192.798,393,136702.452,339,51325.595,148
744571145,Mapo,50,47287.838,349,89701.69,484,124618.165,670,219096.942,836,123269.709,416
744646345,Yangcheon,41,15629.217,241,20927.984,195,122484.35,248,155091.262,395,59942.346,186
744647703,Gwangmyeong,83,0,0,26584.139,62,136776.812,352,202587.939,480,115781.257,207
744872935,Gangnam,36,41304.153,590,61482.749,807,105038.996,937,127686.898,899,46742.215,485
744943366,Bucheon,51,29191.822,201,54253.909,153,127928.008,285,159880.61,204,82691.423,71
745049482,Seongnam,51,5202.4,58,6340.036,37,39441.654,59,129068.394,480,47276.413,217
745058966,Gangseo,39,72420,104,45744,54,109132.87,48,270592.2,186,51136,53
745106471,Songpa,48,18384.26,128,31441.862,143,60797.264,286,461876.229,476,169422.86,227
745118001,Seosan,59,163972.536,162,157321.074,277,200424.361,363,193059.34,451,59605.021,101
745155404,Seongnam,55,59353.272,229,98034.22,205,105065.025,281,139295.009,566,50306.196,216
745166705,Seongnam,55,74835.987,428,95734.321,436,94736.634,439,150964.034,445,68763.817,195
745186487,Gangnam,51,155575.821,665,187218.793,557,202331.771,520,259238.872,450,82310.336,352
745203066,Gwangmyeong,66,36594.8,213,78820.126,233,94794.038,409,137761.993,401,28719.647,139
745205041,Yangcheon,42,34823.406,270,142946.834,654,139703.115,583,160979.939,519,75358.491,353
745230987,Gwangju,53,26754.051,86,137215.174,283,203881.27,369,230635.671,348,216085.086,188
745285554,Seongnam,37,22854.428,403,107522.768,460,134922.048,610,169922.398,706,98592.614,337
745336561,Goyang,43,57544.302,469,70780.946,306,93687.166,632,158326.278,530,32440.13,136
745430832,Geumjeong,74,46517.75,41,72567.15,33,75947.334,75,151012.887,218,59150.878,93
745726941,Seocho,69,110640.479,256,122569.159,277,202656.894,334,177871.931,334,62875.659,135
745862454,Bupyeong,37,25349.926,115,43584.553,88,177446.6,152,238539.424,283,75122.221,85
746047885,Yongsan,40,82,7,1116308,95,1111773,93,1114916.73,97,466753.4,23
746075603,Seongbuk,45,2367.15,39,14491.651,116,13165.836,140,126680.484,497,23470.516,259
746128621,Yongin,64,357421.48,169,116378.9,125,333771.36,169,207545.548,226,78350.541,108
746277189,Seongnam,64,215156.549,431,435414.631,470,559923.92,594,334448.269,514,159286.762,262
746295739,Seongnam,48,36282.412,431,81532.413,562,136122.615,571,221400.966,794,104897.747,368
746441106,Gangnam,46,137772.642,728,48375.098,995,95202.167,820,125535.618,1161,37548.817,391
746462484,Guri,54,73682.238,242,98502.199,217,118858.081,277,203953.502,372,71623.08,171
746494423,Seongnam,39,35701.17,130,75162.86,141,111872.424,202,231957.396,238,97127.862,140
746515593,Yongin,42,110667.742,225,94350.628,423,136121.765,461,128531.483,443,67276.296,204
746562803,Gangnam,68,367533.978,709,140001.619,609,124010.352,534,135051.653,575,82663.324,230
747269073,Gangnam,53,111439.169,383,321160.183,875,400684.229,1102,245834.909,978,90864.26,663
747368471,Gangnam,72,598.69,17,0,0,101440.698,13,127954.745,651,91906.269,358
747589502,Seongnam,38,9159.529,121,32993.936,172,152827.59,228,136404.682,203,38075.542,81
747753481,Cheongju,39,111051.207,380,141012.748,452,132075.828,506,124815.92,398,72586.682,173
747931768,Bucheon,43,78926.464,462,100824.206,288,150065.374,306,165163.75,295,18225.34,81
748022441,Jungnang,44,68053.708,143,109205.2,79,109674.016,45,281308.11,79,167157.7,47
748250018,Yangcheon,72,0,0,0,0,38608.603,131,172684.04,414,135386.14,164
748263181,Nowon,49,14231.92,7,0,0,68888.94,5,383583.25,23,344528.23,25
748549902,Seongnam,47,19748.397,150,25768.223,245,40848.675,404,149418.557,622,95500.829,510
748584444,Seongnam,57,6849.097,33,107482.518,343,155774.197,408,201421.596,389,81478.315,160
748772806,Suwon,39,63744.04,117,121933.881,259,157979.55,254,212508.988,393,281668.179,321
749178213,Yongin,55,86575.72,180,168001.958,414,185780.458,544,166902.51,397,56418.698,110
749255059,Yongsan,45,58325,12,167904,89,313327.92,136,322446.365,118,155296.14,75
749371781,Seongnam,55,47385.668,453,37096.662,386,137636.315,481,215690.827,730,71086.168,379
749429001,Cheongju,45,101880.632,372,114644.889,335,133243.016,305,216303.87,403,60131.94,205
749514889,Yeongdeungpo,42,764733.35,43,588761,54,555969.5,19,1173591.91,31,811849.65,33
749547851,Seongdong,48,24192.86,118,42417.381,242,41431.289,215,127023.038,439,96900.751,298
749600071,Yeongdeungpo,40,555922.45,12,558826,19,560624.65,14,1450862.5,25,825806,11
749753196,Seocho,55,65885.552,144,73781.16,220,45663.341,167,116059.595,273,81245.538,168
750030826,Seongnam,66,16848.666,117,31066.04,139,38570.983,126,133002.966,474,134371.031,385
750203187,Seongnam,63,175795.038,252,121384.257,399,214599.119,507,394114.088,591,204380.627,353
750233971,Hwaseong,59,1924.376,66,476585.046,78,1790966.866,337,512037.809,165,14560.167,59
750621836,Paju,51,13612.959,49,36361.35,62,36373,136,139225.969,297,94737.762,184
750635501,Songpa,46,181.901,3,12523.783,66,120843.215,241,124478.592,418,59356.109,229
750679489,Dongdaemun,51,16758.866,26,135964.65,31,1155656.339,174,1222997.15,166,717104.315,113
750694331,Seongnam,38,22040.28,58,45581.04,103,123260.59,197,146631.74,286,33596.378,93
751021612,Cheongju,39,60492.55,574,105686.057,796,155919.417,757,138487.753,520,107313.38,335
751344882,Suwon,28,121585.114,456,124847.795,400,154168.311,393,120295.863,310,5126.704,45
751355356,Seongnam,52,76279.721,81,100023.435,207,148843.336,255,192456.456,330,41328.044,84
751638061,Anyang,45,153533.34,181,132678.82,194,177800,204,189480.094,187,59118.214,50
751641941,Seongnam,44,131127.6,175,38900.17,114,126439.537,175,131032.747,313,1241.8,15
751676783,Goyang,34,13703.875,170,52161.35,157,107346.25,456,253478.871,585,8562.98,85
751738931,Yongsan,44,80967.2,34,201464.5,58,195657.034,204,121319.863,186,57468,81
751799891,Siheung,44,0,0,0,0,88219.76,123,127380.88,229,60818.73,145
751824883,Seo-gu,42,0,0,0,0,13300,1,334559.65,38,166666.77,14
751867941,Goyang,43,0,0,0,0,555870.8,24,341432.432,51,327386.03,12
751953236,Seongnam,57,28706.85,212,66382.026,272,93531.033,378,127861.045,362,78001.082,181
752041677,Seongnam,53,28826.959,372,44471.401,384,94975.222,480,126987.958,453,73555.93,301
752168651,Seocho,43,92007.602,283,180128.578,260,246548.434,520,323662.938,623,128446.246,222
752473051,Bucheon,42,91844.4,71,89882.2,69,95852.36,103,128231.854,167,88583.396,81
752536782,Yangcheon,46,50560.59,401,104862.116,376,214407.471,547,178269.812,555,50040.942,275
752747469,Yeongdeungpo,31,0,0,0,0,0,0,1122223.62,72,1366203.212,79
752849962,Gangnam,62,19902.229,193,34418.584,329,58500.532,346,126959.902,823,49325.966,283
753210005,Hwaseong,53,359076.048,215,122100.838,134,97169.608,118,310633.652,118,63785.166,54
753221091,Uiwang,39,23318.15,89,28727.99,130,128192.528,412,137414.296,474,89969.555,222
753339947,Yangcheon,41,46434.392,340,77352.119,348,117610.615,750,265961.282,888,75821.332,386
754448954,Gwangju,47,11775.03,110,46781.268,268,101113.423,551,129964.781,502,133865.513,313
754556474,Yongin,59,33278.68,246,24350.62,144,118225.862,437,207121.78,539,103407.452,262
754889696,Seodaemun,50,34929.485,360,54766.739,447,80052.902,543,163029.479,732,122128.875,395
755299857,Jongno,58,9499.103,105,4868.641,33,14641.241,106,155213.794,255,30936.024,91
755364475,Gangnam,51,144714.879,232,176549.52,391,139540.002,518,131566.59,416,67661.354,185
755462498,Seongnam,45,3875.9,34,8924.42,67,38538.08,124,147078.021,342,73641.28,221
755779598,Yeongdeungpo,49,1111211.23,113,1520695.012,209,1283543.79,71,579161.73,26,316674.353,24
755779951,Yeongdeungpo,44,909525.49,92,983602.983,348,1666983.18,63,561073.39,32,332,1
755896262,Yongin,51,0,0,39816.597,191,125980.584,325,122763.355,402,67515.576,200
755928649,Goyang,48,7685.927,57,15300.285,63,111515.618,238,131687.61,608,67226.973,336
756165565,Seocho,47,82591.363,172,117094.022,257,204902.345,416,285167.783,376,98149.589,186
756190359,Gyeyang,58,10851.964,32,146927.42,103,136721.739,167,113524.394,230,5102.534,37
756373222,Seocho,39,88968.066,213,74375.176,259,97838.661,248,134519.894,343,53992.024,150
756464271,Goyang,59,73283.684,326,122855.015,498,189301.757,718,134429.765,684,50433.646,249
756533383,Buk-gu,36,240957.8,41,585705.3,41,561508.4,21,339346.06,17,397,1
756693601,Songpa,48,48906.892,160,72377.323,206,151808.123,325,255033.914,336,94647.07,178
757322391,Seongnam,54,42419.136,312,54188.019,380,49490.21,276,154643.359,214,66807.67,106
757426902,Paju,45,77634.877,492,58614.899,491,70222.306,351,110001.264,411,68140.3,300
757487221,Seongnam,40,61334.004,163,84873.188,169,67760.607,270,164535.824,461,87058.726,245
757715695,Yongsan,41,5039.9,23,196,1,189.891,2,129030.13,180,54746.1,96
757722418,Yangcheon,53,12639.386,156,29003.059,248,114898.492,279,127157.671,343,36040.486,205
757733838,Gwacheon,52,148078.855,194,134404.711,321,235923.728,277,179035.294,245,66143.778,107
757782151,Hwaseong,46,29270.593,199,91906.034,386,137542.366,368,147188.239,510,46374.09,210
757839857,Seongnam,60,34351.76,255,33830.196,209,93096.179,283,126806.547,467,29820.318,198
757883803,Gwangju,56,86003.438,184,135622.698,260,110617.794,282,140998.92,296,114147.745,133
757939433,Gangnam,37,3011.99,97,5769.36,83,41253.661,161,227405.631,338,325754.18,186
757960859,Gangnam,65,35688.185,345,61140.063,320,127743.89,343,123008.113,395,25380.59,195
757968632,Gwangjin,35,1691.12,34,37471.29,138,142545.494,335,232039.04,658,69889.625,332
758011778,Dobong,31,42648.88,71,70024.2,56,136155.25,148,234068.7,181,146527.94,110
758081055,Goyang,47,57504.875,101,74225.398,238,114629.773,298,126848.816,308,91025.345,142
758592919,Seongdong,42,2151,6,0,0,3562.244,52,140701.62,480,27189.194,224
758765201,Yongsan,41,48670.627,201,89249.369,253,340700.504,316,437594.762,562,620914.064,222
758784499,Yongsan,48,44363.19,266,102360.229,341,180508.841,340,142037.6,335,42568.158,147
758850801,Gangseo,51,555170.351,79,555488.609,22,556499.242,25,332787.45,28,334742,31
758870147,Buk-gu,65,196,4,149942,7,400264,7,333501.9,16,108.6,3
758871401,Buk-gu,62,0,0,0,0,0,0,223945,5,0,2
758984002,Goyang,48,35559.377,115,34270.943,189,81908.324,344,147345.486,438,249212.037,218
759048009,Gumi,61,8492.5,23,65051.09,81,125002.097,382,127988.418,264,67141.396,118
759242073,Seongnam,47,16451.478,116,18249.038,239,128686.443,432,129614.896,399,119934.964,217
759821392,Gangnam,63,147465.586,86,110414.879,213,91211.166,116,260369.171,299,347130.543,114
759916961,Paju,27,0,0,111629.5,22,578876.557,158,700358.732,110,190553.48,41
759936958,Seongnam,48,144701.422,221,517873.834,422,728178.822,528,556428.972,585,219530.494,232
759963963,Gangnam,44,5120.3,39,93041.332,67,81680.564,140,179669.119,155,83861.534,96
760006879,Seongnam,60,41563.82,70,89725.316,154,137697.544,273,176137.691,241,69483.139,113
760174229,Seongnam,44,46764.962,407,101655.222,520,120842.039,664,146870.526,631,108279.305,191
760259861,Junggu,43,80614.8,37,114527.5,76,155807.427,116,120567.3,81,36539,42
760449566,Gangnam,46,17130.959,63,48371.516,194,93918.382,121,139547.232,120,59493.238,54
760498911,Seongnam,53,0,0,21106.77,70,158904.41,387,127170.343,358,61391.179,185
760576223,Buyeo,49,11785.669,68,68349.787,137,63853.279,276,130563.921,372,109734.192,178
760630469,Junggu,43,2313,2,0,0,190877.1,130,111020.3,95,11121,10
760985505,Yongsan,37,32225.657,109,133617.368,258,190972.794,315,245968.4,299,83524.872,108
761073212,Yongin,27,22713.2,71,54287.52,138,72595.46,176,227675.377,338,126013.68,63
761214681,Seongnam,48,0,0,0,0,11751.3,34,146077.63,263,93257.066,200
761223575,Goyang,38,0,0,26948.904,137,341999.446,552,218363.845,488,33211.941,117
761340343,Dalseong,43,1612.95,16,28010.536,64,59111.352,111,123551.037,176,60540.174,152
761414251,Seongbuk,33,0,0,0,0,194912.2,139,120239.05,80,18266.5,38
761436718,Gangnam,45,44639.29,29,69590.416,109,129887.93,137,278958.536,416,80513.7,196
761447671,Seongnam,44,6229.128,23,50346.63,229,155512.418,404,156180.056,459,82006.003,192
761478957,Gangnam,41,59363.898,47,52091.301,151,99950.214,256,280245.46,226,62010.03,143
761494317,Gangnam,50,33256,6,60761.756,175,74530.876,129,125476.986,184,153040.51,97
761631382,Seongnam,55,84485.1,18,211585.59,52,301896.462,26,386545.22,34,209670.6,14
761693751,Bucheon,53,2778.1,15,18518.73,104,77075.89,192,140439.409,298,98043.31,269
761750162,Junggu,55,75628,10,336557,16,0,0,669296.449,16,297613.6,10
762152762,Gangdong,38,3471.304,19,64815.447,137,84533.013,206,206506.578,327,23315.005,58
762204901,Seongnam,39,25193.287,22,7996.868,61,97016.647,129,149994.517,503,105608.966,280
762230113,Yuseong,43,7504,4,129115,34,194505,49,164690.2,44,103828.9,32
762269099,Yongin,61,3893.5,5,37752.393,151,241712.123,333,143400.446,256,78708.494,163
762562722,Gangseo,45,0,0,40,1,284075.7,82,568858.86,163,382828.87,113
762697641,Seongbuk,54,0,0,0,0,35992.115,229,122081.439,273,70908.083,165
762866444,Seongnam,43,0,0,48927.068,460,70006.432,823,158186.156,991,100889.497,586
762905183,Yangcheon,58,0,0,12894.1,17,68107.13,115,197335.524,286,109557.707,141
763017617,Yangcheon,56,0,0,55258.867,280,157318.56,425,237894.577,662,46616.97,201
763142448,Goyang,42,0,0,56953.285,195,187377.757,389,310061.059,623,126423.007,252
763181761,Gangnam,27,0,0,0,0,126676.28,168,265629.319,488,95667.12,246
763362909,Songpa,38,0,0,15042.6,31,129603.01,161,262296.59,457,58053.044,94
763507171,Cheongju,40,0,0,0,0,0,0,228790.65,26,1260.682,26
763721362,Goyang,53,0,0,21872.809,178,67496.336,391,133258.887,438,68332.973,240
763777761,Seongdong,61,0,0,23259.166,67,118313.174,467,168958.036,1040,157148.7,405
763865685,Gangnam,66,0,0,47958.823,269,123429.933,395,132477.662,381,39501.037,159
763991861,Dongdaemun,42,0,0,126768.17,19,1128881.73,189,400588.75,60,409771.2,58
763992071,Yeonsu,50,0,0,39792.1,79,95579.004,130,235516.49,228,37389.1,105
764092211,Hanam,55,0,0,30718.401,48,126342.827,161,138108.343,217,66789.55,77
764132861,Yeongdeungpo,52,0,0,1111116.76,82,555598,17,555716.027,28,183525.82,25
764206699,Osan,38,0,0,134.9,4,145921.18,444,125797.115,294,61698.101,142
764320134,Yeongdeungpo,46,0,0,5048.8,42,150756.671,250,123323.266,452,13597.617,220
764408907,Gangseo,65,0,0,0,0,50694.017,151,151185.013,308,43188.014,126
764450739,Nam-gu,64,0,0,29182.23,30,94317.65,122,199012.16,187,71634.623,76
764459363,Seocho,33,0,0,68470.75,31,22524.467,75,239644.413,200,163685.15,64
764462211,Mapo,36,0,0,0,0,4490,5,136168,147,15378,13
764524646,Geumcheon,46,0,0,557601,11,561210.4,16,2002579.26,40,338530.3,29
764564061,Goyang,55,0,0,104307.218,34,154120.24,143,129901.05,347,109323.919,166
764610194,Goyang,47,0,0,250527.1,7,557378.4,22,333474,12,221879.7,17
764651905,Daedeok,45,0,0,99119.3,25,657793.77,213,547657.705,344,232951.3,110
764682191,Cheongju,55,0,0,0,0,29726.16,144,143968.605,410,12254.42,51
764840165,Seongnam,26,0,0,9667.5,36,30969.013,266,124289.294,509,4354.91,74
764852235,Seongnam,42,0,0,22318.85,11,1306655.86,192,1814353.076,316,1372160.47,105
764931371,Uijeongbu,44,0,0,70,1,651355.53,67,541138.94,64,224045.97,21
764997879,Seongnam,42,0,0,43,1,565210.25,44,406986.133,371,187638.32,111
765020433,Dongdaemun,54,0,0,72.7,3,112,3,161248.9,44,108119.5,74
765263836,Seongnam,55,0,0,6402,10,98138.249,257,134751.121,278,125159.33,228
765324506,Suseong,35,0,0,1345.782,3,5586.8,8,130670.61,251,15726.7,34
765325621,Mapo,54,0,0,0,0,115985.25,382,167270.692,573,56365.834,293
765366011,Seongnam,42,0,0,0,0,116117.654,521,140480.047,463,39476.162,178
765610583,Yongsan,38,0,0,0,0,155122.14,81,121064.55,127,47759.25,48
765646336,Seongnam,35,0,0,0,0,239265.39,273,583822.771,621,397407.262,284
765667303,Jongno,54,0,0,0,0,0,0,444194.926,71,478410.208,73
765931772,Seongbuk,43,0,0,0,0,154892.98,101,123041.808,117,21921.55,21
765965918,Gwangju,47,0,0,0,0,50302.419,146,153970.187,428,24165.171,103
766066221,Yangcheon,46,0,0,0,0,84213.046,350,201244.332,675,11539.441,119
766078475,Goyang,49,0,0,0,0,561242.05,23,333980.9,44,333732.7,14
766086246,Yeongdeungpo,46,0,0,0,0,58771.802,194,147897.24,538,85705.116,243
766269057,Yongsan,42,0,0,0,0,121259.45,90,310838.559,277,70913.3,61
766443612,Mapo,42,0,0,0,0,74126.809,194,142437.291,381,49343.009,123
766465625,Goyang,48,0,0,0,0,103396.725,288,218318.105,387,97523.523,180
766641241,Gwangju,44,0,0,0,0,50240.136,107,144551.83,234,34383.612,85
767104444,Yangcheon,37,0,0,0,0,115776.173,215,160172.5,443,94989.498,321
767146458,Dongdaemun,72,0,0,0,0,0,0,337315.04,46,127577.58,9
767197917,Bucheon,40,0,0,0,0,557822.82,61,338985.62,35,114751.29,24
767213909,Seo-gu,41,0,0,0,0,104424.94,94,271981.433,99,10827.8,18
767217569,Yeongdeungpo,60,0,0,0,0,624674.99,79,350561.46,29,0,0
767356731,Yeongdeungpo,58,0,0,0,0,68689.691,335,121252.663,772,60959.068,313
767463441,Gangnam,65,0,0,0,0,12747.186,126,141043.895,372,31746.528,168
767526231,Seongdong,38,0,0,0,0,1116711.35,119,1122061.9,140,576578.76,68
767547144,Uiwang,38,0,0,0,0,175507.765,38,216567.64,62,4275.133,20
767713196,Seongnam,39,0,0,0,0,101525.183,127,391718.145,422,64327.308,84
767811651,Seongnam,59,0,0,0,0,63219.932,99,202097.506,354,132507.78,217
767863579,Gimpo,43,0,0,0,0,1110194.03,115,1114453.31,99,46687.63,11
767884232,Gangseo,43,0,0,0,0,146832.5,34,335720.34,90,47229.71,11
767898487,Gangseo,49,0,0,0,0,108523.9,27,222967.667,77,32564.1,24
768125224,Seocho,50,0,0,0,0,142391.821,161,213996.66,306,-6992.92,36
768132332,Geumcheon,51,0,0,0,0,555781,11,425195,9,333765.08,18
768458631,Ansan,46,0,0,0,0,557070,8,360713.7,10,333433.9,10
768668338,Mapo,51,0,0,0,0,232453.664,273,770186.621,1120,79038.05,359
768702391,Seodaemun,40,0,0,0,0,207583.52,13,534198.03,52,489,3
768710071,Geumcheon,38,0,0,0,0,586494,8,350108.968,49,847.7,8
768790061,Mapo,50,0,0,0,0,6219.5,9,135041.881,180,49230.978,111
768976857,Gangnam,58,0,0,0,0,707040,23,338468.2,21,189939.45,25
769070981,Jungnang,44,0,0,0,0,0,0,120059.7,126,0,0
769220372,Bucheon,43,0,0,0,0,0,0,171354.3,13,80337,4
769414311,Seongnam,69,0,0,0,0,0,0,137186.715,297,94584.209,176
769537968,Seo-gu,47,0,0,0,0,0,0,205261.54,115,139409.925,83
769597776,Gangseo,43,0,0,0,0,0,0,104708.02,100,62278,59
769618325,Siheung,48,0,0,0,0,0,0,121537.15,151,646.2,7
769664939,Guro,34,0,0,0,0,0,0,340719,6,0,0
769677101,Dobong,40,0,0,0,0,0,0,120451.5,132,118946,116
769753831,Osan,42,0,0,0,0,0,0,333697,11,120178.1,5
769932789,Goyang,40,0,0,0,0,0,0,131587.353,222,14097.341,107
770156711,Namyangju,45,0,0,0,0,0,0,332376,8,0,0
770352559,Gangseo,29,0,0,0,0,0,0,259861.15,7,289.58,12
770395708,Chungju,44,0,0,0,0,0,0,192310,160,64060.37,86
770902941,Seongbuk,42,0,0,0,0,0,0,121023.63,126,2288,2
770912871,Yongin,56,0,0,0,0,0,0,203336.733,121,5686.3,47
771182291,Yangcheon,34,0,0,0,0,0,0,682509.02,32,416771.14,23
771299986,Hwaseong,44,0,0,0,0,0,0,354531.4,14,922243.1,25
771445892,Jongno,28,0,0,0,0,0,0,922959.757,36,333283,22
100004913,Gangnam,69,23029.95,82,13682.44,98,24315.8,126,163409.224,141,34710.605,98
100100021,Gangnam,96,173256.562,539,153530.12,510,335952.179,289,652407.782,316,266441.017,175
100438679,Jongno,88,139270.014,203,154807.608,278,147743.39,293,154416.049,298,96339.724,116
100485541,Songpa,88,173631.151,537,177316.392,285,114210.901,174,140229.984,138,80724.833,49
100637439,Yongsan,86,195918.087,257,237503.262,198,169492.112,182,142128.456,183,109264.846,129
100677772,Seocho,86,232077.649,339,103681.794,242,126273.528,253,128976.446,271,43082.02,107
100682602,Nam-gu,86,160018.512,174,141521.069,241,224855.541,307,183926.346,248,56600.6,80
100715476,Seongnam,86,38,1,0,0,10536.565,161,127421.217,507,159578.331,253
100744271,Gangnam,85,108149.538,753,109152.719,622,147300.951,605,171474.468,513,86207.368,199
100813718,Gangnam,85,161376.175,295,210334.311,300,201013.223,214,308975.613,429,227048.309,97
100929197,Dong-gu,84,60735.672,321,71850.973,221,126721.366,380,128203.266,299,72694.525,198
100960207,Gangnam,84,118004.807,206,123060.84,234,158189.036,196,342024.039,292,223809.321,91
101005893,Songpa,84,29379.044,384,135742.753,373,336113.419,363,486883.624,477,232783.332,191
101070466,Gangnam,83,68459.893,173,53267.158,137,18967.39,74,139336.777,204,130237.154,123
101096111,Yangcheon,83,135180.538,481,134978.933,640,127175.735,404,140116.512,341,85832.918,183
101111271,Seocho,83,236802.398,783,141237.272,441,149114,441,142199.405,484,103654.3,248
101167848,Seocho,83,95291.595,538,100043.702,594,85198.42,485,143412.531,536,39930.02,254
101215534,Gangnam,82,29460.51,18,13.644,2,356258.309,124,122999.524,244,57817.122,96
101284841,Seongbuk,82,198155.812,289,941178.663,217,103302.08,225,101657.401,185,34459.293,86
101383691,Seocho,82,57216.208,108,101511.868,152,145369.633,129,137550.665,120,90014.37,60
101515311,Gangnam,81,152482.613,500,210260.253,486,98354.625,559,131448.7,466,55175.676,214
101547162,Seocho,81,132796.347,281,70313.896,325,90696.918,258,155754.357,218,39482.042,111
101676841,Gangnam,80,84279.08,257,63138.685,200,85733.946,212,163118.307,281,153191.228,141
101781564,Gangnam,80,92175.444,431,75294.105,353,104283.151,492,146005.512,426,26440.499,148
101824171,Seocho,80,89563.01,284,173457.846,352,175419.663,341,196181.115,403,111837.267,155
101977606,Songpa,79,102385.014,173,60835.637,164,88532.414,170,182802.642,172,133530.139,66
102054041,Seongdong,79,3562.176,45,108470.686,354,153848.128,323,153475.021,327,51423.834,190
102112767,Mapo,79,230888.901,1132,446224.12,1310,354091.685,1216,189587.813,891,41496.208,308
102119139,Gangnam,79,81182.261,171,104472.82,166,142675.472,214,134072.34,173,70247.076,114
102152051,Gwangjin,78,179664.768,484,162949.079,509,256724.932,436,171094.957,323,121766.323,223
102222769,Junggu,78,90743.45,124,92259.664,184,126960.566,188,142667.451,246,127146.9,159
102284667,Gangnam,78,391449.942,426,224182.382,311,258335.165,281,257498.426,306,71608.187,129
102401989,Gangnam,78,171913.239,298,107904.507,193,123090.415,325,119746.345,297,137787.645,183
102470324,Yangcheon,77,151986.736,430,84625.161,334,127928.313,395,120836.292,417,85277.797,232
102521826,Seocho,77,216034.393,276,195856.914,188,238695.216,188,285864.141,273,196315.144,104
102528492,Yangcheon,77,66586.864,572,75587.763,352,227839.635,342,417368.912,461,164075.531,220
102541711,Seocho,77,128760.896,496,162492.212,604,248952.285,439,159818.331,345,89301.71,127
102578841,Gangnam,77,9370.518,29,410.499,3,1362,4,148737.3,16,66553.834,60
102647771,Seongnam,77,304919.816,266,249994.328,216,248986.6,195,139633.8,177,113767.6,88
102658006,Gangdong,77,114165.296,382,91659.739,360,80720.188,226,135360,286,80214.625,180
102741046,Yeongdo,77,55815.189,347,80167.764,359,54878.566,419,136342.512,353,43037.418,178
102870605,Gangnam,76,175035.308,789,151332.754,517,119091.224,410,150700.385,247,51222.124,111
102872316,Yongsan,76,67601.464,161,68418.463,273,150826.498,280,158861.263,293,91183.587,140
102893205,Gangdong,76,46879.207,165,102356.013,288,102337.182,271,161741.644,282,67444.432,156
102916857,Gangnam,76,77703.761,167,94055.08,132,113892.504,155,130945.4,178,70067.614,106
103059809,Seongnam,76,36848.734,245,46807.563,189,49443.115,252,126653.778,293,41934.056,121
103134921,Seongdong,76,24858.475,121,28064.383,64,200777.28,453,131917.85,256,50643.85,62
103168611,Gangnam,76,43188.795,299,61769.3,188,136036.857,283,164807.449,253,88764.033,123
103245996,Gangnam,75,58292.152,667,68653.242,721,119480.864,648,137858.675,455,64562.799,153
103249875,Mapo,75,178973.24,618,95655.924,274,182507.589,326,218657.816,356,177423.707,211
103265841,Seocho,75,196218.98,379,1336653.809,353,147917.071,325,178793.655,348,58468.052,163
103321454,Seocho,75,130503.663,678,108950.183,671,124958.419,608,151600.856,532,81239.743,271
103424441,Gangnam,75,13106.1,41,12708.907,31,110370.48,99,142588.15,126,48651.25,78
103458421,Songpa,75,123558.428,222,106398.524,212,150068.598,181,204192.204,174,87721.537,84
103582441,Seongnam,75,52206.329,287,65561.239,251,62502.17,332,140212.745,327,57925.219,138
103585631,Dong-gu,75,53128.614,281,93441.836,437,112236.026,293,140799.914,409,68164.292,158
103657849,Yeongdeungpo,74,119688.058,111,125321.03,77,79400.892,149,144817.087,88,93840.441,58
103699809,Yeoju,74,101193.056,192,88706.228,136,166560.424,174,148810.674,133,147622.62,80
103721451,Seongdong,74,368760.495,170,147645.988,304,173787.075,300,147982.18,302,51813.73,101
103890133,Jongno,74,137830.736,160,136519.792,209,192068.19,190,210588.883,175,169062.299,85
103906181,Seocho,74,142989.926,276,118149.283,362,95147.545,159,154330.88,225,62394.494,143
103988548,Seongnam,74,423570.214,225,167450.388,256,281326.809,233,242334.536,236,118803.86,107
104006911,Junggu,74,76742.016,391,111893.376,358,63487.63,293,141057.462,307,43966.8,157
104073998,Gangnam,73,65317.56,331,21585.061,147,125904.372,109,193191.76,75,88438.48,57
104438113,Nam-gu,72,110450.486,433,164898.437,464,106228.452,508,231527.824,492,57922.655,222
104507751,Gangnam,72,102197.47,1068,105559.381,846,178394.434,721,309876.104,850,42749.408,293
104546969,Gangnam,72,36805.929,192,74711.45,189,86844.62,180,209272.2,240,64942.122,117
104548338,Gangnam,72,169988.92,283,203025.982,266,128333.186,150,155996.031,182,96477.98,163
104568079,Seocho,72,163379.582,471,157123.766,423,136093.82,304,134649.728,352,140718.48,186
104605144,Yongsan,72,152389.675,432,163105.353,561,157200.794,591,154083.587,317,106262.034,100
104738363,Seongdong,72,74466.689,221,110103.717,131,84554.931,125,150688.764,167,64134.54,56
104762598,Seo-gu,72,75522.997,204,40278.5,127,76177.736,170,264388.163,225,25848.05,81
104834045,Gangnam,72,611156.382,408,409101.97,361,350308.519,308,419071.105,288,341794.878,140
104914696,Yongsan,72,120286.278,387,121502.065,393,146028.104,304,188555.46,285,104206.81,83
105008827,Gangnam,71,66026.738,168,62114.89,225,107952.152,239,142389.598,238,84171.067,74
105033532,Gangnam,71,52233.942,310,53724.574,251,49759.246,322,123439.77,418,77933.605,169
105071338,Seocho,71,168905.728,302,116621.469,276,131636.093,280,140733.065,217,46941.283,120
105108721,Gangnam,71,242.82,29,514.097,21,40717.58,89,160319.161,436,128044.61,299
105291097,Gangnam,71,153145.119,493,124112.124,419,131025.721,406,136764.179,315,15712.27,104
105308776,Songpa,71,106654.74,157,96647.569,182,105849.084,190,128830.829,173,56539.73,96
105338666,Gangnam,71,584435.054,267,145612.501,267,161714.369,237,201607.234,207,35784.968,89
105363133,Gangnam,71,99575.195,377,121393.047,298,99628.491,286,133827.105,388,102876.572,245
105465299,Seongnam,71,179115.009,225,156821.136,336,200782.081,316,207038.602,269,80859.865,150
105470251,Gangnam,71,119697.153,563,102593.119,338,96012.282,321,105844.458,249,41520.188,123
105560879,Yangcheon,70,54332.007,865,56110.242,960,91982.903,527,122491.357,552,33827.72,299
105561516,Seongnam,70,53171.627,230,54505.188,181,51508.795,162,147857.216,174,82002.968,94
105638063,Songpa,70,64966.62,204,20907.235,201,83673.929,238,154375.788,368,140138.975,257
105711173,Yongsan,70,63575.971,185,105842.319,238,93546.823,332,129491.875,382,51199.887,156
105727111,Gangnam,70,105199.132,353,124117.733,407,135086.248,415,134878.374,345,58969.525,143
105738267,Gangnam,70,174767.241,429,135191.487,374,131299.746,245,130297.726,292,43925.867,135
105760884,Yongin,70,69,3,122597.4,60,165246.64,47,546035.8,264,73379.6,21
105799355,Gangnam,70,134290.985,437,134472.177,591,225975.887,603,314542.589,465,83906.808,166
105809744,Seocho,70,83853.573,352,67820.509,194,160549.18,247,122398.965,293,79644.17,200
105815561,Gangnam,70,101071.574,252,123193.303,176,154767.218,224,132751.503,210,106891.627,140
105820575,Gangnam,70,0,0,0,0,111169.582,178,139227.738,243,33196.683,60
105835599,Yongsan,70,199513.29,174,186281.96,209,369529.398,234,282433.968,174,191540.244,82
105873823,Gangnam,70,59316.561,296,59219.205,312,211732.852,457,373165.526,561,154562.167,258
105877611,Yongsan,70,192490.502,292,156437.113,254,130250.205,268,206420.504,250,76205.44,100
105899141,Yongsan,70,167324.945,412,131296.187,346,260099.878,288,176933.774,473,38257.86,119
105920045,Yongsan,70,132041.399,269,126539.831,264,231396.992,210,190191.05,274,151466.622,76
105923381,Seodaemun,70,407436.668,514,196344.286,669,153971.92,413,170031.438,400,53773.935,199
105961812,Bupyeong,70,45391.974,284,174927.893,489,167010.189,401,117601.547,406,120139.066,330
105974161,Yongsan,70,113352.982,343,130288.966,338,125828.604,364,131794.567,311,106200.935,134
106000201,Yangcheon,70,69840.614,430,96648.293,337,150538.101,423,212640.508,387,71008.367,179
106057883,Guri,70,72970.921,448,93953.969,583,89552.93,344,220061.344,430,276385.484,330
106269094,Gangnam,69,39662.612,502,246285.145,498,112183.601,493,215984.367,461,60203.637,197
106286063,Gangnam,69,5569.084,52,14212.9,20,85068.786,95,126972.622,163,30429.531,77
106379419,Songpa,69,101880.116,173,74247.373,156,117314.55,141,142344.262,187,72426.872,72
106394837,Seongnam,69,87649.5,419,115908.394,263,160953.307,252,127484.243,281,49732.892,155
106410584,Gangnam,69,152245.141,253,158945.796,271,113300.229,238,237981.409,241,104899.85,98
106443781,Gangnam,69,239573.214,192,318106.584,104,75597.468,145,134187.718,80,66888.072,65
106504737,Yongsan,69,79301.448,218,84771.332,217,123778.5,246,133442.207,322,119275.832,128
106526361,Seocho,69,138853.525,261,123360.746,204,124441.014,227,130085.656,206,79669.356,90
106566438,Gangnam,69,84033.293,349,102622.48,413,121199.634,391,140254.99,329,144331.833,208
106657067,Gangnam,69,4730.127,81,3534.198,51,5460.634,50,132308.6,187,13123.971,65
106720325,Yongin,69,122619.831,448,105143.915,349,117468.396,326,129357.947,427,42522.59,183
106736801,Gangnam,69,173863.721,325,104032.801,304,122834.492,350,179751.428,268,66588.114,66
106780921,Busanjin,69,105067.911,157,96019.264,184,112769.607,235,133526.588,213,69292.75,117
106862833,Gangnam,69,71431.24,404,86883.644,348,68749.288,212,129956.189,221,28568.254,110
106866781,Gangnam,69,99932.272,307,113629.104,223,72775.144,241,215168.407,240,53334.294,144
106880761,Yangcheon,69,108738.41,88,73095.744,106,164743.61,180,110729.061,195,48380.29,91
106886821,Gangnam,69,74330.357,383,145559.225,513,115456.308,546,125633.689,358,28491.643,123
106897821,Yangcheon,69,88655.849,301,58011.34,206,51365.518,165,168364.823,206,34585.754,71
107019728,Gangnam,68,96855.561,149,31359.16,186,68687.973,187,134793.674,189,81988.327,77
107049921,Gangnam,68,90672.769,132,190647.341,225,242863.044,323,355175.131,314,294372.664,160
107084316,Guri,68,114806.891,309,108479.729,205,122950.513,228,144071.158,268,20282.297,112
107172963,Yongin,68,84006.578,593,72900.633,365,54888.278,273,121104.365,392,84702.27,253
107228145,Gangnam,68,123677.932,162,141718.214,151,234776.712,176,184724.342,187,89632.81,107
107407023,Seongnam,68,110642.027,242,87559.704,141,157783.646,170,285435.509,210,167110.229,129
107497051,Busanjin,68,128479.603,526,74853.544,408,55127.221,187,140407.788,294,48467.629,239
107584004,Gangnam,68,17383.953,37,111196.23,50,173921.822,134,366919.598,201,11682.89,28
107614043,Yongin,68,129911.411,307,87070.304,366,110952.518,320,206627.362,474,43695.726,244
107630091,Yongin,68,59775.872,49,91311.158,100,135167.446,110,174617.67,100,143617.6,49
107825351,Gangnam,67,10936.903,144,41486.655,186,40093.517,231,173721.573,335,72078.732,210
107855397,Gangnam,67,142778.658,271,133936.342,261,236222.233,268,165811.38,228,110680.71,92
107892417,Seongnam,67,107435.078,306,48689.573,120,91692.097,237,165455.068,345,145142.078,174
108010934,Gangnam,67,27116.946,215,50648.278,192,38186.756,173,137321.239,280,96841.708,270
108033694,Gangnam,67,103133.131,379,110399.059,355,221878.857,318,182174.054,276,57260.174,103
108128789,Yangcheon,67,159255.392,380,75070.201,187,168988.979,219,130089.04,131,170787.452,232
108165668,Nam-gu,67,122906.97,145,127202.828,148,129477.02,164,146211.88,198,91968.83,140
108203181,Gwangjin,67,163401.179,320,150814.101,267,232356.007,242,188858.633,273,79614.695,141
108296609,Seocho,67,157036.814,686,247273.073,750,249996.157,691,554045.239,554,127542.394,211
108305025,Buk-gu,67,100284.505,375,103591.594,282,159880.853,306,165435.887,345,63404.487,145
108366784,Gangnam,67,47313.763,104,34690.824,100,96362.379,113,126208.545,223,50219.922,137
108366912,Gangnam,67,50612.229,326,114748.626,400,146617.878,385,144361.57,401,61210.898,184
108389904,Seocho,67,8208.786,7,33144.633,144,69561.926,133,148290.728,215,44342.279,64
108417841,Seocho,67,18654.657,76,76909.726,266,102609.862,199,156572.651,279,111019.998,178
108463852,Gangnam,67,70591.367,197,77932.724,335,123860.402,325,230625.42,292,71975.815,74
108471623,Yongsan,67,104469.572,324,107073.122,253,87643.205,376,137104.762,435,145142.083,203
108478971,Gangnam,67,217726.715,427,252368.185,415,159661.43,288,130454.778,265,102762.999,184
108512441,Gangnam,67,10888.36,118,108864.98,85,303710.411,201,35551.802,253,119457.64,63
108554269,Gangnam,67,70271.267,383,169666.189,706,206194.978,425,326401.221,483,74776.915,224
108612327,Gangnam,67,32075.794,201,22986.118,143,19249.52,135,169981.82,230,39457.664,137
108642769,Gangnam,67,236496.951,361,166285.148,306,218846.695,312,321327.726,372,92399.286,146
108739473,Seocho,66,152580.895,224,116787.426,182,115133.404,179,124342.425,197,36871.653,88
108745953,Seongbuk,66,116485.175,228,118601.182,333,149281.242,334,125270.27,261,52853.578,147
108871789,Songpa,66,99392.982,377,104717.651,424,116083.603,427,147257.993,338,96517.511,149
108882541,Gangnam,66,119673.081,304,87792.559,401,75659.748,312,124850.17,291,126383.559,164
108888403,Gangnam,66,114457.12,85,62431.32,114,100656.039,166,138720.848,156,81725.1,61
109048282,Gangnam,66,347159.691,1409,338144.658,1206,424479.113,1054,249768.4,1062,149183.789,516
109066544,Gangnam,66,189668.95,269,158501.284,216,148096.731,234,130268.898,179,74173.39,86
109095217,Siheung,66,159838.715,175,116613.994,260,98405.547,225,137241.328,255,59859.42,212
109179199,Bucheon,66,16870.27,68,62234.584,133,113460.095,237,224487.743,198,155571.065,109
109186084,Gangnam,66,172477.045,276,80119.405,150,116487.552,165,111490.683,166,67634.559,111
109189521,Seongdong,66,200143.177,110,78200.61,124,154404.371,149,127412.005,224,47935.812,171
109196101,Yangpyeong,66,42641.202,155,44308.065,126,74426.496,140,122524.995,189,134459.846,111
109214813,Gwangjin,66,22250.512,41,37323.699,51,39180.988,54,134161.864,192,79874.41,88
109271405,Gangnam,66,75949.571,788,128372.089,478,123878.51,511,125732.467,463,38054.148,209
109283046,Yongsan,66,153690.438,376,139634.962,429,128578.314,488,152856.22,496,107357.288,236
109330421,Gangnam,66,21239.761,131,19201.036,166,73443.254,173,126535.689,200,52117.024,74
109457893,Seocho,66,6186.4,34,10935.9,27,117770.45,57,143855.341,168,46422.933,110
109460057,Gangnam,66,88489.495,225,65930.136,216,79318.953,212,121767.057,236,18866.701,122
109478091,Seocho,66,171136.464,409,159868.694,449,210696.147,456,146575.65,388,100913.629,259
109518221,Yongsan,66,45127.428,124,64659.391,167,143737.696,130,127742.375,278,82810.72,73
109523265,Buk-gu,66,113925.69,306,99086.797,269,134723.791,322,161155.815,396,61114.903,181
109603806,Seocho,65,163880.879,296,59047.61,218,121360.433,489,128269.546,289,99147.264,182
109636609,Yangcheon,65,165382.926,276,196703.605,117,170610.5,107,145677.857,112,70660.875,57
109648315,Gangnam,65,138852.563,250,99244.724,336,112147.995,260,165588.108,208,69487.67,69
109715456,Gangnam,65,85327.666,355,51633.129,262,57204.753,217,119660.142,335,37602.21,158
109742446,Yeongdeungpo,65,156513.995,363,122087.603,274,136480.579,407,126857.635,284,61761.196,142
109831559,Gangnam,65,281732.329,298,193809.692,238,144204.151,222,343486.95,248,137307.279,122
109834446,Seocho,65,127152.539,206,133391.084,245,162100.61,191,152641.407,188,95843.76,80
109956891,Seocho,65,75762.193,193,63116.34,119,132800.872,124,132338.984,257,132963.55,89
110052935,Gangnam,65,9547.19,30,7461.3,28,97251.93,76,158335.251,180,16478.47,36
110075366,Ganghwa,65,109301.72,280,96579.068,242,116186.54,198,129655.55,171,16421.92,69
110087856,Gwacheon,65,59803.836,169,48154.385,177,58386.749,173,125012.59,132,55084.295,127
110090442,Yongsan,65,108859.084,218,126833.706,170,110689.496,190,148872.24,197,66746.41,86
110099995,Gangnam,65,46949.8,60,69931.09,121,44185.14,75,182906.21,110,160148.41,100
110112773,Bucheon,65,50815.043,295,33167.842,131,93151.376,171,192632.497,234,122260.618,111
110163264,Seocho,65,126722.612,327,149829.172,207,120552.592,169,133012.964,199,43877.278,100
110250008,Seongnam,65,105377.62,308,268188.629,324,801738.586,442,228163.59,319,62085.168,107
110303355,Seongdong,65,0,0,129480.972,211,215696.952,226,88797.213,173,142833.088,110
110349079,Gangnam,65,282854.03,194,539789.088,167,417371.643,184,258096.749,171,64740.444,117
110362429,Gangdong,65,25099.659,154,111329.665,329,204289.61,372,160354.774,330,132571.97,188
110369421,Gangnam,65,110611.728,181,171621.331,191,185590.761,247,127063.943,245,93160.094,87
110384143,Gangnam,65,136704.065,710,153889.462,448,129486.666,478,116724.941,461,81179.989,224
110439054,Gangnam,65,67773.717,168,29830.123,68,75833.183,105,137528.21,97,80013.72,34
110462243,Gangnam,65,46203.751,210,52482.296,216,103257.537,218,133741.124,196,62657.814,114
110462767,Bucheon,65,167946.552,427,148797.348,305,140466.257,342,150164.569,371,52930.18,164
110627341,Yangcheon,64,131112.109,396,178723.71,420,119497.002,401,150879.56,319,61491.249,121
110637192,Songpa,64,118302.73,280,103707.781,312,129120.309,292,195731.925,256,69465.305,156
110662196,Ulju,64,45841.117,241,68996.025,239,160066.09,275,147718.3,222,69451.903,122
110685723,Gangnam,64,159136.772,380,261967.058,358,184497.943,324,222807.978,330,140525.957,146
110699454,Gangnam,64,257693.931,358,169785.533,251,107631.146,310,123922.905,195,102216.86,138
110749061,Seocho,64,131994.623,256,71544.648,249,131090.553,250,179633.193,315,124651.006,139
110781173,Yeonsu,64,39700.335,163,156403.941,170,71817.15,168,171939.793,175,22937.9,49
110782481,Songpa,64,150335.357,207,156440.304,172,120612.599,92,590202.501,258,183105.822,104
110821543,Seongdong,64,155404.108,478,208769.601,562,131680.096,410,196079.592,402,59267.481,106
110856464,Songpa,64,118698.882,259,184390.405,244,241282.97,242,200849.233,178,83649.369,93
110872664,Yangcheon,64,53292.263,409,50933.887,343,97920.633,327,128680.324,363,83552.876,189
110904991,Seongnam,64,122290.523,178,71344.546,106,181840.41,151,138559.59,159,43859.878,68
110910879,Gangnam,64,119067.264,323,127767.875,252,90353.122,167,284383.529,260,135702.34,53
110939632,Gwangjin,64,44316.404,286,99275.31,356,126593.555,664,135599.428,803,91790.681,431
110954931,Gangdong,64,13725.881,60,20665.615,37,125227.843,157,121606.335,239,14996.205,174
110956198,Gangnam,64,58784.678,219,75547.424,214,100847.767,262,142389.424,277,72263.765,140
110969761,Gangnam,64,116578.937,184,109789.439,302,116592.601,280,126415.456,253,40239.586,151
110986965,Yangcheon,64,140286.903,277,124833.285,253,175595.95,300,145162.269,181,101486.939,167
111030328,Seongnam,64,152967.71,500,515183.187,433,356719.992,386,680224.869,532,322206.718,240
111041001,Yeonsu,64,137551.599,273,132362.678,299,139426.794,264,140577.273,290,63096.055,129
111073364,Gangnam,64,14286.161,58,29774.598,49,19484.102,54,113790.328,65,11918.05,23
111144986,Seocho,64,54560.65,104,65869.16,86,109825.061,182,128092.237,198,62501.657,107
111261899,Gangnam,64,108532.077,256,160695.107,387,186736.279,308,185311.373,287,97963.14,124
111270471,Jongno,64,65500.193,248,123493.921,279,173379.745,320,133119.973,291,57577.448,122
111311948,Yangcheon,64,139487.023,213,141556.745,233,157195.443,207,239415.149,201,118062.116,74
111381595,Gangnam,64,389669.603,523,633794.156,568,695840.39,645,412984.36,512,141805.623,182
111388935,Yangcheon,64,62083.104,324,81820.609,248,105102.84,290,151724.852,281,95885.061,167
111540773,Seongdong,64,30809.85,153,31213.854,118,95843.023,198,144107.028,169,60497.026,101
111597807,Nam-gu,64,106129.186,233,112717.824,228,105258.705,268,136068.803,315,82842.764,202
111606841,Yangcheon,64,162694.911,219,122732.405,271,138801.527,169,137428.282,185,198382.208,253
111667341,Gangnam,63,61781.271,119,96777.014,221,179858.923,265,148620.819,284,140779.488,189
111700041,Seocho,63,341641.508,553,235139.786,613,363182.078,537,363049.585,475,147001.454,171
111718191,Gangnam,63,85640.39,177,142368.31,217,181264.137,190,148710.819,288,113425.563,202
111834825,Seongnam,63,97820.701,358,123014.047,469,54520.369,350,134768.86,432,65721.062,279
111866755,Seongdong,63,271518.706,197,452099.818,301,216118.294,200,247736.515,318,97960.721,210
111867327,Gangnam,63,114131.735,247,141928,212,168055.97,186,188530.476,250,153412.29,96
111910939,Gangnam,63,85096.248,203,53948.243,165,138051.659,265,169042.744,251,126052.894,117
111947558,Songpa,63,91924.865,349,98265.406,343,76800.002,298,143231.975,282,59245.924,169
111995346,Gangnam,63,150308.848,338,136896.591,249,138508.275,218,224086.28,250,46247.154,74
112001364,Seongnam,63,330669.116,320,358159.943,351,400099.523,323,256852.7,274,108270.254,105
112010731,Anyang,63,246652.794,557,251710.38,313,74297.793,299,97035.642,409,103084.35,134
112118656,Mapo,63,195461.712,179,165970.666,166,486435.381,234,139674.257,101,65964.82,51
112178501,Nam-gu,63,87584.542,180,136735.145,214,341146.036,317,213853.848,236,70581.81,142
112255256,Yangcheon,63,149919.713,256,255450.933,320,228031.846,300,219414.717,307,165316.693,197
112273258,Seocho,63,374046.207,607,501599.242,494,565697.041,565,222944.94,236,235535.235,249
112375991,Gwangjin,63,90210.722,302,176043.435,329,38198.836,193,123477.167,268,44775.115,147
112436538,Nam-gu,63,73617.681,153,56851.738,252,96377.95,362,157377.692,443,107138.672,244
112437911,Seongnam,63,1611.617,54,4835.109,135,58644.038,231,142547.716,344,131778.601,184
112442901,Nam-gu,63,0,0,44689.44,27,106811.76,99,128244.159,116,36184.839,78
112462053,Gangnam,63,517770.917,542,522843.404,523,560626.858,713,413489.272,573,291327.227,354
112498072,Gwangju,63,137396.198,254,205142.963,282,189445.492,235,257495.73,301,200803.752,151
112542284,Gangseo,63,28444.8,305,43146.687,379,66490.732,362,123443.922,488,69874.373,276
112547666,Seocho,63,381713.605,463,76198.228,164,218388.293,335,142870.986,158,85185.242,113
112596684,Seongnam,63,179061.106,145,184984.325,194,139600.038,115,141540.921,185,121622.415,72
112658227,Gangnam,63,43129.521,91,74698.376,163,172802.322,293,220622.265,379,216862.731,139
112763618,Gangnam,62,37728.966,526,61981.239,617,107934.573,454,143294.168,383,69616.78,152
112783271,Yongsan,62,208929.719,478,107091.047,311,122382.489,383,161067.89,230,204743.065,168
113022811,Seocho,62,65583.557,293,55555.067,264,95559.586,321,164184.513,348,74706.984,180
113027645,Songpa,62,96197.467,359,83026.35,353,82315.347,338,199446.368,284,28184.714,123
113044746,Nam-gu,62,146074.284,352,247920.395,418,166409.13,356,184163.156,383,7856.428,35
113132999,Gangnam,62,108192.485,562,283896.077,399,122620.426,322,147349.061,352,81911.143,173
113179531,Gangnam,62,70015.648,184,78995.035,155,179491.181,177,134679.62,138,40144.408,54
113239893,Seocho,62,48228,166,34896.11,106,28379.96,106,167680.6,132,31189.097,47
113247664,Gangnam,62,125333.744,357,142251.736,307,137867.839,272,156515.794,333,60107.144,101
113310597,Gangnam,62,181527.644,466,211769.36,501,173137.833,431,147446.744,330,142999.95,236
113330951,Goyang,62,116038.03,531,132761.693,364,157562.475,344,327875.294,404,179966.336,135
113351355,Gangnam,62,73701.478,452,56383.888,473,93307.2,463,177674.583,499,121719.359,223
113474174,Yongsan,62,480154.184,679,286443.089,338,365699.974,326,653601.986,406,464846.282,174
113477648,Gangnam,62,283227.728,318,228354.89,293,174861.353,272,266648.633,320,149623.864,204
113552131,Gangnam,62,56281.5,562,61291.237,327,45500.868,277,130063.364,222,47701.752,113
113614083,Seongdong,62,3280,16,10507.101,24,102871.62,59,219037.612,252,9286.516,66
113627433,Gangnam,62,77151.058,510,77076.841,535,61443.387,357,133672.301,293,46518.185,145
113707783,Gwangju,62,86625.202,131,74470.7,113,58608.788,103,128836.083,128,9108.281,43
113726918,Gangnam,62,225361.303,372,228687.163,297,216704.344,287,215625.767,367,152804.864,266
113731861,Gangnam,62,194288.269,257,143297.306,186,98329.001,188,131625.28,227,81698.322,176
113746621,Wonju,62,17441.6,12,860,1,660,1,127221.98,98,39293.48,34
113812479,Yongsan,62,74009.953,427,80720.485,434,146304.99,479,191050.928,578,32753.601,198
113861036,Yongin,61,50035.046,120,69292.214,160,139183.229,297,167638.001,292,89645.62,140
113908464,Yeonsu,61,59129.994,188,60999.611,146,22812.419,100,124904.814,161,23498.04,73
113951758,Yongsan,61,21197.028,83,72980.583,87,216325.239,135,346444.822,322,140255.793,109
114040251,Gangnam,61,95454.396,208,143814.751,278,129924.729,390,186348.733,346,112228.803,169
114082902,Yongsan,61,110332.411,129,198105.244,318,193199.343,338,221663.919,303,82043.828,116
114149573,Dong-gu,61,11545.327,212,8013.8,190,63334.429,289,146847.438,374,22016.703,125
114190814,Yangcheon,61,75297.168,236,59798.65,210,75798.323,194,146723.727,262,104388.795,202
114271238,Gangnam,61,91855.428,240,96003.481,252,126564.089,272,187229.161,306,100392.376,109
114314157,Gangnam,61,198709.873,332,189168.806,299,216795.426,354,235177.171,398,115445.518,189
114384311,Seongnam,61,83687.47,170,69853.374,218,77420.488,251,144938.408,222,47831.446,185
114389565,Gangnam,61,56075.869,275,69023.608,316,83070.491,255,159161.236,218,114431.513,120
114399692,Yeongdeungpo,61,58176.808,78,23444.42,95,124353.653,203,190877.228,215,2924.98,43
114433974,Gwangju,61,56911.993,230,63591.47,254,118556.59,264,132810.317,303,24704.539,131
114535011,Seodaemun,61,149820.787,374,312552.246,404,252144.86,381,374362.745,346,99374.404,195
114536435,Seo-gu,61,55146.478,228,61488.582,221,168989.473,251,124710.634,226,83269.509,144
114565227,Seocho,61,64380.191,266,123040.935,183,103603.6,118,154821.902,98,10238.63,9
114584459,Gangnam,61,78322.353,284,126856.819,299,192379.401,320,242135.607,314,25534.288,87
114598597,Gangnam,61,56404.435,261,110489.009,286,125375.56,365,135129.734,264,65812.696,135
114600141,Eumseong,61,53809.078,149,43065.281,201,58414.27,212,150436.359,291,47704.76,150
114623971,Gangnam,61,89025.268,339,119320.609,480,115088.495,420,129500.352,427,67428.899,170
114692451,Gangnam,61,230617.793,358,203242.849,365,239647.006,373,314828.832,376,139920.452,165
114730851,Seocho,61,117549.754,307,151303.052,249,209858.409,259,383714.98,279,59273.573,98
114780334,Yongsan,61,101473.124,185,119808.143,115,165127.413,185,172704.598,182,133476.408,49
114852108,Seocho,61,54201.896,187,63537.648,201,127666.099,293,195096.245,355,108115.165,197
114906631,Yongin,61,48900.894,100,94322.8,91,50788.25,68,134204.816,135,89043.04,95
114997494,Eunpyeong,60,71517.989,273,84706.794,254,113793.015,264,163405.04,323,91925.594,141
115045732,Songpa,60,156290.976,135,51454.387,78,120065.778,159,175629.903,200,73217.94,96
115112585,Seocho,60,33947.614,495,176399.313,483,101070.293,475,241913.21,485,88872.196,237
115138921,Songpa,60,150358.148,220,126619.227,182,134549.961,227,123165.714,182,69885.914,126
115264337,Yongin,60,4868.95,55,6147.5,35,59511.4,46,132024.912,193,132810.633,113
115326068,Seongnam,60,73308.796,157,120089.543,141,66504.724,185,121330.486,190,60182.138,109
115335749,Gangnam,60,248004.744,256,196763.889,238,222377.476,252,270681.35,188,124027.494,91
115423515,Yongsan,60,62279.696,155,82321.885,171,113651.54,227,156456.223,272,23837.37,113
115483351,Gangnam,60,181702.725,227,47160.485,123,105442.005,164,182765.433,251,54782.31,120
115536759,Mapo,60,84475.965,187,266778.805,234,269203.241,367,101515.737,207,56538.142,129
115611567,Gangnam,60,119493.302,302,113012.994,307,122921.146,196,125195.846,262,47318.227,82
115652169,Yangcheon,60,76967.543,366,96821.032,354,111418.143,373,125732.478,289,58520.833,131
115729628,Gangnam,60,59775.853,240,132033.89,203,97969.49,251,124188.29,222,62873.3,139
115739307,Gangnam,60,56562.897,218,70806.259,281,94988.633,298,123120.572,258,55479.875,128
115780987,Jongno,60,71990.855,220,89186.322,188,135958.936,117,121097.116,200,33448.808,79
115804408,Gangnam,60,113367.188,191,71829.705,219,167611.011,218,207471.274,227,45332.58,60
115859304,Yongin,60,185743.56,359,184779.339,221,256037.54,202,237017.516,176,30580.691,107
115875558,Gangnam,60,219713.724,310,153524.827,285,161006.128,301,249261.528,383,141595.38,284
115914074,Dobong,60,121668.866,357,109834.264,323,116047.076,230,142857.09,217,67475.501,96
115927387,Nam-gu,60,164549.274,243,127942.828,247,133897.812,233,167479.111,255,131080.204,208
115959837,Seongdong,60,22360.71,37,15552.98,44,69496.1,94,159413.097,148,57707.64,45
116038647,Gangnam,60,77652.664,148,140776.207,133,159117.43,186,133716.85,158,85366.85,94
116048592,Seongnam,60,148918.241,305,151474.434,288,156400.673,307,136222.702,262,37348.501,119
116063625,Nam-gu,59,163091.8,208,85291.253,176,92044.261,196,123201.682,266,75349.546,140
116064961,Seongbuk,59,127405.488,154,46635.053,184,99354.201,192,169015.644,249,11839.428,58
116158631,Goyang,59,142799.691,273,69480.233,187,34810.076,88,123118.58,98,36458.595,59
116178201,Yongin,59,151050.607,205,167740.017,317,166823.802,269,118068.51,188,146803,170
116180501,Gangnam,59,80437.93,105,46986.544,127,78131.213,167,140994.669,163,55470.17,101
116202016,Seongdong,59,7488.352,24,73371.154,64,160636.688,164,121154.294,229,6666.772,52
116226501,Seongdong,59,110827.923,371,80183.815,226,53413.05,145,142665.855,257,52070.17,131
116263511,Seocho,59,35520.939,85,27990.609,88,31332.611,194,275294.922,378,112111.328,212
116269114,Songpa,59,44479.226,309,65235.553,232,95820.13,277,196229.37,337,83998.834,113
116366825,Gangnam,59,19584.952,48,116114.338,76,102140.223,211,125770.178,228,41094.473,85
116480223,Yongsan,59,131550.984,439,183902.351,382,159521.058,326,178528.736,169,116063.906,71
116505138,Mapo,59,148802.43,217,95138.296,204,145428.21,226,259826.026,354,70096.952,208
116531271,Bucheon,59,42724.995,201,26197.939,122,210967.235,188,179395.012,282,15447.231,131
116603061,Gangnam,59,111084.819,499,103947.774,637,113206.094,380,147511.23,283,129486.385,228
116709364,Yongsan,59,95621.572,388,109256.461,449,115392.271,439,137838.342,372,109188.354,206
116764171,Gangnam,59,50362.378,236,57318.272,278,79876.988,315,173805.503,312,49037.07,152
116807017,Gangnam,59,93072.054,530,101363.161,538,140002.466,585,265534.325,552,98414.739,255
116864802,Yongsan,59,102541.809,98,188146.159,151,169140.52,195,128752.806,173,38888.35,49
116882676,Nam-gu,59,126267.353,105,111394.167,168,135681.624,140,234972.212,199,99690.81,86
117051578,Seocho,59,105426.503,338,80765.918,337,102149.847,344,129283.384,324,114864.931,188
117199845,Yongsan,59,23494.33,38,95922.876,137,293351.818,239,530289.44,321,125598.03,91
117233958,Seocho,58,2715.9,12,12610.232,30,51209.352,195,131332.54,237,22753.143,85
117264513,Nam-gu,58,61226.264,297,72277.432,244,161997.498,304,224385.488,206,29521.824,45
117281837,Seongnam,58,83055.59,322,100700.606,349,97596.475,253,136845.881,229,72414.908,75
117321765,Gangnam,58,85734.59,182,122657.877,169,131484.328,251,152722.087,196,211409.712,83
117433502,Gangnam,58,234010.662,453,227554.593,596,377009.983,485,404798.058,494,277000.077,151
117499907,Gangnam,58,116472.826,304,106774.852,184,119114.696,300,177930.723,280,57504.487,120
117545739,Dong-gu,58,67665.581,406,60458.43,294,104307.241,239,359470.345,543,95678.169,65
117575501,Seongdong,58,56272.067,226,71424.031,128,101602.115,220,118143.16,200,52847.597,82
117667105,Dalseo,58,119421.81,32,128266.1,41,150771.87,80,144900.05,64,108572.3,40
117756601,Yeongdeungpo,58,90354.405,236,111090.85,190,139247.774,245,139597.208,213,70642.024,123
117756785,Gwangmyeong,58,77785.416,168,93037.841,244,100210.03,134,118689.011,172,149985.37,103
117804982,Yongsan,58,67358.979,282,94953.853,343,148751.888,276,97865.207,243,126993.69,84
117812283,Suwon,58,93141.834,202,90653.984,145,120447.808,238,152303.3,214,74651.954,157
117823441,Songpa,58,164906.733,177,191759.211,143,103156.896,137,151189.725,198,46496.14,139
117976068,Yongsan,58,139407.565,598,149814.719,360,173269.589,345,166371.666,273,37553.997,110
118001812,Gangnam,58,151221.433,192,69433.436,147,9095.62,29,129267.524,110,15906.914,43
118018757,Gangnam,58,44213.021,69,105786.067,172,110788.999,167,123869.276,225,37683.079,73
118152955,Mapo,58,70367.76,405,105087.005,328,89269.358,330,144236.584,394,98753.496,281
118189232,Seongnam,58,133527.618,310,197269.972,176,127371.622,229,417175.822,430,83287.398,55
118200169,Gangnam,58,89755.451,210,111632.408,175,99919.842,140,127308.813,143,25800.829,42
118379935,Yongsan,57,6005.433,50,4956.65,56,181686.697,62,173423.743,141,21092.001,77
118390794,Yeongdeungpo,57,32749.021,129,123665.704,215,271119.969,266,219683.44,190,49722.914,81
118391156,Geumjeong,57,113538.431,85,125266.462,95,119670.647,149,145088.499,173,62200.683,55
118491832,Songpa,57,65803.727,304,87558.488,245,195697.786,301,163840.659,198,6612.636,23
118603638,Seongdong,57,8460.51,64,18315.331,159,142084.75,232,180430.51,384,37057.29,143
118604946,Bucheon,57,94098.916,271,97198.095,272,116467.658,321,150156.852,261,114648.58,152
118687631,Gangbuk,57,20958.199,131,17825.246,127,50510.316,211,127726.596,165,50627.27,60
118703004,Junggu,57,59769.305,225,47811.974,259,50475.083,242,171033.718,301,52747.667,133
118860696,Ulju,57,140509.62,514,98453.301,464,119781.217,333,130425.138,261,79651.298,168
118877652,Eunpyeong,57,203806.051,472,193638.831,440,250368.389,432,345331.791,618,134092.16,252
118882592,Gwangjin,57,103113.234,345,89843.498,291,128942.394,240,153407.724,202,83575.617,145
118997662,Guri,57,85330.328,354,81118.716,225,152392.338,237,150147.022,290,44321.066,152
119002792,Gangnam,57,25370.772,466,52399.056,544,124210.247,640,169549.211,547,62244.984,246
119114906,Nam-gu,57,24040.455,128,62557.258,209,119822.638,109,151614.744,187,75305.622,92
119181274,Bucheon,57,35159.711,219,32848.873,119,79574.82,168,137494.27,275,97484.168,173
119296331,Songpa,57,115476.482,339,149604.198,258,276331.227,318,387228.729,345,47341.799,167
119303701,Yongsan,57,109714.311,129,121939.484,275,67874.875,222,124806.559,184,24943.662,99
119306079,Seongdong,57,19908,44,82368.378,165,120761.914,277,128926.11,314,98908.3,136
119358439,Seongdong,57,0,0,59,5,155389.464,73,146898.76,112,34052.8,32
119391272,Gangnam,57,37463.545,401,77947.254,285,96421.775,395,141779.937,306,82735.308,81
119484903,Seongdong,57,31094.504,38,139349.164,126,155150.875,210,284901.981,237,103848.46,100
119530371,Songpa,57,55933.322,128,45289.612,164,79548.97,233,181220.793,358,90692.34,103
119577074,Songpa,57,68959.291,246,171360.052,214,109306.403,173,130894.087,289,67768.677,101
119599908,Seongnam,57,77916.77,323,63828.631,348,154322.662,207,97759.322,177,17340.968,86
119654381,Gangnam,56,68175.235,277,119607.483,380,75073.678,270,197849.869,270,62978.011,115
119717181,Seongbuk,56,71231.868,257,57557.368,358,97960.939,288,166576.939,274,49351.56,68
119729841,Yongsan,56,41727.1,91,9923.2,70,111735.2,118,146908.89,256,105337.95,156
119796781,Goyang,56,111410.195,270,122819.031,198,134222.952,197,129486.538,259,75667.954,126
119804329,Gangnam,56,179512.457,431,158147.57,252,192820.716,367,161157.592,369,119923.837,169
119839854,Seongdong,56,1928.33,51,899.9,19,25628.16,99,125979.392,342,44236.842,171
119887523,Gangnam,56,78067.414,278,73235.308,243,78924.248,229,136647.608,232,63754.293,106
119944251,Songpa,56,2586.1,22,42280.34,51,116325.39,194,183424.007,227,16234.23,58
120030604,Gangnam,56,29602.063,145,71595.678,220,144760.252,267,150410.06,190,42638.944,69
120097442,Seocho,56,53537.011,159,93916.857,200,199722.873,283,217369.549,180,66624.286,83
120143341,Seocho,56,133349.808,387,67129.432,307,72193.498,268,124053.784,261,33353.942,102
120154142,Songpa,56,45406.972,229,72132.406,320,115893.634,292,175295.584,360,124197.437,194
120303081,Mapo,56,0,0,9747.062,51,67384.848,147,149891.997,247,11312.991,106
120307011,Gangnam,56,18145.4,28,69191.2,44,174926.379,140,126366.968,130,81351,61
120322412,Gangnam,56,20621.054,163,66568.443,227,99805.491,219,141916.064,235,49012.72,68
120331285,Seongnam,56,171404.654,334,148668.376,326,117093.505,212,142313.562,162,64828.78,109
120607978,Gangnam,56,150510.521,95,115338.964,206,87935.799,135,173332.392,209,63731.087,96
120618391,Seongdong,56,39019.909,64,-3861.508,142,123968.864,210,138743.336,290,45007.056,86
120687809,Gangnam,56,122889.475,260,144776.565,197,228878.441,191,133741.35,229,69790.441,110
120783547,Gangnam,56,154836.681,269,245148.354,285,250073.904,407,116518.802,222,68620.875,86
120789228,Gangnam,56,133321.024,524,189683.405,567,127869.278,349,126174.698,217,38726.32,70
121000831,Yongin,55,6312.99,51,-116.404,26,77529.592,260,144321.467,649,131621.559,281
121113626,Yeongdeungpo,55,141412.176,295,150878.216,290,91427.489,279,181283.305,272,100855.928,175
121153838,Seocho,55,46351.077,254,126778.96,175,118949.065,176,171967.47,214,68892.459,86
121203878,Geochang,55,72876.973,266,56832.52,167,124102.554,377,133654.78,351,37085.93,173
121520755,Yongin,55,331353.105,458,481380.23,408,342703.42,222,133407.99,113,51757.726,74
121588181,Gangnam,55,33349.467,213,61353.1,331,158388.68,360,382422.686,448,126451.241,139
121606717,Gangnam,55,59012.211,655,53455.284,230,113591.748,213,130155.59,319,105983.752,152
121677118,Gangnam,55,33546.786,93,114736.67,81,127029.952,160,149373.597,127,12616.755,40
121684793,Yangsan,55,145836.991,398,104993.55,186,128039.27,233,165520.54,245,86265.79,121
121689586,Eunpyeong,55,1528.7,13,1341.18,16,589,3,133758.7,15,133050,11
121714174,Gangnam,55,76745.948,222,170571.503,299,119143.387,227,242640.476,256,149184.044,108
121735392,Seongnam,55,91131.79,1085,75948.764,1242,60217.472,935,138894.676,1123,70235.103,507
121740536,Songpa,55,48993.976,90,80302.25,78,102195.6,68,194159.044,155,77874.78,70
121791224,Gangnam,55,85400.798,270,82735.248,204,74788.138,215,140700.608,232,71120.822,121
121797093,Yangcheon,55,49893.362,372,71817.172,367,173732.382,407,142549.41,289,154292.992,187
121806174,Gangnam,55,57723.871,262,155758.225,215,159659.095,381,189591.507,384,35951.396,101
121814588,Gangnam,55,8267.25,16,33244.4,25,48679.698,79,185754.041,248,134513.174,172
121933405,Yongsan,55,161142.516,282,178024.502,225,339218.825,221,385427.622,329,165050.7,114
122024984,Gangnam,55,147350.918,240,113480.85,165,121936.062,139,130952.058,209,41076.5,46
122036021,Seocho,55,102114.345,232,117900.734,349,180924.951,419,142078.628,407,62613.184,200
122044173,Bucheon,55,103635.987,361,101547.39,277,130368.051,259,179026.603,192,141354.806,72
122082542,Seodaemun,55,48705.625,114,92471.8,121,98916.33,171,141898.935,151,173559.65,121
122170124,Yongsan,55,1080879.776,425,705724.001,252,940642.964,411,176858.762,259,111037.252,152
122173366,Bucheon,55,139000.525,702,148014.903,378,125360.894,319,221646.464,199,107186.808,50
122431533,Gangnam,54,49811.539,293,75928.124,240,186295.951,373,237750.695,330,146891.07,147
122582021,Gangnam,54,3540.77,22,14673.08,64,49243.612,146,127911.871,257,119018.319,136
122637258,Gangnam,54,15141.153,65,36075.61,88,210289.706,244,175026.209,255,10370.738,40
122693826,Gangnam,54,68409.642,355,111242.712,313,127849.732,288,137178.071,283,136426.537,85
122735086,Gangdong,54,81727.341,190,113512.439,205,102231.708,208,127305.956,138,65742.816,78
122817511,Seocho,54,200556.958,191,155220.9,91,74227.4,61,161864.63,184,72707.5,58
122826161,Gangnam,54,198448.148,676,225060.267,886,262711.977,718,290874.737,948,203222.816,451
122829176,Gangnam,54,128489.259,108,73042.101,76,115035.98,85,126612.288,110,65751.389,66
122894037,Bucheon,54,61694.897,273,100053,417,130779.3,576,146290.239,461,66063.765,229
122931115,Seongnam,54,91689.82,286,109225.068,214,102722.876,188,151292.225,234,74543.868,117
123155619,Gwangjin,54,7101.6,13,100958.31,78,240053.683,148,388525.221,388,172049.396,138
123181188,Namyangju,54,66455.733,255,48271.027,241,89204.285,294,125741.097,328,175181.074,215
123246103,Gangnam,54,67681.542,301,54833.488,277,78549.308,305,169525.122,333,70037.865,219
123332645,Jungnang,54,99102.814,192,185087.65,256,223613.39,275,145836.645,159,120087.236,157
123358001,Seongnam,54,0,0,2370,1,79667.061,54,121654.282,66,119608.79,35
123419718,Gangnam,54,110321.956,206,117944.373,199,219876.988,321,184162.547,242,79223.84,188
123434679,Gangnam,54,3812.69,35,6101.4,12,9648.176,67,158216.12,241,33408.146,237
123485733,Seocho,54,185093.372,362,146644.708,345,189751.337,407,193328.778,347,56916.348,151
123493909,Songpa,54,49273.151,367,62246.871,319,61129.334,315,149652.822,370,103581.896,158
123557234,Gangnam,54,73708.876,527,75261.63,549,94136.067,382,202091.97,399,65685.966,131
123566733,Gangnam,54,34372.556,129,119991.631,206,117639.234,186,127115.958,223,121110.086,119
123649115,Gangnam,54,354687.333,615,391825.746,469,511206.355,368,642611.541,582,233087.143,267
123671589,Seongnam,54,36831.003,185,85161.568,135,135225.752,154,120867.303,192,54957.08,61
123675299,Goyang,54,214649.254,176,218187.761,199,170878.073,192,122533.618,171,40345.747,76
123683085,Suseong,54,16470.758,105,20696.502,101,25176.487,59,173607.27,278,40521.751,153
123732694,Gangnam,54,136564.422,188,204274.964,364,224980.965,287,319754.114,236,154353.528,102
123773032,Gangnam,54,11362.676,134,28556.683,127,13268.975,112,134017.132,110,26244.952,48
123824798,Gangnam,54,182160.921,234,159034.993,268,177770.505,333,192821.388,309,58006.276,145
123872335,Gangnam,54,24195.082,190,50475.516,223,140261.19,219,182193.77,236,162470.094,96
124111096,Seongnam,53,0,0,155701.875,145,285632.24,282,290400.994,297,27713.333,152
124111566,Gwangmyeong,53,52207.3,83,123941.12,161,280378.6,310,160275.03,223,70637.1,95
124122958,Seongdong,53,133208.666,308,209345.301,310,153862.54,246,192888.854,275,177437.81,149
124152575,Gangnam,53,31652.5,156,36166.258,129,83620.25,253,141945.589,426,93903.34,185
124165336,Yangcheon,53,16669.755,110,27211.667,174,55189.397,323,149532.91,233,23805.07,94
124358183,Gangnam,53,130572.128,349,141078.174,321,269990.919,297,151870.801,360,127601.3,194
124648722,Seocho,53,575074.7,95,460612.44,84,310269.48,81,406206.25,181,369801.47,103
124709537,Yongsan,53,114914.77,289,264113.97,383,353100.611,383,407784.666,449,125081.35,152
124777984,Gangnam,53,91657.403,505,72215.841,540,121831.454,438,137502.844,391,94642.072,179
124780135,Yongsan,53,103540.386,216,96089.612,229,103139.928,168,167046.051,200,145885.45,103
124814865,Seongdong,53,151345.959,267,327320.174,232,545606.261,296,603985.28,411,243648.281,175
124858211,Dongjak,53,6862.13,61,14088.71,23,70662.06,195,118651.701,305,120025.59,224
124957566,Gangnam,53,170055.885,232,236041.393,179,320720.102,206,204336.845,164,81692.882,56
125136842,Gangnam,53,112609.404,93,163347.925,171,193523.155,165,272733.903,258,29198.656,41
125208672,Seocho,53,73949.825,129,96184.198,198,110891.631,257,143309.374,314,47299.477,130
125223248,Nam-gu,53,12717.7,53,3960.15,33,28933.57,111,137036.21,242,91092.29,118
125302602,Yongin,53,20163.537,283,70237.587,261,95895.574,291,118960.529,353,56522.685,128
125346082,Yangcheon,53,71873.045,228,54485.676,261,128687.654,280,132510.669,221,36907.963,105
125496766,Gangnam,52,90385.732,282,57159.9,150,98536.682,146,126252.26,227,22599.57,116
125759351,Seongnam,52,63480.31,167,92964.086,180,106864,195,166925.568,242,104866.43,138
125809597,Yongsan,52,2189.38,25,26793.964,57,144177.167,68,185662.609,65,118908.301,49
125877906,Gangnam,52,104933.797,540,120014.068,599,181140.942,608,147332.054,637,100970.668,225
125919019,Seongnam,52,112238.124,163,168036.24,206,142058.21,200,77538.705,204,73834.589,125
126046461,Gangnam,52,88692.111,224,119489.9,289,130271.132,286,125334.662,237,110361.612,126
126070666,Gangnam,52,193136.869,455,152468.482,634,222185.146,562,306758.387,556,136842.952,252
126079221,Gangnam,52,65397.093,210,35291.818,90,86122.486,138,199351.435,258,154323.842,154
126120681,Gangnam,52,141995.209,328,118829.982,277,129722.153,301,143743.627,228,47446.488,71
126152723,Gangnam,52,91599.485,456,68815.128,429,107357.111,353,264172.015,405,71294.496,226
126193823,Seocho,52,90405.628,158,31559.783,79,82623.339,134,173498.012,220,56000.01,76
126362145,Seongnam,52,74428.501,160,103015.08,170,134212.73,341,253528.476,386,105226.051,242
126386486,Gangnam,52,90860.54,307,87432.324,249,75395.007,326,157361.594,326,112820.88,193
126423371,Gwangjin,52,20705.18,157,25644.407,120,95978.179,251,358507.883,492,259628.715,234
126570461,Seocho,52,161033.126,715,216558.045,586,179406.023,467,263246.563,433,124153.54,253
126629404,Gangnam,52,120974.767,252,104928.767,273,106313.122,200,163183.018,216,52247.376,86
126718153,Seongnam,52,60385.916,262,119930.878,339,134624.854,356,269093.764,376,2920.498,47
126858515,Yongsan,52,78466.896,407,164409.918,603,200943.436,596,240395.089,371,41701.333,150
126929037,Seongdong,51,41263.126,249,46670.439,231,72220.15,307,134300.501,379,35799.83,100
126937481,Seongbuk,51,158599.138,293,92206.321,267,131072.365,235,127744.968,231,65067.092,56
126958396,Yongsan,51,170214.903,238,269887.687,292,200559.241,287,428622.172,264,273670.882,94
126958578,Yongsan,51,87633.976,170,130443.056,237,118281.846,146,139435.949,136,45004.107,83
127036461,Gangnam,51,125587.355,211,152284.313,268,95273.673,195,160042.221,173,65197.179,64
127157175,Seongnam,51,83453.95,104,125031.983,189,138079.537,250,168402.363,345,83585.56,214
127265804,Junggu,51,172433.286,185,184480.916,220,157076.955,126,193726.617,175,40110.75,61
127397182,Gangnam,51,82602.658,364,37574.241,277,616505.248,328,163069.874,313,171996.896,119
127496786,Gangnam,51,178621.565,285,80080.758,337,100918.072,321,131083.366,282,2164.9,11
127636312,Gangnam,51,69744.036,577,96710.35,502,106763.208,406,189277.8,398,174892.871,180
127650212,Dongjak,51,10643.333,159,21642.536,133,160611.885,252,118393.67,296,67547.6,144
127660971,Yangcheon,51,77054.61,308,61931.44,208,92998.873,241,131573.93,212,39969.52,100
127672043,Seocho,51,106973.957,166,125543.962,197,124567.03,147,123881.206,166,31563.17,35
127691221,Gwangjin,51,27071.948,192,31916.992,138,67334.897,135,203088.294,168,104906.966,126
127741601,Gangnam,51,24718.732,110,89563.469,338,123239.544,404,132562.258,376,30535.49,128
127798938,Seocho,51,54642.213,215,92915.297,166,95030.129,152,124932.67,189,72546.181,93
127830437,Yangcheon,51,77492.976,195,133461.074,161,115284.202,257,132525.807,244,109447.43,125
127845617,Gangnam,51,133926.308,233,111625.075,206,139634.838,185,167255.208,218,68428.764,103
127862421,Bucheon,51,0,0,0,0,59725.597,131,131914.238,192,96335.639,172
127935542,Gangdong,51,9700.9,28,302152.614,237,463156.767,136,405789.822,189,161270.843,124
127990815,Seongnam,51,13055.343,185,32924.639,205,64042.918,234,128475.302,296,137110.741,152
128010837,Seongnam,51,126284.936,234,108589.556,211,109161.635,251,125780.954,236,105546.46,129
128104288,Gangnam,51,108550.229,241,136978.741,225,276345.159,335,334437.143,332,217861.729,145
128105148,Gangnam,51,49776.77,132,109965.481,158,137816.031,149,134042.655,179,83182.475,159
128379959,Guri,50,104686.882,161,116645.908,128,68406.38,62,117698.67,142,43617.2,57
128477928,Gangnam,50,150132.407,532,148305.332,609,266833.738,703,499619.293,766,127399.549,295
128487689,Bucheon,50,81398.497,244,82911.412,319,104783.628,337,160958.38,329,45314.345,173
128604418,Gangnam,50,48301.572,66,101713.605,140,115063.914,156,140602.8,155,49950.377,87
128654393,Songpa,50,106591.373,335,161855.188,426,216167.837,414,227655.243,338,143478.42,175
128721305,Yongin,50,63983.35,164,97685.536,204,118364.362,174,145205.13,157,68288.49,83
128727826,Mapo,50,93525.554,412,208739.855,486,294446.916,525,194680.137,452,137334.3,211
128762474,Gangnam,50,65854.781,136,54401.052,164,89493.271,222,130665.764,224,53392.58,75
128773223,Gangnam,50,84156.483,188,158934.635,178,156200.746,220,312696.963,181,113613.782,123
128827601,Gangnam,50,66609.04,281,85436.236,293,112267.355,395,172238.584,318,67973.585,179
128887537,Gangnam,50,85306.901,197,110982.527,135,127211.076,140,182292.194,190,37316.589,53
129002249,Gangnam,50,195806.999,475,152284.948,414,129202.531,311,165169.639,239,73169.786,87
129264949,Gangnam,50,85375.771,202,75977.577,215,88675.205,261,150584.676,264,49434.847,102
129307303,Songpa,50,115008.234,427,74000.663,413,160618.013,436,689674.507,577,55637.681,231
129586149,Gangnam,50,37277.325,167,124059.626,162,221426.572,213,132933.145,253,220504.84,137
129586991,Bucheon,50,75049.541,330,102062.337,262,123215.598,446,272211.172,381,107798.894,163
129605162,Nam-gu,49,76693.16,189,96863.166,225,145969.013,369,131411.255,291,65465,152
129690745,Gangnam,49,328121.804,648,324648.112,351,334089.904,427,125803.116,299,113156.348,139
129714601,Hanam,49,12936.07,19,53459.8,42,75173.87,64,159893.241,178,128635.504,142
129770725,Junggu,49,8654.2,16,18372.762,42,28581.84,54,130823.607,226,104019.409,206
129787538,Songpa,49,4006.8,13,34613.87,39,93762.47,91,129649.85,154,62121.701,73
129852221,Gangnam,49,148861.999,352,133235.689,252,102690.998,201,134523.113,273,69866.168,125
129941635,Mapo,49,204749.677,258,241764.047,281,511674.476,377,631874.021,353,153449.971,169
129966761,Seongnam,49,234286.404,578,204819.56,396,112723.547,235,159733.031,208,95733.846,150
129990309,Seocho,49,48058.219,333,42934.061,279,155392.991,300,138949.508,431,131579.9,183
129991632,Yeongdeungpo,49,27188.25,65,115423.593,169,232528.875,219,338236.19,143,48732.12,90
130006789,Yangcheon,49,88455.994,186,92133.857,246,96858.738,276,176579.442,391,52052.943,251
130040006,Nam-gu,49,123072.086,213,111220.092,303,116746.438,242,139468.72,246,84850.2,106
130059489,Gangnam,49,101146.2,177,108036.478,216,88952.79,169,130938.544,181,72780.016,104
130075804,Seongnam,49,34956.88,77,43960.39,8,58656.256,153,125152.608,184,72856.36,135
130143833,Gwanak,49,2737.39,25,7530.612,23,71226.7,86,164039.54,131,66586.25,76
130156178,Goyang,49,2548.176,114,6951.701,152,8005.319,127,127554.3,306,4969.65,48
130168103,Gangnam,49,182832.57,339,138685.614,355,255574.523,397,293547.037,247,198591.074,171
130213047,Gangnam,49,134247.611,224,136264.552,232,125833.546,217,138947.265,259,70266.951,89
130228437,Gangnam,49,4131.026,95,7242.77,129,35968.829,353,146909.888,580,80744.227,244
130277819,Gangnam,49,71438.206,232,72984.542,93,129763.627,133,147579.086,185,75791.637,47
130400902,Nam-gu,49,74173.07,42,144999.2,61,152835.13,67,135263.25,80,25103.32,13
130479931,Gangnam,49,453035.907,445,381517.927,305,344556.514,281,426063.806,230,261793.478,108
130576031,Nam-gu,49,4520.88,94,10283.36,78,7042.214,89,15023.818,118,2680.81,44
130631962,Gangnam,49,43337.994,215,103114.426,241,95822.199,309,130756.312,250,32359.743,141
130662991,Seongdong,49,56644.884,377,77854.032,452,107603.378,429,144093.7,400,74039.116,154
130691911,Gangnam,49,4705.188,55,11335.988,43,38934.215,164,126594.344,282,14718.216,100
130782871,Hwaseong,48,51221.32,178,54808.273,151,151007.16,237,128609.885,256,30893.9,120
130856733,Gangnam,48,214781.611,155,202357.028,208,177402.584,149,208508.683,229,74795.504,96
131057145,Dongdaemun,48,23520.345,75,14140.99,49,46315.245,88,139305.93,169,52207.577,101
131167266,Gangnam,48,90636.699,302,148624.918,376,106452.272,395,171850.081,357,142889.193,181
131233136,Gangnam,48,134064.555,408,132272.839,297,176477.342,257,191899.446,242,121977.366,85
131329831,Seocho,48,3209.69,4,21620.261,41,71544.194,126,120209.226,283,85859.12,149
131364776,Bucheon,48,3723.4,67,6543.727,77,65304.1,239,121869.982,261,50325.418,119
131425511,Yongin,48,55358.933,146,93707.187,126,54964.698,154,124247.102,176,82789.32,82
131583145,Gangnam,48,154619.659,214,181098.2,251,138364.07,207,125914.45,168,65737.73,62
131595795,Songpa,48,164825.592,215,360955.092,302,216026.216,240,313465.734,211,121996.86,76
131597571,Yeonsu,48,74672.645,235,49504.095,250,96832.838,263,119884.726,148,2342.55,26
131616905,Yongsan,48,34683.142,145,90679.697,102,94389.014,123,136515.9,195,62466.04,92
131719658,Gimpo,48,104286.603,202,237094.578,185,209539.577,190,352138.54,279,183244.6,142
131725499,Yongin,48,180352.305,186,173310.32,188,188734.918,266,156368.014,160,87965.94,96
131789421,Gangnam,47,116411.998,277,97877.261,246,173830.057,195,199792.314,214,141170.95,81
131906311,Gangnam,47,68780.898,305,114454.569,290,134893.409,267,243484.235,319,49002.9,176
131984615,Songpa,47,51419.738,185,144717.98,180,145655.55,325,175237.61,274,111712.059,139
131992048,Goyang,47,208928.064,284,243945.802,311,237370.545,215,151612.294,106,47560.985,55
132021181,Goyang,47,58430.896,192,44275.637,190,128903.363,228,151694.359,316,63261.232,148
132032478,Yangcheon,47,69554.03,523,125075.244,408,136299.338,405,214965.141,457,41972.72,262
132042499,Seocho,47,148270.013,592,142384.556,390,134765.312,288,213648.581,319,76456.461,148
132047491,Songpa,47,170649.463,392,113486.516,422,218995.621,343,150498.654,227,56579.388,147
132224158,Seocho,47,16674.637,13,146618.114,555,136858.601,553,177093.14,886,127469.047,421
132231069,Songpa,47,89137.762,331,62975.1,249,107997.534,216,489853.673,357,103983.256,158
132280977,Seogwipo,47,180995.111,637,133471.813,622,211628.949,619,409525.304,541,0,0
132337714,Gangnam,47,1208,6,6211,21,12064.91,36,161712.696,205,112178.76,120
132388551,Yongsan,47,18574.235,255,38349.639,311,75174.249,374,180465.688,415,72871.486,183
132505241,Seongnam,47,33156.3,68,51764.571,126,24559.64,104,125395.972,158,44568.174,89
132590746,Yeonsu,47,88259.54,179,94651.016,189,53310,196,113474.82,273,115340.23,183
132607353,Gangnam,47,38555.08,138,181688.084,159,130288.221,210,163586.25,164,40866.72,52
132821401,Gangnam,46,109381.483,494,147376.446,340,129287.636,226,198561.982,260,82139.999,137
132828351,Gangnam,46,11312.15,58,14955.746,65,61207.96,159,131219.508,306,16375.441,104
132952071,Seocho,46,20607.182,291,90870.747,404,133829.584,400,210836.588,288,81322.87,94
132991012,Gunpo,46,52516.154,141,113194.155,211,59822.449,184,141570.092,313,86736.436,168
133069291,Yeongdeungpo,46,6224.488,92,2888.35,23,40701.388,303,266574.113,469,144614.534,210
133102566,Seocho,46,205125.332,325,177658.2,229,45452.693,119,149585.83,309,30235.5,71
133472671,Yeonsu,45,122356.41,537,72117.816,341,236356.001,209,136762.68,181,89039.939,62
133843959,Songpa,45,130345.682,137,249715.794,214,145400.492,177,131236.407,242,72641.685,71
133850515,Gangnam,45,85664.215,292,91532.735,306,67503.827,212,180810.001,273,34081.024,88
133931691,Gangnam,45,16477.06,116,14086.366,119,53939.298,199,131156.952,285,38200.22,127
134007141,Gangnam,45,103985.323,328,107655.001,184,180964.101,239,281228.06,418,65192.527,221
134119051,Goyang,44,63606.114,296,75500.826,337,131540.247,369,135204.736,407,38809.85,190
134203852,Gangnam,44,271214.07,288,914730.811,398,604215.199,399,431198.728,336,274735.012,149
134269971,Gangnam,44,54526.249,259,55551.004,104,111314.566,48,196441.788,221,102451.123,106
134417257,Songpa,44,75292.761,237,48243.975,156,268962.797,218,325579.604,268,46423.49,32
134450558,Seongnam,44,33181.818,353,50813.999,327,71979.276,403,138897.09,339,75620.298,148
134601021,Mapo,43,74582.589,174,62044.56,170,102895.509,206,134545.863,168,25796.762,99
134696891,Yongsan,43,0,0,138161.96,65,90925.072,170,343121.95,314,179988.69,102
134735505,Gimpo,43,15411.083,44,65357.6,133,121120.563,289,133289.672,254,87201.104,70
134761391,Seongnam,43,18826.186,223,58891.22,158,115114.32,355,127400.627,303,61685.268,176
134810733,Gangnam,42,130349.117,275,105678.534,216,193666.094,309,154016.407,163,116427.87,75
135103117,Seocho,39,14304.21,155,46991.062,174,63703.34,176,140173.119,205,20162.871,157
135354531,Yongsan,84,154641.89,204,228759.434,232,256631.909,319,250649.967,223,145301.666,114
135390143,Yongsan,83,124425.406,230,74546.484,238,50866.816,139,137212.826,215,80086.454,115
135566896,Gangnam,80,98664.793,244,95591.297,229,116740.39,235,140719.882,245,57292.666,107
135858297,Gwangjin,76,24005.304,144,28905.504,74,45102.353,105,124529.33,187,67232.674,124
135963989,Gangnam,75,107249.969,358,62232.01,266,92357.087,251,121935.003,368,53917.092,119
136235157,Seodaemun,72,97613.199,183,135071.467,423,126100.298,407,135712.455,325,59192.852,237
136251121,Seongnam,72,112020.376,393,157892.81,336,112946.264,368,127749.36,278,44724.5,62
136252431,Gangnam,72,0,0,164806.13,109,123483.237,212,158863.036,236,144857.844,156
136291816,Gwangjin,71,45146.535,170,36526.77,133,109570.901,149,122954.798,230,5283.23,40
136355925,Seocho,71,0,0,34729.996,126,222015.683,387,383873.499,609,198129.444,258
136470451,Seongnam,70,2514.6,43,108901.8,33,-46441.08,165,127628.807,201,140598.687,78
136516398,Seongdong,69,103468.947,198,155884.981,189,130827.134,217,280015.362,312,118961.333,139
136675591,Gangnam,68,57323.459,496,50080.487,470,51803.64,314,139042.931,425,88639.318,185
136762231,Gangnam,68,0,0,0,0,0,0,135283.008,134,52331.04,73
137454088,Buk-gu,64,94874.478,393,120571.439,295,74245.975,255,124801.705,255,43912.734,131
137458271,Gangnam,64,138644.168,353,201904.684,550,227960.597,360,169468.008,336,86841.348,156
137471481,Suseong,64,159883.58,180,120577.778,137,129501.559,209,133752.14,272,68464.505,172
137544925,Seongdong,63,5805.845,147,6504.177,117,101720.846,236,207251.438,368,224815.035,234
137591916,Yeongdeungpo,63,81113.407,257,95379.857,195,108586.736,396,131952.701,332,72983.532,153
137634761,Seongnam,63,45288.686,236,60197.291,191,48971.094,197,126732.38,229,33337.65,73
137659055,Gangnam,63,55544.239,590,59564.1,296,137654.467,840,198646.372,1007,122045.245,463
137671307,Suseong,63,51078.984,212,83675.588,306,134176.565,241,125856.04,191,33139.636,115
137755222,Seongnam,62,31389.855,106,135396.374,256,97631.879,402,140118.453,294,94896.888,143
137757704,Gangnam,62,54879.462,112,63750.659,127,64334.585,145,147609.966,254,90890.14,133
137815922,Seocho,62,134001.299,362,74957.545,283,175337.742,336,113268.075,306,31933.305,93
137867396,Gwangjin,61,69178.556,329,100152.244,340,83005.284,334,200607.831,307,75269.392,147
137902406,Gangnam,61,170387.325,563,269788.273,616,200192.696,498,211406.382,325,78597.793,180
138035921,Gangdong,60,2316.481,14,1178.84,7,10776.856,23,134326.685,132,64690.423,88
138038271,Seongnam,60,91648.999,170,166298.476,197,148339.181,295,130071.897,287,46707.816,154
138086107,Jongno,60,141500.764,152,129254.781,224,123417.13,150,136932.862,328,74417.602,182
138130911,Songpa,60,0,0,23709,13,44894.321,50,130294.46,146,33354.312,45
138464169,Seongdong,57,84071.545,251,49249.69,177,94447.966,232,125962.645,230,28894.974,81
138517748,Gwangjin,57,99219.494,332,90825.684,289,103583.91,336,170981.78,273,43858.45,102
138539867,Yangcheon,57,74046.668,188,87110.947,353,123540.691,572,139907.973,446,119319.939,201
138659654,Yongsan,56,0,0,0,0,15250.7,162,137644.302,262,169729.72,133
138726124,Pohang,55,91633.97,164,70322.744,143,70302.49,137,174204.64,241,67903.45,186
138829297,Suseong,54,129343.31,230,174034.287,255,129422.391,269,132632.8,249,108834.688,143
138861866,Suseong,54,107853.133,360,109520.927,601,149576.97,366,158817.156,387,102154.53,167
139109139,Seongnam,52,0,0,0,0,131828.474,179,141838.913,278,93812.065,156
139140889,Gangnam,51,56146.669,420,109630.457,472,188804.664,457,179164.63,474,60385.076,158
139263234,Seongdong,49,6455.127,185,3952.31,202,61005.608,257,225913.143,412,60049,195
139300171,Seocho,48,1217.745,47,15405.635,73,52133.789,143,233848.309,323,223600.594,148
139316451,Seongdong,48,14312.479,72,21879.95,111,50852.112,184,157482.63,309,30083.682,164
139362132,Hanam,45,28004.443,181,71761.398,259,90676.604,478,167147.139,465,133560.431,172
139381505,Gangnam,44,130707.771,333,127316.304,209,294062.115,304,273376.887,323,200577.569,131
139382603,Buk-gu,44,0,0,0,0,0,0,134911,31,75501.25,10
139387201,Gangnam,44,0,0,0,0,107243.29,202,206646.419,241,28130.016,130
139397371,Gangnam,43,0,0,0,0,0,0,192629.696,234,104152.717,138
139406673,Gangnam,41,47222.926,126,60949.095,154,94758.185,159,154423.31,256,125583.118,99
139445291,Yongsan,52,172152.063,657,194489.412,568,175751.432,443,175287.502,447,84161.137,261
139453681,Gangnam,50,3163.524,122,39939.742,347,98760.32,320,122525.821,313,24204.25,36
139454961,Seongnam,49,0,0,0,0,116918.054,239,129600.125,181,130053.49,109
139492029,Gwangjin,41,167116.497,294,91835.029,292,114272.019,329,119783.439,236,52994.43,167
140398051,Goyang,69,105743.276,229,157081.87,290,169068.044,388,216533.824,331,94582.604,168
142333573,Gangnam,45,60959.228,497,59028.417,260,52924.573,264,130847.418,307,31675.18,118
143661172,Seongnam,63,86858.598,242,222238.295,351,127620.178,385,118840.185,252,24694.963,150
143942686,Yangcheon,50,108042.91,381,67150.702,348,68227.579,312,156598.154,252,24875.242,118
144031781,Gangnam,48,59582.808,376,52217.497,319,41810.9,214,131751.795,277,27359.148,164
144457034,Gangnam,41,63892.121,465,146183.938,453,216377.984,435,252447.284,316,88863.112,116
144489657,Junggu,41,0,0,769.2,6,46805,5,352821.5,236,303178.2,26
144542242,Gangnam,39,4808.151,29,136870.65,156,162910.585,247,132460.616,236,13181.408,121
150007801,Dong-gu,41,1963.06,30,166.3,5,1367,7,323176.12,253,42374.9,36
150071633,Gangnam,52,228000.2,138,169309.04,190,116588.624,155,176280.351,195,158480.505,197
150071856,Gangnam,51,20938.07,130,101001.86,130,383303.302,386,1514692.092,571,580233.721,129
150129892,Uiwang,59,172020.699,247,191326.892,133,98597.135,134,121750.532,228,471.52,11
150195758,Namyangju,44,9815.86,78,21001.97,50,34055.564,136,186303.607,281,40192.42,67
700026279,Gangnam,46,29189.101,135,36239.872,170,55783.257,266,176344.061,254,41561.216,82
700048711,Seocho,47,27231.009,137,55440.064,107,112595.942,199,166971.84,218,104997.319,82
700138856,Seogwipo,46,53250.04,161,42572.119,91,114720.986,149,264676.188,354,63337.27,162
700368814,Gangnam,39,184833.072,356,107623.934,230,115702.56,237,201432.85,327,62067.942,95
700532083,Gangnam,63,104645.855,433,132001.596,447,91908.471,496,126235.57,331,88311.62,285
700710803,Gangnam,41,63965.584,86,61000.228,99,109973.939,123,337157.096,152,73448.042,66
700768233,Seocho,51,103347.323,601,126742.149,347,132697.123,353,126665.852,285,74538.116,109
700836037,Dalseong,62,130339.286,177,196089.224,250,105752.158,140,126944.968,104,47715.29,80
700947739,Cheongju,40,26987.66,231,59741.182,154,108666.767,195,125616.59,197,83775.445,182
701010518,Songpa,69,148463.796,335,160317.122,141,128571.699,169,180430.358,175,41665.592,71
701120052,Seocho,45,20119.274,219,85395.956,194,71323.302,231,157606.525,223,41036.674,67
701588711,Hanam,48,81310.23,176,85315.718,200,196217.35,299,185455.768,167,11872.95,64
701605621,Gwangju,60,212879.769,407,314138.558,415,183217.693,458,166819.953,293,90891.628,176
701641413,Seongnam,44,0,0,0,0,49046.66,102,133637.108,323,251533.608,173
701665964,Suseong,60,176557.735,311,123020.853,257,150230.262,292,134069.515,265,68368.23,116
701719961,Seongbuk,43,78490.75,129,70134.78,121,98895.19,100,141855.747,107,87656.91,56
701807675,Gangnam,50,122823.202,370,86873.243,297,224666.462,380,194517.335,278,55886.796,94
702043481,Gangnam,42,58535.03,564,136359.024,309,119750.18,328,146040.743,247,41339.447,89
702078111,Gangnam,68,106403.469,337,77272.721,373,62659.3,331,146996.269,277,75787.846,95
702095998,Seogwipo,43,101019.924,209,83679.818,241,145059.77,238,123420.77,201,109472.283,73
702141917,Seocho,43,59556.206,72,52112.55,51,158123.266,153,130662.944,165,143907,36
702208064,Yangcheon,42,77563.902,250,73811.349,262,86149.951,297,127608.56,417,92419.822,242
702313891,Seodaemun,42,20,1,1155.8,3,119223.409,100,235330.704,160,62143.203,118
702507331,Gangnam,48,2749.75,22,802.1,3,173852.65,82,135177.888,322,107675.011,291
702993721,Bupyeong,56,78208.402,168,80145.777,158,78334.016,142,131090.589,130,98980.5,86
703032462,Gangnam,43,7226.668,97,11517.614,48,35401.443,143,210865.68,220,109306.704,112
703154352,Gangnam,63,4165.1,7,12562.3,27,51221.25,27,138596.32,44,8687.5,9
703157553,Yongin,55,32650.968,146,78040.491,169,92908.286,153,152831.765,210,53804.545,123
703360337,Yongin,53,0,0,58672.7,68,190343.32,195,145505.308,220,184861.69,87
703402511,Gangseo,46,27152.035,44,114037.617,225,129784.076,302,138426.326,266,43905.335,109
703430341,Dalseo,59,161254.605,230,182830.749,157,122553.908,198,180984.618,258,182729.92,134
703515993,Yongsan,55,10911.763,103,14121.432,201,61715.318,166,128368.483,220,39041.791,79
703534513,Seongdong,39,5374.23,80,4391.845,53,967.61,23,4861.57,203,906.848,31
703705778,Gangnam,48,26038.707,203,75659.191,297,93752.392,323,139917.471,343,64355.9,146
703976128,Nam-gu,36,7708.6,42,44912.48,67,94883.62,199,228439.063,427,56776.049,156
704038482,Seocho,65,59965.991,397,54904.838,316,81084.522,405,123841.633,359,72523.148,238
704129118,Seongnam,46,74077.075,187,117946.75,155,147706.97,125,170413.19,151,122995.94,88
704259192,Yongsan,42,144210.432,242,150940.69,201,123901.444,183,179464.542,210,38634.333,55
704302871,Yongin,45,67620.2,173,75656.23,200,71898.83,197,128422.273,217,56022.072,112
704372144,Bucheon,53,125923.79,149,67957.59,223,113052.813,249,194834.27,236,53449.709,77
704735624,Namyangju,56,79523.613,336,99283.852,333,137783.557,286,189387.62,269,68903.6,108
704843161,Seongnam,47,63024.704,325,111665.624,476,123703.544,473,143763.878,334,39269.687,179
704859582,Gangseo,44,156423.811,367,174678.269,270,212065.186,255,181085.933,249,97837.695,181
704898382,Gangnam,72,41179.914,321,59453.58,380,67146.298,257,167782.548,439,41629.032,183
704916618,Seongnam,52,83349.95,329,115018.14,326,98595.098,411,164903.831,320,97376.18,135
705074609,Seongnam,43,119095.843,536,157467.558,535,195837.753,556,353227.711,748,170889.626,524
705337681,Mapo,43,77097.605,56,180936.109,73,122791.645,87,343100.159,245,118429.602,51
705357971,Gangnam,45,59533.227,143,102966.458,144,118780.49,140,258072.677,201,85956.092,85
705630347,Suseong,56,96943.344,239,79794.183,239,81547.646,259,160944.847,340,31374.07,174
705689003,Seongnam,49,143423.017,279,177561.566,398,150315.681,350,123066.113,220,88217.193,135
705698086,Seocho,54,135522.972,197,155990.812,275,241023.65,343,267125.08,453,37268.29,97
705836951,Seocho,54,594.727,17,14230.7,82,114286.924,153,134562.11,163,71851.762,129
706418021,Seocho,54,190242.742,483,157706.117,416,383863.931,373,256027.864,253,62712.797,140
706444661,Gangnam,48,82172.887,366,116708.011,382,127828.949,375,160790.785,292,109245.483,174
706529661,Gangnam,50,15033.95,135,11399.208,73,215810.257,326,141655.32,307,35767.748,106
706547737,Gangnam,41,54500.4,42,277755.07,81,129530.663,446,118325.14,481,46446.132,278
706663411,Junggu,56,85731.12,164,109211.02,185,115712.447,183,146085.315,204,76187.81,108
706683555,Hanam,46,9033.404,43,9367.4,20,5383.04,7,126535.5,68,7365.2,16
706774065,Gangdong,44,8481.59,83,60480.545,282,100063.815,258,131462.27,269,38198.729,151
706897012,Suseong,65,103780.184,343,101207.733,284,117130.396,271,131479.755,327,43104.954,159
707012276,Junggu,48,71570.77,240,89919.632,196,104100.398,247,124813.42,285,41371.54,150
707028946,Seongnam,41,0,0,107914.1,14,280288.71,211,133277.727,328,119008.841,120
707137235,Gangnam,48,42407.208,299,36000.973,249,56075.666,257,130305.386,265,110405.712,244
707340231,Yongsan,49,99591.568,147,132117.954,191,163214.56,229,310522.362,214,143291.07,74
707414989,Cheongju,39,41456.095,151,66043.916,137,92030.41,141,146263.28,153,77509.653,95
707429121,Gangnam,43,83761.765,268,172754.475,276,274182.428,412,283993.83,381,113758.527,169
707446301,Seongdong,50,-2125.92,7,72513.885,158,92801.697,220,133134.812,180,137645.2,108
707510106,Seocho,46,165493.448,242,141659.101,362,152054.821,369,158073.645,238,31726.928,68
707585962,Gangnam,53,104925.994,272,119355.564,231,151932.374,264,197185.518,298,88506.674,118
707615265,Gangnam,44,0,0,0,0,0,0,46598.896,209,224578.951,233
707656196,Gangnam,59,142805.368,354,184018.915,323,199000.281,296,195230.068,226,102845.36,116
707935961,Gangnam,40,101680.407,202,218777.935,133,205700.88,169,206748.258,144,42659.745,75
708051803,Goyang,51,166408.046,124,185622.9,71,128486.782,81,225499.472,43,59232.6,17
708062177,Gimpo,48,29802.993,202,25095.056,169,88368.916,226,127457.778,202,10304.82,47
708146142,Seongnam,66,119134.396,311,116895.904,270,112904.849,235,125798.103,248,59811,102
708195801,Seodaemun,43,47097.635,95,60676.005,274,133200.716,324,247081.716,417,120975.388,129
708203052,Gangnam,47,29,1,31557.2,34,106643.319,213,146546.95,215,154128.7,128
708473761,Yeongdeungpo,55,104893.734,304,133204.569,264,133114.422,235,138248.404,258,79029.652,97
708533675,Yongin,45,91005.152,74,91984.69,213,117957.133,193,151861.906,244,72384.8,115
708832732,Yongin,49,140478.081,594,146696.489,468,194527.762,510,340501.79,674,171229.122,339
708915744,Gapyeong,43,13339.815,169,13423.611,95,102907.219,153,210340.28,235,60090.992,139
708947408,Gangnam,52,41110.718,268,116605.558,359,225028.202,359,116257.044,257,51857.436,120
709086509,Gangnam,40,22173.21,85,32667.716,87,117175.216,144,194663.941,239,99908.787,109
709102964,Seongnam,59,64852.381,278,108302.358,360,104730.245,306,132706.753,347,47325.514,116
709225021,Gwangmyeong,52,135322.807,110,126946.968,126,175648.977,169,94849.988,148,26389.361,91
709225062,Siheung,58,337818.994,104,264091.571,112,220957.835,88,166286.957,208,57815.665,107
709326561,Yongsan,51,155103.83,183,123707.606,208,115423.434,239,126365.456,205,85513.798,121
709362866,Gangnam,45,236754.153,205,256943.534,185,339349.268,268,378824.658,269,68870.682,93
709399563,Gangnam,57,74558.303,335,127472.569,424,142988.25,309,142523.497,284,99510.82,169
709527753,Goryeong,45,124297.635,228,116215.795,224,116702.426,242,144263.61,249,64312.293,117
709674543,Gwacheon,41,245849.09,107,223099.411,88,242341.477,120,123840.717,50,45761.98,22
709739343,Songpa,53,92590.466,254,117481.563,318,107288.325,272,152884.673,390,89595.934,205
709892341,Yongsan,62,79641.01,120,91295.121,136,116348.34,200,125984.978,316,36221.816,111
710061417,Yangcheon,45,302296.532,579,363453.788,743,122919.329,298,233170.131,242,26527.28,40
710169554,Gwangmyeong,69,115892.864,599,92199.862,594,115630.63,1348,171717.029,1505,-9832.646,787
710171826,Yongsan,55,114006.009,362,83152.786,285,136080.215,277,281479.238,266,88142.336,115
710204621,Yongsan,45,99473.816,338,234236.091,416,161262.537,376,200995.705,376,132825.973,128
710206084,Gangseo,52,129776.197,348,114358.436,309,103016.692,269,127524.837,288,99836.11,170
710211228,Yeonsu,41,0,0,36668.024,82,147900.158,186,153244.365,150,53357.794,45
710262769,Dangjin,59,75730.068,213,78233.297,166,80824.41,196,135116.58,156,52752.72,71
710300581,Gangnam,39,61787.498,43,25224.86,36,99085.31,126,156143.133,319,33365.91,86
710363744,Nam-gu,49,139492.23,212,202199.864,229,174922.284,246,164455.845,182,66510.6,63
710526959,Yangcheon,56,56151.904,197,55797.55,211,116176.808,169,151199.954,188,45571.813,90
710629212,Gimpo,57,83314.655,236,117303.864,234,138128.117,314,140461.077,189,139861.404,150
710894656,Seogwipo,50,47283.508,251,56675.662,266,73037.189,163,172746.844,221,98381.6,76
711056346,Dongjak,51,9829.289,162,36292.394,185,77531.15,427,131936.803,441,15998.471,186
711230511,Goyang,51,89538.329,223,106956.625,138,76661.127,186,142344.254,217,39827.871,91
711291125,Gangnam,51,70928.03,84,55671.324,71,98370.092,61,244123.549,137,199179.24,85
711344037,Hwaseong,58,100994.498,215,109792.935,430,202185.454,503,287351.566,408,48597.902,216
711381351,Gangseo,48,1583.9,19,4052.5,24,37515.105,112,189099.477,278,46456.1,103
711717932,Seongnam,56,79293.67,82,70125.868,111,5301.5,16,124226.555,127,30883.74,52
711734799,Hanam,52,146029.48,259,172235.331,348,149510.266,359,308632.926,333,90169.973,156
711738979,Seongnam,54,142356.164,210,229021.393,178,221999.357,238,201302.411,301,32553.042,126
711751821,Gangnam,42,22726.9,60,113778.211,137,183086.139,165,243357.484,200,136290.172,91
711769681,Gangnam,50,192544.283,524,183562.416,554,111349.153,318,150800.597,265,28283.674,97
711892667,Seocho,44,217938.5,118,102773.931,128,230174.455,262,252625.61,216,107576.19,103
711989541,Songpa,48,42470.83,140,55139.778,93,126917.411,255,199651.572,254,58214.908,99
712010121,Goyang,45,5573.05,31,12170.36,16,101822.64,263,282677.827,558,63951.129,244
712263141,Yangcheon,48,60437.1,183,97438.892,206,116227.881,216,133617.896,235,54665.92,130
712321187,Yongsan,54,114308.217,248,91393.51,278,174915.271,251,176466.112,166,42825.44,43
712434505,Gangnam,52,48452.394,138,50108.482,125,207823.036,180,167117.77,205,54821.91,54
712668816,Seongnam,55,135917.395,449,123441.401,437,133350.942,445,116954.348,407,34035.659,194
712744419,Seongnam,58,57297.382,124,112433.944,155,164609.131,227,138734.402,218,108120.784,121
712771004,Seongnam,47,93938.773,177,179301.716,286,101066.694,254,169990.45,290,65754.159,133
712796274,Gangnam,46,116246.605,417,127975.806,381,169740.849,305,134825.388,307,136549.384,185
712919433,Seo-gu,40,303.6,4,19787.57,38,110683.2,269,434924.87,178,89109.86,139
712980761,Gimpo,65,157812.684,393,153000.246,329,133035.054,232,157598.101,242,122559.228,126
713115996,Seongdong,43,228515.704,418,291895.376,643,255466.806,412,125964.064,235,14093.402,107
713248351,Gangnam,54,6965.61,44,3795.504,12,113073.593,132,127406.147,231,28099.696,58
713408965,Goyang,62,73467.233,176,64013.875,259,122455.376,197,129685.075,225,73832.069,88
713416526,Yangcheon,55,137414.029,465,209061.849,442,92766.245,275,130915.519,313,17475.878,109
713476572,Gangnam,51,38917.286,289,27286.555,233,50967.44,271,128291.58,296,79120.089,206
713481731,Songpa,41,3936.5,56,10776.944,149,16029.136,194,178089.253,218,135754.78,235
713580367,Gimpo,40,113201.248,172,136668.796,168,281289.679,149,347116.012,209,72084.836,78
713613014,Seocho,42,44447.734,241,70001.669,205,147780.704,252,180249.596,181,112260.913,38
713627964,Suseong,63,102500.085,377,110255.486,351,78815.85,308,144811.065,387,35524.19,157
713707314,Goyang,55,15603.905,121,36397.855,166,181384.831,327,195656.95,302,73934.509,122
714261014,Seongdong,62,42958.496,121,59861.339,221,31334.226,216,132042.745,229,13919.49,77
714357066,Jeonju,64,59513.615,108,72729.703,225,139139.569,293,206817.809,203,152882.627,138
714438248,Seongnam,47,61413.903,132,158960.024,149,154221.56,159,174052.29,153,82154.91,75
714995751,Mapo,49,146360.48,220,173200.651,213,181631.323,153,230678.583,153,78219.26,50
715172764,Goyang,53,8003.988,58,39096.8,77,127655.352,113,124117.661,150,110806.5,60
715300591,Gangnam,48,116509.45,306,183231.988,268,215084.884,237,669458.855,490,237695.6,194
715327747,Gangnam,51,61921.34,202,120969.03,168,131346.49,222,184294.49,381,42213.34,91
715434219,Yangcheon,51,46504.887,325,95076.91,375,103307.667,381,129460.121,352,86280.12,194
715453388,Gangnam,41,15165.359,286,75742.194,242,156827.911,305,131717.76,339,90926.88,155
715594891,Seongnam,39,156576.492,174,146140.469,160,154172.031,142,186835.256,150,63770.318,41
715595513,Goyang,49,76471.796,324,36717.778,207,122374.232,377,244123.741,388,107592.76,253
715840328,Mapo,47,82715.288,334,64084.067,356,182287.53,443,119147.547,334,54163.399,143
716007638,Changwon,65,111191.92,247,137364.611,216,123960.142,197,132702.709,215,21273.188,81
716008398,Goyang,45,54816.265,380,52740.555,311,60290.483,210,129674.334,335,64734.182,108
716190685,Suseong,64,123243.15,168,94833.63,155,92879.062,123,146440.26,189,44717.59,99
716445771,Gangnam,40,164733.729,560,375781.746,640,290544.996,269,147527.496,293,65948.167,191
716480754,Buk-gu,48,63314.17,150,50555.723,191,81660.724,221,157925.21,246,58797.01,143
716599761,Dalseo,61,55819.215,207,56505.894,171,84417.05,274,126426.728,297,63562.13,99
716600543,Seongnam,48,92977.505,247,211863.099,379,272218.715,381,159223.974,220,34720.193,91
716633597,Bucheon,70,7818.145,184,26743.96,250,161896.368,406,124081.104,514,112013.609,219
716740151,Pyeongtaek,59,74681.8,32,61678.464,35,110457.268,82,127243.83,215,28524.934,71
716901982,Dong-gu,72,123987.304,128,118009.143,177,144232.165,195,175018.37,240,41936.92,45
717024097,Suseong,44,64208.07,158,51180.4,143,77523.75,165,167986.145,224,85745.362,100
717055793,Yongsan,57,131769.54,166,108414.192,108,106881.186,77,129556.48,111,80215.95,64
717260955,Gangnam,44,38297.43,222,116251.26,92,111387.2,124,130755.568,185,49571.685,116
717341942,Yangcheon,41,1142.8,45,1190.216,32,44371.176,100,163531.92,269,103563.14,124
717519191,Gimpo,43,22733.847,132,34358.84,197,52750.1,167,125045.185,230,89140.042,198
717579803,Gyeongsan,66,79520.087,166,76968.697,159,77862.025,151,130365.41,153,27889.44,103
717715731,Bucheon,39,78824.326,491,123946.977,374,113866.006,302,296952.006,388,90424.007,203
717802527,Dalseo,49,81674.333,219,75182.99,198,106439.259,341,126131.951,322,67119.333,127
718060111,Dong-gu,45,29263.6,10,16697.8,10,135109.819,113,133610.705,138,36726.4,49
718085401,Seocho,60,58468.421,174,85540.796,233,148668.374,290,186448.045,311,23145.924,114
718430043,Gangnam,42,11405.077,61,190447.272,318,98158.989,161,350775.236,496,70162.37,138
718545518,Seocho,41,44875.518,488,150881.62,477,176053.84,275,120806.796,230,151655.61,124
718582021,Songpa,51,129670.661,216,110758.171,382,67754.571,299,165010.4,219,54584.553,107
718607929,Suwon,60,126183.696,109,238960.645,138,195785.5,109,139039.39,92,63167.868,45
718874588,Gangnam,39,17938.366,198,19524.743,151,104689.095,254,139669.229,407,23374.365,160
719108747,Seodaemun,58,106353.69,228,114630.278,253,142483.218,242,145546.155,213,70843.956,75
719124921,Buk-gu,67,113665.3,222,52252.8,152,75733.37,178,153222.67,166,46458.739,65
719142964,Gangseo,33,3770,3,13610.8,29,82230.442,209,134210.648,176,46921.73,105
719243714,Suseong,74,63375.46,126,27532.826,81,79365.672,100,140899.15,150,65302.72,48
719446673,Gangnam,55,22887.61,155,26271.554,228,69853.607,275,154410.87,355,10954.119,77
719489023,Suseong,54,133337.816,148,221325.5,102,86982.414,87,136457.16,107,33053.504,60
719560151,Suseong,58,233084.633,401,207742.155,313,150665.39,173,143750.759,223,52957.571,105
719641071,Gangnam,52,80001.888,216,181111.157,189,293682.25,193,223660.6,165,135846.127,113
719651092,Seongdong,57,38975.704,272,90620.364,493,163941.49,558,140197.547,499,66162.048,191
719724826,Dalseo,56,24720.51,87,27803.944,146,71692.005,171,128151.142,213,74981.901,227
719903901,Suseong,57,54658.432,270,61153.58,351,142329.669,468,165160.06,390,36630.39,118
719994567,Suseong,56,30707.192,170,27338.68,79,65339.312,174,135324.16,146,65843.229,87
720016709,Suseong,48,118661.453,146,135042.896,88,118943.733,144,134173.614,183,65060.375,81
720075945,Suseong,66,71903.864,173,126460.71,196,160255.738,242,187927.49,211,67783.68,87
720152843,Gangnam,42,2072.79,25,9833.907,93,18817.972,73,128037.475,230,29237.94,83
720258561,Junggu,34,397.2,3,38821.6,38,77940.61,88,130142.11,156,63276.99,90
720523559,Hanam,39,12372.99,15,54483.58,94,220976.555,241,188128.772,228,72042.339,131
720585353,Geumcheon,46,5970.5,39,20038,114,70392.441,123,159288.069,178,80927.182,96
720796973,Andong,49,7129.45,86,38551.9,66,98593.082,184,128091.685,245,53171.445,85
720851527,Gangnam,50,54352.063,520,55861.773,523,228061.722,412,459092.658,611,152700.226,387
720926101,Pohang,54,117971.191,143,89069.16,124,117523.118,160,138260.456,109,61281.49,49
721136547,Suseong,46,174035.81,117,133009.326,75,110658.65,112,146559.6,161,85375.94,89
721250324,Gangnam,37,1106.137,22,42420.165,94,88272.789,236,129472.628,232,53016.998,119
721283811,Gimpo,41,7199.54,68,10883.51,56,117392.648,306,180123.438,252,45479.608,119
721379952,Gimpo,44,559013.73,114,368440.8,42,555727.966,102,231883.145,42,35933.05,25
721654331,Gangnam,43,23153.504,136,25593.383,119,75050.433,118,140625.716,192,105122.049,123
721701468,Seogwipo,36,5570.35,19,33545.704,70,123414.653,134,163528.538,242,38910.88,84
721848769,Yeonsu,37,1045.77,70,289.01,28,282759.93,109,122949.52,252,41114.039,88
721917567,Nam-gu,75,251840.044,691,398706.799,870,215714.846,464,236509.257,655,218319.028,328
721923549,Jinju,41,19855,105,38554.7,39,55213.23,79,129992.182,144,25747.64,67
721923787,Nam-gu,62,144269.588,122,225046.325,129,116617.603,151,148568.374,195,90282.586,87
721987132,Seocho,36,0,0,0,0,160797.353,284,163499.88,416,63507.906,243
721993415,Nam-gu,49,1652.65,35,1811.32,23,32696.81,156,127876.855,192,67711.01,181
722244443,Yongin,43,34949.632,299,100848.392,343,81469.583,372,134414.143,341,33272.324,150
722411643,Suseong,76,110485.8,105,116218.25,101,133678.97,103,136579.71,95,65835.68,79
722474299,Suseong,69,145150.846,325,186626.901,289,93851.448,226,138156.088,232,24253.486,100
722490536,Gyeongsan,57,173234.65,297,171051.257,269,133496.32,183,126929.535,218,48689.86,86
722501594,Mapo,41,1241.701,20,362.7,4,8590.88,54,159557.228,133,68893.259,91
722572741,Seongdong,45,0,0,96658.25,74,138951.95,117,141723.404,140,23354.9,18
722618544,Suseong,52,102694.292,227,126692.97,219,54972.815,180,126347.094,207,14955.205,57
722625171,Suseong,45,33135.16,94,35660.524,119,35951.649,101,173388.546,229,8115.26,18
722651284,Suseong,58,8020.85,83,107594.47,90,129425.72,322,133319.703,320,124260.722,166
722699176,Seogwipo,53,22960.672,161,30335.378,123,24417.184,123,130648.384,167,21044.06,100
722752545,Haeundae,62,200628.461,340,57958.48,130,132738.804,176,357001.03,202,114895.94,83
722760595,Junggu,49,381.4,3,78745.09,86,120295.802,267,123444.888,296,67171.69,107
722858837,Suseong,46,217220.975,234,337367.931,204,408248.237,170,150649.726,225,8480.02,91
722861386,Suseong,52,162717.215,444,155399.35,406,124206.42,375,141353.528,305,100618.041,96
722896708,Dong-gu,75,178953.298,359,180967.588,350,150275.817,410,138260.367,377,113091.834,193
722909674,Suseong,53,135253.37,129,230068.821,178,153987.52,167,183398.933,194,80735.368,65
722931975,Gangseo,43,33969.809,96,72649.13,157,57772.7,216,154529.116,186,121160.09,57
723007441,Bucheon,50,8681.2,7,0,0,78765.315,177,121351.239,222,65390.393,203
723093347,Suseong,56,223224.858,256,199294.039,240,176035.236,246,145043.82,138,72303.84,80
723152503,Dalseo,77,27482.303,149,37303.216,185,53950.836,202,169138.98,308,92153.49,131
723166431,Goyang,45,71224.25,210,113370.028,312,174485.02,249,173508.877,305,172656.31,187
723198816,Suseong,59,130042.38,348,73608.652,194,141464.884,200,338409.79,111,391993.052,147
723203836,Suseong,61,79467.244,203,151236.706,244,148958.641,314,185575.69,477,132611.99,240
723330822,Gangnam,41,63741.38,77,138917.387,72,149266.34,94,182762.36,110,38695.45,59
723346697,Yangcheon,84,42187.565,311,41875.765,231,56784.321,292,152320.855,396,37357.869,205
723494557,Suseong,59,152560.666,212,153485.003,229,134614.933,245,142376.651,213,80202.888,119
723584677,Dalseo,44,28908.65,84,50388.142,114,68926.722,175,175025.555,294,75360.42,155
723644581,Gangnam,38,136497.977,261,47333.638,98,90411.1,49,134203.01,134,183353.776,126
723880091,Gangnam,43,9427.118,96,9883.315,80,55104.339,154,134975.158,247,84078.844,91
723961821,Seocho,47,62942.82,179,151699.22,297,245561.56,228,149543.59,161,50196.969,52
724008298,Gangnam,44,5020.1,24,122225.784,206,129151.197,180,129282.638,243,74969.87,92
724078271,Gwacheon,38,589,1,45.8,3,13799.2,26,188149.36,177,204064.55,128
724259342,Gyeongju,56,18935.773,80,27036.547,61,146366.54,232,126660.404,191,58862.494,86
724512019,Hanam,32,720,25,147032.179,127,167414.032,296,223189.738,236,71597.409,114
724857721,Gangnam,64,0,0,5343.67,12,133445.144,120,177183.138,190,117532.659,139
724875241,Cheongju,56,174524.566,601,182171.367,655,214922.51,653,235216.845,305,81444.94,160
724954777,Junggu,34,6133.47,114,8973.917,119,16325.952,289,16761.099,145,4094.239,78
724970691,Gangnam,42,42255.347,192,76904.522,137,221602.493,481,129386.372,328,45090.367,147
724999311,Cheongju,47,30397.36,140,19065.2,108,83424.366,189,138007.35,208,20100.59,30
725147624,Junggu,37,22433.616,151,82731.224,154,121672.263,147,123042.318,315,44923.546,113
725247072,Seocho,72,84649.204,264,220779.16,179,187045.326,181,155371.23,326,28821.538,111
725395378,Seocho,34,10669.489,49,24030.692,103,80569.316,222,124955.1,308,31713.012,140
725528859,Seongdong,43,33822.374,179,36618.704,175,76585.999,194,144352.32,292,69066.972,183
725713211,Seodaemun,55,95433.649,191,127005.752,224,104279.98,224,142660.19,161,68784.164,49
725715473,Seongnam,46,3720.98,31,28933.37,55,107941.144,227,158282.782,333,112876.396,104
725846063,Jungnang,63,0,0,0,0,67639.5,10,186394.156,42,53259.8,15
725986046,Seongdong,54,122223.182,152,114812.4,149,103963.712,73,131675.86,75,39930.76,40
726049167,Seongnam,41,68026.525,425,98468.425,357,49964.824,144,141460.398,154,115911.169,160
726354291,Seongnam,51,108281.52,430,210369.261,425,391670.104,624,442644.466,526,269019.451,187
726354601,Seongnam,39,15772.643,126,18408.969,105,113758.832,317,126550.546,386,60358.35,172
726372944,Yongin,39,0,0,11829.6,16,100259.868,180,383694.144,436,159893.948,213
726470653,Jinju,64,46213.8,49,70582.81,96,102874.8,62,187617.796,137,118511.729,78
726506831,Gangdong,71,47508.1,40,175257.07,161,191187.66,168,173337.612,172,62730.95,60
726563736,Gangnam,43,71236.116,283,53503.579,288,64150.003,311,152204.012,344,82637.565,139
726763771,Gangnam,40,159126.552,194,139691.848,196,275494.268,200,206969.689,200,85065.005,85
726899622,Seongnam,40,65173.91,147,82459.88,242,74742.339,157,149671.403,176,42995.864,72
726911105,Sokcho,56,107066.886,203,116782.528,197,109681.938,250,224990.474,319,20765.422,124
727072262,Yangcheon,37,92147.82,116,247802.546,144,285663.752,154,330828.96,148,0,0
727173025,Gangnam,49,106666.544,190,105317.23,204,133312.094,129,174084.903,185,143082.234,82
727225703,Suseong,57,63374.9,52,20265.66,31,86050.52,73,156521.435,83,123503.1,51
727367111,Mapo,47,63547.827,123,76188.288,173,86787.639,182,148095.759,204,101373.707,99
727438902,Bupyeong,48,34566.63,91,44053.75,118,92749.749,322,260097.414,350,51273.636,133
727771381,Gunpo,62,53073.331,133,137838.286,203,126507.034,173,131923.574,204,7174.78,40
727889496,Cheongju,46,132902.71,473,92886.806,368,122782.242,377,147812.2,246,125700.285,160
727983311,Cheongju,60,129624.944,275,195773.376,288,191870.701,332,153708.464,223,100121.41,190
727998935,Suwon,40,12355.41,69,15695.01,118,140755.74,254,129521.6,241,28399.87,95
728039573,Cheongju,48,127333.82,265,96438.812,193,126349.676,122,130826.168,200,70895.808,96
728129731,Goyang,39,60292.963,246,150264.352,356,152694.548,413,162494.138,258,70290.998,153
728168948,Cheongju,55,142371.9,369,129680.624,299,133999.77,230,132706.33,321,98487.403,173
728244068,Gangnam,38,10012.137,214,13249.354,223,160443.177,314,157035.07,388,86315.734,126
728340458,Seongdong,39,14395.397,118,35933.922,142,155904.391,182,219282.135,175,80406.57,125
728380278,Cheongju,52,97903.8,49,162625.072,108,151839.286,69,158766.97,74,101652.47,40
728535511,Seongnam,42,157317.969,348,111089.917,314,102879.978,162,128054.4,170,150485.603,94
728568642,Gangnam,80,52667.81,55,69461.74,112,151048.7,205,116930.8,221,81820.953,153
728846849,Yongin,38,94924.399,279,99991.145,235,100441.101,225,250392.61,334,239355.35,199
728936041,Yongin,46,128706.366,476,107582.07,357,234141.334,283,260315.118,272,63224.634,80
728947367,Gangnam,49,91.32,3,1454.6,27,33722.151,159,165185.49,259,29013.406,78
728963842,Siheung,67,208478.023,467,242361.651,438,198647.86,391,140340.686,282,67512.751,156
729009377,Gangnam,40,27118.85,359,54640.51,254,267692.374,322,127507.878,268,41984.134,132
729022261,Seongnam,63,109732.216,311,154788.87,292,228290.646,326,146018.9,349,127749.775,119
729058248,Gangnam,48,37055.824,94,64109.296,162,132910.686,227,280970.16,211,87625.72,74
729159236,Seocho,39,188086.142,326,125319.772,204,103766.897,242,129387.465,341,109990.98,190
729175345,Paju,54,33862.409,104,47906.256,175,132027.133,295,251717.492,287,101540.78,91
729246291,Dalseo,69,52285.5,57,51894.493,93,96869.56,143,176262.43,172,171926.69,90
729386651,Yeongdeungpo,47,0,0,0,2,49392.29,191,121693.508,155,98972.86,90
729433854,Gangnam,64,46255.508,189,131838.525,206,109171.759,145,124471.662,166,39755.96,90
729459157,Gangnam,44,938877.201,559,852834.328,384,743360.247,262,544895.894,237,156127.842,112
729531041,Gangnam,33,225339.05,175,106782.55,51,113825.594,80,129354.64,80,39517.3,39
729532016,Seongdong,42,53864.761,94,45266.775,158,144006.464,186,111163.128,182,30249.34,63
729551791,Gangnam,43,132935.559,645,130122.138,483,149986.797,456,139072.568,413,105718.874,201
729581611,Songpa,43,75488.268,308,102228.097,237,64514.474,260,146735.846,235,8278.949,105
729822414,Bucheon,67,148796.047,480,126811.506,361,135094.149,403,143494.419,281,60734.562,157
729969693,Seocho,53,12413.04,83,9083.9,36,27098.51,46,125050.588,134,53025.271,68
730108384,Gwangmyeong,49,169221.2,220,128823.55,252,348509.364,288,347311.324,228,99027.4,86
730186861,Seongnam,42,33377.408,331,54352.605,296,113683.357,279,127636.22,431,42468.591,257
730245952,Gangnam,54,93744.434,165,111362.413,171,117481.987,152,139873.925,182,119339.427,105
730405875,Gangnam,33,70711.726,182,76996.281,264,112944.862,250,204335.33,393,118832.394,152
730513931,Seocho,65,258374.996,233,187864.701,220,115617.524,256,168734.698,218,99775.734,205
730903696,Songpa,34,13709.74,106,81459.639,253,212579.403,331,212338.444,344,104908.246,138
730986089,Gwacheon,46,0,4,0,0,98312.4,27,139722.1,49,126464.2,33
731059502,Gangnam,43,191635.959,292,212803.487,262,220404.457,269,132986.584,222,28539.167,43
731066088,Yongin,60,93539.989,184,93260.712,310,123268.416,219,129556.83,214,32845.653,94
731113118,Bucheon,43,58861.75,23,103412.54,28,147637.48,61,144113.3,65,65601.19,37
731120691,Yongsan,41,820,1,0,0,48402.551,46,192869.372,96,138923.71,59
731165469,Dalseo,64,149030.417,266,182987.927,256,141203.879,242,180194.176,217,72313.306,131
731176757,Seongdong,38,2203.6,37,1790.7,16,51764.071,160,200594.291,266,171626.838,103
731332211,Bupyeong,40,362279.626,1258,295309.054,843,296489.756,1325,448694.173,1281,298000.704,761
731382913,Yongsan,60,172526.845,112,164257.334,130,282284.576,177,271565.801,200,61120.822,80
731431279,Bucheon,42,154348.906,260,140987.311,148,348792.452,247,555490.867,305,63819.889,49
731502731,Gangnam,58,172535.193,308,96908.132,225,104787.332,86,193483.248,309,98314.928,200
731628538,Gangnam,63,14829.115,65,47702.766,124,74672.879,313,144334.646,276,58493.564,104
731720579,Yongsan,31,9266.39,29,129161.905,102,226518.39,189,393831.832,315,239586.039,136
731772131,Yongin,40,13093.654,241,27878,175,110118.588,376,132282.35,429,80468.163,220
731847121,Seo-gu,62,43651.5,154,50038.239,134,107369.534,171,130722.064,222,49340.598,92
731890833,Seongdong,43,105876.383,208,233952.268,205,124785.482,173,163098.11,176,23664.39,89
731930499,Gangnam,37,87651.713,305,116456.564,229,527724.322,309,74852.675,269,41642.532,108
731931948,Cheongju,61,10239.7,71,11047.18,87,122049.91,213,137832.59,183,46179.94,69
731972208,Nam-gu,49,143488.459,251,127875.286,141,114293.964,129,218109.084,280,85015.625,163
731980888,Gwangju,55,19771.15,78,63043.192,103,620628.605,676,554439.45,340,105664.631,100
731983459,Gangnam,49,6293.46,28,7849.057,34,112818.514,218,132850.131,287,82401.98,123
732011122,Gangnam,44,178224.67,276,225929.563,193,189288.458,224,221822.091,260,150527.621,120
732072747,Seongnam,59,154525.679,299,226564.981,231,128277.565,244,196420.212,312,99202.992,143
732126183,Gangnam,44,119732.361,425,91634.948,207,83075.098,190,183337.605,241,26826.41,79
732163924,Bucheon,60,25610.821,562,294216.128,404,484277.969,507,186684.275,461,448048.062,233
732319366,Seongnam,58,71291.191,337,171169.652,435,111567.488,366,149915.602,328,93633.412,222
732340741,Gangnam,63,46368.043,132,124432.522,223,99553.948,203,152335.737,246,96577.98,121
732440825,Mapo,33,0,0,0,0,101766.609,30,140124.53,89,52089.534,29
732485782,Gangnam,42,40742.876,153,38187.654,211,54423.435,249,270239.784,314,84183.4,133
732494181,Seongdong,65,12166.043,115,33568.466,123,113467.427,192,133224.096,459,24351.45,121
732515568,Yeongdeungpo,44,35099.23,74,89582.366,161,219944.32,117,167532.014,170,99583.347,132
732571261,Gangnam,42,91268.2,356,73920.683,258,58133.943,246,131426.706,261,101243.322,93
732600488,Gangnam,42,118392.75,119,83321.84,104,46745.35,116,312527.893,228,242674.438,135
732610311,Suseong,44,125449.22,204,137261.82,128,109582.99,133,130149.53,113,45783.72,50
732628416,Dongjak,39,53656.612,241,55903.303,142,103069.794,118,150666.45,195,95606.232,121
732703146,Gangnam,40,27255.06,71,135429.22,229,155997.447,279,509399.819,567,240628.206,364
732710778,Seo-gu,42,117942.5,161,114098.65,212,113820,166,161986.87,208,139844.965,187
732805336,Bucheon,62,87373.838,479,121023.537,371,137348.366,400,198987.824,324,104174.464,171
732908414,Seongnam,59,56922.939,160,115946.814,220,110673.489,175,126236.085,206,52191.79,102
732991411,Gangnam,46,388479.627,623,116720.766,441,90540.732,305,126807.161,321,54659.664,148
733026507,Gangnam,34,73990.552,311,58076.102,212,126446.477,161,145765.06,211,127274.882,95
733061679,Cheongju,40,27746.6,18,113133.48,216,114389.79,141,324561.68,117,-182580.87,71
733061744,Cheongju,43,51149.47,71,486487.82,209,1307616.594,631,754992.127,450,59968.58,133
733104832,Yongsan,42,31851.096,129,47975.553,269,88627.242,101,168141.931,360,147383.567,171
733128531,Suseong,84,150242.54,244,142214.65,224,202677.31,291,498546.9,347,284388.214,202
733247113,Gangnam,47,58475.25,178,38305.496,216,75155.46,176,153055.941,233,71259.15,96
733259014,Gangnam,48,64524.451,260,161718.401,225,114117.232,218,350360.006,305,136648.978,156
733340419,Seongnam,56,2162.6,3,85886.3,80,148506.874,128,128024.64,184,89652.271,119
733377157,Gangnam,65,3851.3,13,18670.48,20,4281.8,16,131789.746,138,36831.4,72
733498281,Songpa,38,15919.08,47,19259.7,65,61369.28,123,129598.84,167,302964.614,184
733569937,Gangnam,36,2222.89,111,14749.19,60,276222.76,194,164338.316,301,25494.297,88
733772571,Seongnam,43,68013.154,237,39558.416,229,80373.036,167,241952.773,241,20940.154,122
733829267,Seongnam,52,11340.756,168,25863.586,96,68964.33,112,134296.656,228,45497.415,113
733847388,Gangdong,68,95832.4,66,126910.86,86,119993.02,143,166830.4,145,156961.6,48
733904285,Seongnam,34,6698.9,17,2418.5,16,13993.11,29,147139.07,116,6004.259,11
733951881,Songpa,39,13918.167,145,13409.151,174,16027.749,166,129309.6,356,70429.962,226
734034621,Gangnam,60,295964.258,215,316680.532,157,280304.425,120,237628.512,124,159449.12,101
734082446,Namyangju,53,122555.304,344,130500.25,379,217846.65,314,126456.277,305,48107.234,161
734146752,Gangnam,38,103848.68,238,106938.12,257,250254.957,311,588237.279,332,200927.01,106
734173521,Seongnam,57,60409.573,143,52742.859,151,261251.715,324,296903.634,310,107264.574,130
734219258,Bupyeong,44,80999.301,245,80173.239,156,72453.565,159,141530.134,233,125370.724,190
734385828,Gangnam,57,186643.713,479,106229.133,221,44257.733,205,131020.165,285,40416.098,164
734490266,Seongnam,50,101371.723,385,102162.983,242,121432.63,310,229197.174,374,210111.43,167
734519651,Cheongju,65,38304.4,93,69957.1,31,77024.89,32,152000.2,51,55653,29
734588395,Gangnam,61,90770.92,468,157476.244,393,201539.524,445,313259.667,417,148439.715,188
734641002,Hanam,53,4114.46,15,8187.05,29,96984.29,84,144709.067,128,15618.508,59
734760021,Yongin,63,94946.417,188,96565.495,188,263753.83,184,126377.909,212,12071.657,134
734827813,Uijeongbu,46,84493.5,69,76921.81,116,151624.585,81,131292.293,120,64950.296,63
734840199,Yongin,54,52811.3,111,134775.042,174,482239.95,316,458486.145,443,275233.522,186
734892311,Seongnam,39,196608.962,210,230622.018,226,73441.876,103,167728.977,193,81254.008,109
734911228,Gangnam,50,63866.278,132,155040.342,272,138341.614,252,123729.076,196,11843.508,44
734927757,Seongnam,38,16746.84,71,130745.44,78,148994.21,223,120466.449,199,55647.93,64
734933795,Seongnam,63,94652.002,246,138637.724,402,290530.291,285,144187.482,257,79349.562,113
734986311,Seongnam,53,175215.064,514,138358.892,469,186243.41,433,228068.186,335,72410.115,273
735031981,Yongsan,63,0,0,31997.259,173,98833.33,397,141757.489,352,61098.73,148
735075937,Seongbuk,54,55050.106,736,125816.627,528,372633.089,1311,267636.854,431,106474.126,221
735186489,Suseong,41,10617.8,11,18723,25,82703.6,91,129211.48,121,9657.6,16
735193359,Gwangjin,53,189452.669,278,110730.852,310,111105.616,236,137512.909,177,29443.1,52
735229382,Seongnam,41,13731.73,163,11136.678,139,81758.848,551,122967.941,387,983.2,24
735327349,Suseong,53,281237.909,144,126751.695,152,128160.449,167,139848.365,112,65826.349,91
735346107,Gangseo,42,6674.9,22,26547.183,95,44146.362,149,126096.214,266,36470.867,137
735346135,Buk-gu,39,31392.7,84,7619.85,48,27026.192,70,149843.3,193,206.8,6
735428744,Yongsan,39,3202.65,15,161.04,9,4977.64,30,237640.68,278,133343.565,137
735509114,Bucheon,40,1954.7,10,63115.838,168,150857.086,341,141918.485,260,15156.06,53
735647847,Yongin,40,5541.3,27,34451.67,84,112898.64,138,327912.726,153,116018.393,53
735647953,Gangnam,37,0,0,0,0,0,0,340789.664,72,803.98,5
735997531,Bucheon,30,0,0,0,0,123580.1,79,131747.6,159,128688.02,103
736231755,Seongdong,35,0,0,0,0,4703.32,24,135380.572,156,115374.52,107
736353448,Cheongju,43,0,0,0,0,20487.66,84,264111.635,451,223362.29,294
736757125,Bucheon,44,694771.2,220,1100322.326,277,641212.114,415,151696.6,113,262891.95,112
737208143,Bucheon,37,0,0,44655.2,86,128097.14,436,747316.6,228,255457,57
737276591,Seogwipo,39,117676.532,217,106200,162,100594.11,180,117531.363,175,12124.85,13
737279895,Dongjak,40,65843.796,95,123846,76,126903.57,192,197515.261,232,163754.871,193
737667147,Seongnam,50,15016.036,75,11238.921,70,70713.43,203,118270.338,313,78861.89,138
737937899,Seocho,32,95085.37,99,244398.033,257,228511.09,240,139337.434,183,28868.178,56
738378957,Gangdong,34,0,0,0,0,208056.312,185,225940.305,192,153781.062,131
738445167,Gangnam,45,46286.926,40,18956.37,45,162033.58,219,146174.868,239,337674.501,233
738459631,Gyeyang,44,63338.468,169,90743.673,177,170648.568,116,166721.249,131,86111.897,126
738491861,Siheung,34,33900.8,128,124262.5,291,81442.75,230,142394.7,352,196527.799,195
738670975,Yeongdeungpo,33,0,0,0,0,0,0,131129.163,155,80224.341,49
738799644,Bupyeong,35,47298.062,396,39773.18,286,102537.728,235,355650.795,502,98101.22,189
739295654,Seongnam,46,69371.35,377,61444.309,377,153788.924,418,151069.027,224,43474.88,105
739355226,Bucheon,35,0,0,0,0,608882.93,299,529577.85,356,793911.29,225
739617313,Bucheon,35,0,0,0,0,594064.1,139,432297.942,147,124346.2,29
739738854,Gwangju,40,20767.178,111,46893.939,122,59997.946,95,127877.759,241,50050.43,133
739857214,Gwangmyeong,50,2792.8,66,12818.987,48,35206.181,147,170649.114,197,8027.47,41
740223004,Songpa,35,162113.951,642,217047.388,745,239002.683,742,255029.336,519,34365.019,99
740232821,Invalid,52,182589.58,108,130194.51,33,117242.099,44,133602.459,71,39873.9,25
740241891,Gangnam,40,0,0,0,0,93101.874,117,226371.503,289,111158.023,150
740244235,Seongnam,51,68208.244,211,143695.934,312,129006.916,251,154460.664,207,83936.32,102
740442003,Seongnam,57,3876,25,4042.39,30,15771,17,205728.34,141,66528.5,91
740539517,Seocho,39,121240.542,164,151500.478,223,96622.2,295,128477.974,280,83779.596,161
740578449,Gwangjin,60,146521.464,303,73295.94,204,110755.054,191,177268.337,262,86264.3,131
740683918,Hanam,44,0,0,35315.754,76,75473.178,198,318441.308,471,70399.048,235
740717704,Seongnam,58,79088.361,250,196139.347,209,179286.395,289,133892.766,283,59020.43,124
740760584,Gangnam,35,55642.528,230,63899.676,360,114404.393,307,269521.777,354,180940.428,155
740766265,Jongno,51,51458.786,291,89632.7,286,75755.39,257,123003.88,457,97254.9,307
740780861,Seongnam,56,74665.47,318,90238.77,366,89746.789,327,132172.495,260,73029.471,110
740863885,Seongnam,43,1654.272,21,25609.5,22,66998.79,43,171478.6,178,71585.16,114
740960771,Gangnam,54,27511.5,130,38354.306,87,76354.59,171,135293.006,197,30884.06,82
741011872,Hanam,43,326492.305,510,322313.882,598,92352.782,163,185309.429,260,151719.108,147
741015974,Seongnam,50,144038.19,347,140022.165,244,126742.71,276,180074.685,292,121841.363,155
741157144,Seongnam,59,154946.211,381,110474.459,250,131562.616,340,151192.578,174,54141.123,101
741179614,Seongnam,45,47726.52,108,205079.077,133,367650.33,294,167217.05,198,175471.201,111
741195736,Gangnam,44,66224.899,104,80883.317,135,73938.197,153,136454.932,276,203347.217,168
741376823,Gangnam,64,0,0,0,0,0,0,125517.743,293,82427.26,157
741437971,Yeongdeungpo,73,115551.55,103,172887.95,90,153217.6,57,200936.85,75,88609.25,84
741533504,Seongnam,44,209300.334,213,116069.135,109,154909.297,188,131729.425,200,99087.277,125
741533545,Seongnam,42,77012.43,291,30335.95,49,76125.95,176,464078.209,191,11211.04,11
741584287,Seongnam,44,80998.751,178,112123.344,169,295554.726,252,189551.529,174,87732.142,77
741638269,Gangnam,57,0,0,133672.601,151,126617.501,174,130867.997,119,118098.382,99
741665729,Seongnam,61,55379.562,259,60800.818,276,60128.032,201,123106.748,251,86807.436,138
741722931,Gangnam,47,1820.8,13,543.126,5,75828.052,145,145296.848,247,22450.17,105
741749594,Seongnam,59,109910.241,254,133778.358,262,141475.243,232,141440.058,181,54414.988,72
741749629,Seongnam,59,62137.881,203,64675.026,279,61401.463,313,128120.379,223,39962.85,99
741839491,Cheongju,48,61980.32,247,112507.662,182,138891.67,215,315608.62,309,87125.507,75
741991832,Yongin,50,133522.209,345,116479.811,310,105018.552,150,152715.51,178,72226.054,77
742075673,Yongin,52,68318.18,80,57916.979,96,145979.5,127,149805.7,199,104913.078,73
742085456,Seongnam,62,68228.909,270,61512.075,158,100977.526,142,126631.927,207,48235.135,118
742170909,Seongnam,59,29245.05,78,60261.503,88,120002.94,186,152451.794,188,86986.342,101
742183297,Seongnam,54,118831.28,395,127298.793,325,127589.471,307,125835.82,297,65100.05,127
742188469,Yongin,57,79575.164,143,79324.21,157,125803.492,200,125607.551,222,31423.783,118
742197472,Seongnam,37,64358.65,110,145646.33,131,214312.69,179,136004.886,296,60270.934,209
742201761,Seongnam,70,128290.085,245,281073.714,279,136630.75,262,179069.078,307,78282.952,162
742212864,Hwaseong,53,5299.5,16,16069.294,57,38241.014,132,125706.694,141,32755.11,74
742295664,Seongnam,63,106491,305,147286.308,337,117243.201,262,169873.956,229,124714.325,115
742332441,Suwon,41,68176.209,272,108299.828,267,105501.136,391,132084.23,411,34819.07,119
742381288,Seongnam,50,87389.126,277,85664.477,221,110487.239,274,133971.292,274,76490.203,118
742492713,Yongin,39,81934.95,55,101542.94,179,154142.535,160,129869.98,103,968.46,45
742699761,Yangcheon,41,53062.394,709,83427.536,803,264177.191,1125,293277.277,960,121852.446,432
742702441,Yongin,45,1141.772,19,670,1,66216.38,129,127708.255,191,8263.502,73
742743763,Seongnam,66,134361.348,154,134562.721,243,171930.819,230,180586.399,216,155171.11,82
742749461,Guro,65,7963.137,93,20675.887,162,71184.207,256,128733.975,227,81897.664,136
742758601,Seongnam,50,66867.132,378,71421.895,399,157385.091,621,160848.885,867,82803.605,363
742781004,Suwon,51,747889.169,670,933990.576,593,762315.139,583,562229.813,567,322595.346,264
742795023,Gangnam,52,186484.845,577,149517.257,453,157903.658,467,130095.591,283,134820.45,168
742823637,Seongnam,45,94473.83,118,141512.047,149,156535.706,341,185599.47,220,67777.32,86
742831317,Seongnam,54,75963.06,186,46203.228,121,90276.708,267,127284.426,196,30701.834,94
742857698,Yongsan,58,41785.98,82,84019.106,98,149636.302,157,271177.318,353,141791.679,182
742870041,Seongnam,57,107105.904,417,116433.754,400,116158.63,367,153058.505,446,217427.759,248
742874955,Seongnam,51,100060.635,265,135040.91,223,155578.703,305,133773.01,306,73150.8,175
742892292,Seongnam,46,14729.681,92,37535.557,115,53634.952,196,188488.045,227,13546.796,52
742901752,Suwon,47,66826.466,310,43603.367,149,69513.042,165,133061.57,152,69381.097,107
742908651,Seongnam,64,59150.912,157,98453.656,249,99734.312,287,155574.198,245,69758.532,125
742922996,Seongnam,52,174374.194,453,189591.807,257,164442.686,265,156625.697,263,93979.209,117
742934358,Seongnam,53,155099.002,200,56172.966,181,21581.63,137,168884.006,162,12183.616,63
742977024,Seongnam,52,18730.63,42,47755.499,67,95137.19,126,126540.36,199,26969.65,92
742980604,Suwon,50,71840.967,471,93047.307,431,159793.809,468,163648.736,416,100856.47,134
742984801,Yangcheon,51,57756.946,213,74639.384,213,99217.339,291,151596.522,205,125274.94,120
742997984,Gangnam,45,125577.5,99,27999.33,35,28412.882,186,135312.255,333,16192.086,106
743012633,Seongnam,59,1605.8,15,2765.5,13,983.3,6,131392.4,84,113210.566,99
743024798,Gunpo,53,85685.22,207,52651.052,167,73083.25,286,127490.95,411,42863.419,160
743025069,Seongnam,61,250465.934,220,138957.815,241,162478.542,200,311246.862,245,184841.762,182
743036905,Gangnam,56,10190.464,78,31763.098,84,143329.502,185,179973.253,287,77644.722,142
743079835,Seongnam,62,196822.505,505,314401.8,598,137926.198,439,135122.534,344,93866.857,172
743111005,Seo-gu,60,10761.018,126,11714.791,134,19268.628,154,139902.51,266,62243.237,213
743124597,Yongin,57,64383.175,177,70566.252,215,99823.986,231,129438.918,156,23638.193,73
743162901,Seo-gu,47,102898.847,445,89093.935,383,106069.397,312,137699.904,360,66501.154,152
743198985,Yongin,66,21775.65,51,69323.379,133,59452.66,184,126118.149,192,36559.83,60
743239219,Gangnam,42,10581.372,27,57923.499,97,88224.569,162,123257.195,147,45487.554,94
743370101,Seongnam,39,63590.904,412,67132.179,511,68192.885,320,142739.062,396,51632.203,184
743491562,Seongnam,55,157386.371,329,147548.347,215,131688.693,277,273390.792,362,193624.962,143
743499675,Seongnam,44,11015.67,75,12445.92,67,50626.888,154,133315.552,220,34795.026,132
743515851,Gangnam,42,6480.8,94,73866.785,125,93468.966,220,134294.227,291,69991.524,194
743552273,Junggu,43,3171.9,18,16358.98,78,80473.91,183,134593.49,202,25607.128,104
743571843,Seongnam,36,12728.056,89,19692.341,71,14422.118,48,126127.19,188,121291.305,240
743674267,Seongnam,56,63860.598,530,105864.067,629,111190.658,383,131738.321,414,6422.228,29
743679701,Yongsan,39,34371.181,383,63948.55,310,232275.461,384,694800,547,394170.159,255
743787983,Anyang,49,277409.989,462,326997.334,569,146955.798,319,158057.455,279,169260.89,183
743812584,Gangnam,50,76276.039,243,96814.793,226,108950.149,266,546880.719,344,209699.036,163
743874467,Seongnam,61,153611.52,425,82791.864,238,78842.483,201,110266.452,182,74610.335,170
743874681,Yangpyeong,56,115962.834,163,143638.311,81,111348.198,58,261125.72,438,77610.488,98
743890671,Gangnam,42,33589.417,244,137373.568,264,71203.713,261,167305.586,266,106544.71,165
743949338,Gangnam,46,27994.349,243,4591.69,44,81544.916,159,347576.306,319,76358.577,139
743977439,Bucheon,63,55393.85,188,105969.944,175,553013.62,622,593484.64,347,111812.2,20
743979178,Seongnam,51,109140.614,321,94712.135,306,105479.003,245,148550.573,269,20991.581,128
743988677,Gangdong,44,38492.384,247,82827.521,240,147996.364,288,127725.932,333,36635.66,183
744055112,Gunpo,37,76260.261,135,97295.545,148,108103.1,164,122916.529,206,107770.51,113
744100463,Yongin,44,46321.69,164,65985.311,128,116699.4,198,140355.78,199,62221.42,81
744119379,Gangnam,60,13820.847,49,75775.225,58,206721.74,171,155091.56,193,131911.523,106
744145559,Hwaseong,41,186451.543,992,159727.361,614,160877.974,441,158912.831,356,45021.072,214
744175869,Gwangju,42,92050.245,297,76615.658,172,148875.702,187,190402.614,289,159972.658,148
744200613,Seongdong,38,117251.64,93,134676.8,145,209311.511,320,351262.392,416,2265.62,40
744209774,Hanam,52,101965.907,170,68383.558,162,88124.63,225,196155.568,364,140520.108,161
744265227,Gyeyang,48,41761.7,98,53391.25,111,26894.76,89,250667.66,232,46943.655,140
744267373,Yeongdeungpo,60,5799.21,88,32856.686,93,58661.776,133,149136,166,91959.731,77
744403949,Jeju,35,19537.833,206,63379.11,167,72361.751,158,221767.386,233,43943.788,79
744447193,Yongin,68,62225.708,226,98444.47,235,99177.214,272,153278.399,205,58803.783,116
744536566,Seongnam,58,1312.1,17,33548.848,47,230222.333,358,227310.767,366,37659.542,119
744543975,Gangnam,41,83631.486,327,59449.763,157,101647.962,291,208508.613,368,85823.025,194
744582916,Seongnam,50,1344.81,27,24753.46,36,97695.97,139,120482.766,186,91974.979,154
744600045,Bupyeong,37,49825.01,220,250014.442,123,569869.465,121,552009.802,225,95264.101,80
744644242,Gangnam,45,197448.204,131,108485.186,149,73359.246,115,414300.118,421,583855.74,269
744676473,Seodaemun,61,59096.147,125,60295.039,217,227290.755,172,410293.805,264,278601.687,123
744703465,Seongnam,38,44.9,5,0,0,66080.129,100,129433.9,340,44100.97,78
744726431,Seongnam,45,67306.879,412,152502.077,383,152037.71,252,137986.669,380,58719.05,167
744731854,Seongnam,51,44433.608,121,44978.462,144,64962.95,204,134041.981,356,64338.297,174
744844101,Seongnam,41,6938.1,72,61303.15,160,57380.736,271,129019.924,244,74518.876,119
744882601,Gangnam,44,14074.854,99,71339.052,314,33675.614,188,157307.663,242,127036.637,148
744896361,Seongnam,47,50289.212,177,47710.576,122,59369.6,176,163668.191,340,119196.654,199
744901863,Gwangju,49,52785.59,170,149429.716,235,112598.528,171,112188.533,215,69300.302,108
744910892,Seongnam,65,147942.098,312,200721.109,222,396088.897,230,321058.291,306,623092.326,133
744955778,Seongnam,63,68552.36,120,80174.401,200,133408.656,274,195150.53,212,75736.206,123
744962074,Junggu,43,27198.474,152,76151.54,239,116265.783,448,332361.214,638,348612.882,414
744981369,Gwangju,38,131.2,3,2845.71,12,2422.1,22,147890.785,321,61224.228,210
745182658,Seongnam,46,131130.264,119,123305.856,184,93708.902,187,140471.703,240,25729.972,81
745231204,Seongnam,49,95311.407,251,118007.566,161,220131.224,202,124929.644,228,112371.463,103
745253901,Gangnam,41,2373.57,36,10029.869,44,135072.49,166,143198.64,139,53182.862,66
745327091,Hwaseong,50,7603.1,34,66325.908,128,209962.148,219,131671.29,203,92343.182,94
745370054,Seongnam,45,89465.858,183,145849.87,165,173363.324,254,195919.032,240,42048.65,85
745428257,Gangnam,53,161535.787,264,158849.24,274,163145.09,173,209104.526,239,128924.016,122
745434828,Seongnam,60,127101.497,193,91758.014,211,82497.952,336,143373.791,341,61092.999,183
745492862,Jungnang,62,0,0,0,0,12751,3,135305.6,59,107367.6,52
745552421,Seongdong,34,25047.193,115,43490.459,112,111866.926,214,164794.167,164,26535.106,71
745570975,Hwaseong,51,8287.83,57,220383.99,235,514744.584,384,219533.334,230,81650.24,86
745584591,Gangnam,61,59189.637,73,78636.374,155,119983.03,150,123992.785,162,47741.502,50
745629016,Hwaseong,60,137567.315,230,184284.956,195,238682.58,173,133119.384,157,19949.6,38
745646251,Yangcheon,46,51021.66,301,25783.031,182,205533.994,247,147166.442,223,125582.47,92
745750321,Seongnam,41,0,0,1659.4,15,173574.658,228,175591.912,205,120764.832,177
745788653,Gangnam,47,19810.264,121,21787.35,111,135299.14,119,124805.244,176,23382.66,53
745847785,Yongsan,53,83486.871,140,92089.045,196,136433.833,216,150598.339,247,93422.553,118
745858982,Seongnam,48,255454.493,151,357655.369,231,335761.98,205,708916.244,184,494145.54,110
745878184,Seongnam,47,36350.656,133,9098.833,60,14831.309,147,129574.062,258,39839.327,200
745882091,Gangnam,46,38443.256,136,14590.811,105,200761.978,123,273508.418,149,121968.685,193
746189945,Seongnam,42,45519.95,146,73221.87,118,123693.538,249,122379.281,306,10965.51,43
746212393,Gangdong,33,2247.119,40,314029.21,991,394602.197,693,789902.186,439,726597.952,204
746314596,Seongnam,61,174398.372,414,156542.242,310,125169.532,277,148475.818,422,41006.592,146
746323701,Yongin,51,153248.409,232,142256.956,273,134437.809,273,251990.187,338,119370.125,155
746396088,Gangnam,51,63254.481,362,77023.622,252,73733.111,193,142376.264,219,40836.17,111
746476328,Seongnam,52,124842.956,380,142795.476,325,120345.503,220,221667.325,289,177564.195,153
746501007,Busanjin,62,60361.437,601,103251.863,438,107029.678,334,141165.641,307,56177.47,126
746593321,Namdong,42,75435.2,369,135478.95,482,158384.25,521,130413.606,372,95779.167,118
746679218,Yongsan,38,215352.189,234,174314.275,204,92224.876,210,135573.53,226,61964.238,83
746716835,Gangnam,37,54021.52,87,262406.68,172,191559.66,253,496661.423,445,62139.52,41
746743669,Wonju,61,251304.278,158,83984.085,75,166774.423,159,133190.81,151,9333.996,23
746901489,Suwon,46,110267.28,168,54931.6,143,92536.937,183,138326.626,160,128476.17,71
746938001,Seongnam,58,483091.825,170,275063.92,111,1840352.55,192,366837.8,127,392262.396,35
746947661,Gangnam,51,133307.553,349,171532.338,337,226952.918,306,209015.142,233,130547.025,94
747023056,Anyang,55,79208.791,268,140796.962,297,112779.104,317,148630.512,270,125822.82,137
747053626,Gangnam,36,223996.264,433,271781.357,371,263995.43,300,258519.246,190,129818.662,96
747099469,Seongdong,45,2518.8,13,13289.027,47,123138.37,135,143662.53,275,39050.44,73
747240582,Yongin,51,20471.438,289,19084.852,124,95225.202,365,204820.587,349,89552.632,227
747313471,Gangnam,32,70003.73,128,201359.63,189,118978.5,142,135973.18,217,52393.31,107
747316592,Seocho,47,148706.882,561,227804.536,609,208954.863,442,135480.294,301,179604.953,264
747407297,Seocho,58,145331.96,304,180421.144,304,159786.226,375,173173.284,279,12933.2,107
747415594,Yeonsu,46,179610.211,355,279219.27,280,122993.17,308,251144.855,554,106957.54,244
747576804,Seongdong,40,27130.656,27,2215,12,3680.6,3,157337.48,194,23103.303,69
747596153,Seongnam,38,21019.976,49,115397.934,117,45434.916,172,170923.228,198,37476.474,66
747631431,Seongnam,57,16584.368,47,58699.29,153,119930.351,138,178915.547,234,123176.978,116
747900701,Yongin,60,29603.448,58,5525.12,36,60506.87,207,135278.734,246,87448.853,101
747929609,Yangcheon,45,39946.667,147,62187.249,254,95897.239,276,123678.388,231,42111.095,94
748267661,Yangcheon,33,0,0,26887.75,9,536222,58,343243.1,61,434788.7,31
748285214,Gangnam,61,64404.999,419,47242.523,375,101394.966,396,183217.689,416,185305.229,170
748337751,Yongin,55,75214.515,252,106456.256,252,141653.792,326,219405.148,333,115259.309,206
748359896,Yeonsu,38,11092.5,22,21717.9,77,51644.745,117,183489.608,220,77048.396,110
748381147,Seongnam,39,1566.92,32,38881.223,90,113429.091,198,123814.142,206,38129.082,114
748438765,Gimpo,38,0,0,34660.393,75,76045.606,163,186287.122,197,110291.53,82
748488552,Gangnam,36,58797.18,163,61630.661,326,253025.293,231,232430.019,404,67504.137,138
748713773,Anyang,61,139298.102,687,127735.614,456,110654.516,233,159048.07,304,34009.132,110
748759772,Gangnam,38,9233.7,24,243856,16,1154700.364,363,587860.481,308,106080.384,96
748873484,Seocho,47,241655.322,238,249865.771,172,393699.17,267,483405.38,439,197147.744,174
748931332,Seo-gu,37,5889.8,20,21802.7,57,76830.12,95,154779.54,149,70354.82,33
749191238,Gangnam,46,119598.003,155,132173.29,154,144845.374,188,191959.77,237,145363.444,112
749220978,Seongnam,42,0,0,0,0,0,0,133638.815,187,69925.818,124
749331567,Seongnam,51,54975.985,421,41858.943,271,93735.833,435,169892.483,263,67585.44,89
749339955,Gangnam,57,95273.914,123,113683.58,179,104959.55,194,159310.857,274,39082.7,73
749420429,Gangnam,32,116075.55,187,208113.773,139,154036.875,184,237734.41,136,23710.55,27
749430136,Seongbuk,60,123905.04,171,113011.112,184,149090.239,358,133959.115,461,62148.68,198
749448075,Goyang,50,6771.9,55,11648.69,45,128495.437,141,133333.685,223,23023.787,83
749529805,Yeongdeungpo,51,6854.509,129,10952.96,116,46223.076,258,139375.785,325,68352.993,180
749538771,Seongdong,35,19180.87,47,33674.481,142,59764.522,285,154756.704,225,130585.081,193
749639456,Gangnam,45,42832.845,130,110097.267,174,145518.533,355,132942.162,256,5658.24,15
749671975,Cheonan,59,165482.782,289,144730.821,355,162744.836,295,136215.197,236,51694.657,92
749732069,Yeongdeungpo,49,31932.005,239,74673.669,214,227662.616,416,204514.407,311,56005.359,159
749839461,Yongsan,40,125535.038,159,85165.188,204,55081.733,177,130742.477,194,183474.68,84
749891401,Seongnam,49,1272.991,7,6387.514,24,13737.909,42,204348.148,174,12363.3,15
750149569,Gangnam,61,25011.544,7,43689.21,29,86821.362,85,129596.01,204,41378.852,70
750156231,Gangnam,46,124099.102,254,121396.561,323,296103.225,281,165395.991,219,65673.967,106
750222995,Yongin,43,163309.675,565,224240.43,478,293493.189,477,633000.622,698,411378.279,361
750285111,Seongnam,49,164888.04,535,571204.77,1221,302601.57,733,134515.9,247,43799.8,69
750287464,Gangnam,37,15646.68,103,0,0,0,0,136036.693,152,76360.637,136
750340887,Seongnam,39,2902.1,20,18991.1,57,94231.624,114,125779.135,254,3823.85,53
750382311,Gangnam,42,50917.238,148,149500.833,299,217158.9,210,130575.328,236,93910.734,93
750397441,Namyangju,53,131544.772,232,116981.258,242,144652.317,225,218564.834,330,137340.075,161
750661405,Songpa,29,12581.448,23,49558.595,65,45892.408,46,203357.162,94,3417.4,7
750752439,Suseong,57,13686.465,241,44125.921,315,53487.669,322,122504.354,401,101339.238,153
750777461,Seongnam,52,3918.41,36,18698.109,100,63265.068,164,135166.571,231,120203.092,145
750956101,Suwon,45,72850.987,182,43909.34,141,104565.8,130,156471.075,186,13303.128,54
751030009,Seongnam,35,24493.273,143,42873.716,316,75470.719,300,164627.994,341,166394.362,165
751211964,Goyang,47,42631.31,41,12766.1,13,216785.47,74,131209.292,334,131869.667,229
751302957,Gangnam,52,0,0,8804.03,21,43550.1,19,196145.06,102,55696.907,61
751334229,Seongnam,43,94237.923,310,73344.614,287,246529.559,266,183831.716,249,107393.957,161
751427327,Gangnam,57,8951.858,23,4894.101,44,94878.443,71,255147.496,232,220142.683,168
751487151,Seongnam,48,48579.365,300,94598.675,198,156642.915,266,208366.911,348,55609.289,119
751508903,Gangseo,64,0,0,86562.564,147,122366.721,247,156134.207,219,122754.231,153
751624956,Donghae,47,58785.386,170,122240.394,147,112571.862,146,147047.981,222,135904.3,135
751653867,Gangnam,38,43569.452,173,88034.216,158,105915.421,123,161727.709,242,69184.593,172
751684571,Seongnam,36,0,0,143891.657,210,116452.353,280,124511.694,330,40705.394,270
751713586,Gangnam,29,90904.95,149,88023.839,92,207188.244,188,134749.601,174,309698.455,109
751729877,Hwasun,62,116562.4,113,109901.9,42,198780.9,40,249424.619,76,44845.9,14
751733126,Osan,47,28485.5,94,47692.797,143,110035.66,177,178875.729,196,70221.665,115
751770544,Bupyeong,48,15254.173,146,30718.19,179,169014.832,403,105182.043,213,38492.452,72
751777308,Seongnam,58,42800.464,484,113685.67,155,112411.82,257,129485.116,345,107245.46,217
751813344,Gangnam,48,51236.3,79,78888.098,123,98874.504,203,135405.857,237,70638.402,105
751962776,Seocho,39,0,0,1088.526,8,132443.011,55,236489.852,278,37117.144,109
752135908,Yongin,51,8019.84,38,61213.15,44,172731.8,153,157742.389,152,30164.27,72
752184666,Yongsan,37,16727.033,20,16606.7,22,125688.218,130,235624.843,109,19651.5,15
752193065,Gunpo,41,801.1,15,153710.246,324,428589.542,617,96516.989,275,20356.608,103
752443602,Seongnam,55,6660.29,56,6011,32,22753.812,81,124805.927,174,86025.368,193
752457411,Goyang,47,71333.332,168,65645.694,198,404181.384,274,101002.992,244,26697.25,79
752476509,Hwaseong,52,52049.718,200,124225.222,223,148543.1,261,128345.297,160,55492.71,91
752575959,Gangnam,42,0,0,0,0,26862,3,139370.8,40,56707.858,60
752749431,Bupyeong,44,113913.7,206,130913.412,159,157434.297,144,129118.231,184,142928.858,81
752762006,Mapo,42,97528.437,163,68663.641,121,73258.194,103,195810.398,189,95487.87,138
752994844,Seongnam,55,50237.757,264,54081.779,234,54538.432,124,138479.938,350,79090.888,194
753196103,Gangnam,53,395767.132,334,813726.04,384,552315.093,560,376921.822,463,92796.244,154
753258906,Seongdong,37,82736.706,179,117498.697,220,124784.59,220,149381.302,194,51382.75,93
753533522,Suseong,56,155338.107,186,199239.805,315,284272.516,317,141938.433,187,14889.824,81
753555078,Seongnam,54,5265.708,45,17423.08,82,114580.2,102,158204.81,210,71489.085,99
753571751,Eunpyeong,44,41613.836,143,70619.43,183,181756.095,200,268729.937,515,107369.5,166
753769572,Gangdong,38,597.86,19,6035.4,1,337378.535,39,184740.738,28,72920.55,14
754101351,Seocho,46,8619.79,141,7212.62,142,96008.194,184,122623.331,273,40727.852,129
754165561,Yeonsu,41,44366.283,116,88721.78,49,110843.014,80,207938.322,130,82839.864,93
754200431,Gangnam,64,154412.654,205,172883.582,221,177014.305,171,193835.31,151,55201.052,88
754271367,Yeongdeungpo,41,0,0,0,0,86732.35,40,137779.102,220,56829.387,64
754559701,Seongnam,75,98265.463,163,116348.263,129,117507.21,187,162269.319,228,14460.23,75
754698352,Pyeongtaek,32,2759.4,29,13891.48,77,51760.88,254,125108.47,314,32367.38,84
754699541,Gangnam,83,134546.242,395,203008.081,397,115035.875,443,172302.742,357,130116.419,303
754717504,Gwangju,71,156611.932,173,147107.414,209,222450.112,178,266670.481,338,163643.43,203
754744251,Namyangju,42,42395.996,116,80085.91,85,185420.217,215,135155.042,192,24901.312,65
754765989,Junggu,40,50424.494,124,53297.784,112,208728.24,118,130608.729,156,30908.99,120
754769303,Seongnam,30,0,0,0,0,78458.2,133,146219.728,195,30177.561,45
754860168,Seongnam,37,54046.42,105,71835.548,150,95661.961,244,157287.286,282,139239.176,245
754945911,Gangnam,49,88495.047,315,66836.133,237,84361.214,248,123572.131,187,114263.843,102
755007317,Bucheon,40,15351.9,30,21527.91,30,78433.1,71,164032.55,113,24687.685,58
755042069,Seongdong,49,340641.278,560,288255.766,332,301771.923,430,209828.079,344,172150.831,215
755126413,Hwaseong,30,128407.73,116,150830.452,172,132675.218,97,195101.782,129,59348.294,56
755141543,Chilgok,44,152842.06,108,99642.557,109,202030.58,137,295088.33,135,136587.57,60
755145736,Seongnam,55,57378.68,262,77154.621,247,209607.868,387,193510.713,309,57814.63,83
755318357,Gangnam,46,53638.111,129,119578.263,225,111698.901,365,158967.268,425,81854.181,214
755337291,Songpa,53,0,0,91.5,4,0,0,126266.877,309,76466.711,205
755389795,Siheung,40,0,0,0,0,0,0,237488.317,177,108007.91,133
755441765,Yongin,72,37196.53,156,113763.295,280,172843.273,330,185934.697,426,16317.434,108
755445014,Seongnam,37,124391.85,480,134749.147,429,126645.929,285,125292.285,268,43824.027,93
755451301,Gangdong,51,128756.066,149,76655.482,183,86044.919,327,134816.248,268,19611.353,61
755551466,Seongnam,55,8250.8,47,26999.14,61,78078.125,109,241969.19,255,59597.53,73
755652179,Gangnam,41,19346.982,581,19849.77,425,31048.333,442,190391.547,377,163490.568,114
755731286,Goyang,52,66106.352,194,103225.704,235,112899.843,236,133183.405,305,62242.687,161
755749011,Yongsan,43,101249.699,205,169878.051,240,286454.233,268,520777.163,454,116796.211,108
755871388,Cheonan,61,68918.027,225,91954.928,267,115907.979,354,133603.156,302,492.58,7
755878336,Yongin,36,2880,49,17193.841,99,9428.392,74,156906.535,212,445630.33,168
755891701,Hwaseong,51,71810.126,159,111667.09,271,99529.378,196,139279.695,173,45957.29,80
755994231,Gangseo,28,0,0,0,0,246596.31,43,125581.769,82,62660.495,33
756078003,Namdong,40,0,0,0,0,58792.2,50,125147.491,261,45485.21,89
756080554,Gangnam,47,79578.149,87,110266.913,154,81912.624,134,356735.074,240,203805.02,102
756167928,Gangseo,44,25023.82,68,39543.884,66,83722.808,123,216404.679,181,85339.138,114
756221007,Gangdong,43,100148.939,280,96877.085,176,171061.462,137,227049.766,343,56011.126,162
756285851,Seongnam,61,0,0,0,0,146547.634,248,207694.893,242,124006.168,98
756327879,Icheon,38,179216.209,395,205658.615,519,295756.781,537,221918.41,335,110376.521,183
756462471,Michuhol,34,914.1,3,189,1,14,3,146432.535,24,114535.97,39
756506716,Gangnam,50,103335.807,205,134287.449,188,227585.985,413,221013.628,214,101529.683,108
756771019,Gangnam,38,31536.464,127,63832.736,237,98836.096,332,158869.688,362,44575.67,142
756832479,Yongsan,68,4378.283,27,18487.4,53,218154.684,215,141233.292,172,112984.42,130
756935441,Suseong,43,194946.089,158,464864.086,265,463609.681,179,209107.16,180,48471.035,67
756969301,Songpa,42,31668.991,135,25338.097,148,36296.832,101,171573.449,185,22531.266,108
757069473,Gangnam,72,43973.946,152,64346.732,130,110528.817,171,130771.934,233,34118.133,55
757102397,Seongnam,53,8814.34,100,20700.4,112,52560.649,122,123781.97,232,30517.41,132
757103651,Yongin,32,87752.493,181,100245.577,127,104377.58,170,336355.598,254,660,1
757104331,Yongsan,61,200174.349,103,103185.304,73,234682.691,68,214927.934,90,254944.764,68
757323733,Seongnam,46,647.8,15,53540.4,60,55853.903,80,133305.3,171,25847.3,53
757344362,Dongjak,41,10312.2,33,63470.2,162,112841.268,268,127972.868,148,105371.427,127
757439811,Nam-gu,66,157233.951,349,93015.716,294,246135.422,243,138333.578,153,65116.38,94
757454862,Buk-gu,48,27614.352,117,64164.033,185,94129.4,178,241530.772,385,101541.43,159
757556777,Seongnam,54,14211.15,52,4660.3,16,62157.55,70,133398.6,148,15157.29,61
757569789,Yongsan,42,25420.168,39,95620.644,169,123271.768,134,128834.325,171,52476.559,100
757600515,Cheongju,34,21321.6,209,19375.432,286,65951.1,233,137144.255,185,14269.578,40
757707422,Seogwipo,52,299980.359,430,242753.432,207,248938.341,172,171643.481,225,78998.529,141
757733331,Seo-gu,49,233857.811,110,142474.1,59,283862.885,290,293800.091,158,204963,115
757914496,Gangnam,42,49263.359,360,82404.051,513,188117.852,600,128638.06,436,118564.224,66
757916439,Seongnam,55,11501,7,47708.83,68,165411.65,68,461844.496,165,261177.95,138
757977031,Seongnam,36,36043.6,74,20977.2,12,41533.225,60,121970.662,158,62063.994,123
758071348,Gangnam,41,10336.4,66,1599.3,23,25267.815,278,148343.961,174,27469.29,96
758255454,Seongnam,41,70279.463,139,183807.321,129,416335.656,168,550640.668,239,289614.356,183
758282498,Gangnam,43,27942.957,253,23574.999,337,35009.698,233,134809.139,341,23026.95,99
758336846,Gangnam,64,0,0,0,0,169.5,1,137078.662,285,60020.837,178
758372289,Seongnam,51,74775.602,107,83465.866,156,116889.365,156,136492.66,150,71319.26,64
758613301,Seongnam,33,16783.188,189,61865.238,241,76343.853,263,137863.575,239,62829.051,149
758613459,Seongdong,49,20916.704,38,81369.649,37,163035.784,88,250523.625,155,49497.55,26
758657879,Guro,34,223.53,16,343.46,36,137837.935,283,565999.8,271,244608.556,202
758665442,Dongdaemun,46,52735.35,104,141117.706,198,149169.678,137,404320.816,242,6152,5
758727509,Namyangju,47,25608.628,80,83257.552,267,128997.651,285,140057.244,233,55325.832,158
758742234,Paju,43,3029.9,14,103841.806,109,104054.309,91,365947.856,204,51652.66,45
758804554,Yongsan,55,65188.31,319,89091.147,130,82379.17,202,138486.529,123,33052.3,64
758808903,Gangnam,65,3426.8,19,106568.646,196,109633.404,268,126259.894,214,56196.82,80
758810655,Yeonsu,40,22620.658,340,19439.823,243,89180.525,205,198364.95,431,102953.922,235
758822111,Seongnam,41,28714.264,161,117115.769,175,80811.234,207,175137.881,267,28860.444,106
758900461,Hwaseong,49,29980.47,69,21973.7,53,157479.732,119,197712.094,250,198253.165,139
758921454,Seongnam,56,34692.979,101,92439.623,76,291081.244,206,125823.524,179,140984.975,89
758924458,Yongsan,33,118014.53,129,102358.419,84,165812.814,129,197700.24,178,129068.267,86
758929175,Yongin,49,73430.608,316,145086.223,445,125292.927,362,145049.089,390,89682.105,213
758933371,Yongsan,37,63388.25,126,36304.764,114,120524.207,155,143762.482,306,84761.428,165
758980181,Seocho,47,18885,20,102339.533,13,75537.89,63,164078.63,84,134527.25,28
759009488,Yangcheon,47,72818.052,174,164571.765,501,253945.265,555,379004.867,442,96264.075,118
759042014,Seocho,38,404.2,10,2894.7,16,64968.688,193,190050.44,164,54536.44,47
759148622,Seongnam,50,23655.2,26,26461.443,81,52912.42,218,172718.408,214,24761.42,89
759319181,Seongdong,31,10631.64,16,24578.268,105,43589.008,110,128213.142,287,89165.7,120
759348081,Junggu,47,129452.5,28,126318.6,33,559515.28,48,229350.56,33,216427.4,38
759371749,Yongsan,41,11864.76,54,32811.92,97,118306.762,147,262427.512,179,45679.766,44
759429519,Gangnam,60,6593.4,21,11381.55,32,56349.218,105,203206.213,177,112685.5,92
759431769,Seongnam,50,66216.2,102,50519.58,119,106279.55,78,172448.178,154,80402.905,99
759479466,Dalseo,45,76448.077,184,100754.155,161,115279.18,171,143498.201,210,52086.85,104
759499805,Goyang,38,11131.45,117,33132.422,150,116374.378,252,172818.222,362,93160.019,137
759522554,Goyang,45,75673.34,43,85845.999,72,123227.522,93,124484.8,117,60656.85,30
759596291,Eunpyeong,41,37130.51,272,39579.734,210,70882.236,202,121459.55,264,27450.409,96
759632831,Anyang,44,64145.804,190,57639.232,178,52927.21,158,150435.713,229,148117.85,123
759650924,Yongsan,86,45486.433,234,35380.548,285,86422.219,356,185662.218,380,18588.864,151
759658281,Seongdong,32,49861.986,65,139101.364,184,235485.12,198,275899.514,195,61609.084,73
759748531,Buk-gu,47,553,23,743.98,13,1036.02,20,244684,120,242477.36,72
759768963,Bucheon,53,894.27,11,96894.293,82,129092.184,201,135396.441,91,11321.5,17
759843171,Seongdong,38,3327.1,12,15520.3,48,80897.28,94,274486.49,157,66103,38
760052367,Gimpo,47,18703.97,31,29932.1,43,109377.8,108,173971.336,140,165918.606,95
760055061,Gangbuk,41,144762.1,112,212396.201,502,667094.8,661,380333.82,365,255022.2,49
760069076,Yongin,36,6166.17,83,25416.87,78,52658.888,124,133746,224,25185.4,106
760148638,Seongdong,34,7863.631,52,35102.095,66,136628.911,111,205378.511,189,50147.994,86
760240876,Seongnam,48,12589.4,33,12661.3,36,138845.743,156,199243.744,219,95276.368,94
760279109,Cheongju,42,6783.275,163,20307.166,161,89870,258,194466.42,323,96944.785,102
760363849,Gangdong,34,22120.787,124,58372.182,322,161030.057,442,217570.266,571,96426.198,249
760374591,Goyang,44,56721,55,106632.4,134,125797.429,134,131121.41,122,42171.406,49
760388463,Yongin,51,55811.7,26,175439.899,98,353982.31,236,971691.78,460,266383.33,138
760714854,Suwon,65,41775.38,56,123070.5,152,232101.568,229,114107.331,156,45328.768,41
760753971,Mapo,37,0,0,0,0,42699.3,24,179457.616,137,37700.674,63
760823721,Gangnam,54,59370.059,76,67953.64,102,166531.773,157,161238.769,191,25295.27,51
760959761,Yangcheon,55,18841.538,220,51080.107,280,66977.432,272,138434.445,292,94284.223,184
761012607,Gangnam,48,0,0,100431.99,135,361160.962,205,673918.228,259,221363.855,83
761246974,Hwaseong,44,17690.5,13,9540,2,338402.237,33,330096.677,63,191168.18,15
761288815,Mapo,47,2095.278,51,19531.155,95,60112.129,82,128701.297,260,62400.172,184
761301255,Dong-gu,46,0,0,94600.9,124,131933.2,180,169082.9,234,57290,127
761331552,Gangnam,36,83937.448,126,168700.03,210,227507.016,335,273601.546,334,71688.72,110
761573268,Gangnam,53,9080.08,29,8234.1,15,64409.944,49,147426.68,107,43928.422,74
761581121,Seongnam,47,6004.961,50,80137.252,162,101143.687,326,143800.537,345,59970.746,214
761625567,Hwaseong,49,10774.65,84,42918.81,280,438887.063,438,540067.533,465,50,1
761635679,Seongnam,53,1770.004,16,11041.649,76,43873.182,84,123941.194,209,21846.673,81
761640656,Yongin,42,0,0,42749.214,171,83258.608,134,226065.944,255,38533.92,95
761688717,Seongnam,45,2730.25,39,3208.13,103,73142.545,267,148507.448,306,23889.214,128
761706238,Yongsan,50,0,0,0,0,34944.68,84,150645.486,292,80511.901,128
761725251,Yongin,43,9047.55,18,66336.976,187,261112.237,239,128217.259,237,15584.324,50
761848499,Goyang,35,9810.8,14,143910.88,126,185693.26,126,118674.994,149,14282.52,59
761993825,Seongnam,41,25811,34,5473.528,18,34736.95,117,256857.361,115,100331.5,52
762059651,Gangnam,28,3076.996,14,17197.247,122,241506.2,156,1428749.6,212,230882.4,19
762195231,Seongdong,33,3938,3,152853.44,370,235019.9,344,542362.722,501,419600.876,151
762230941,Seongdong,40,15885.478,82,136958.994,427,103642.392,368,231029.817,591,21403.464,160
762275644,Gwangju,55,50.9,2,33249.808,108,106214.3,131,208379.428,184,172132.34,136
762275698,Yangcheon,46,8374.2,12,1759.372,20,24434.29,130,117694.64,263,111039.741,191
762307312,Seo-gu,41,9357.322,13,41311.368,127,141209.336,267,160188.33,208,110262.85,159
762313611,Seongnam,44,2916.34,4,135427.552,82,133183.344,145,138027.716,194,71300.221,117
762410275,Gangnam,54,4796.9,10,69917.561,78,334315,169,379764.58,222,570219.42,118
762439565,Seongnam,62,0,0,0,0,130867.134,75,126998.186,158,85108.802,143
762479539,Gangnam,49,2217.2,6,11529.59,142,13655.912,132,129317.562,174,187629.96,51
762484911,Yongin,60,107121.57,49,112833.248,89,118081.936,134,153123.677,200,50896.381,65
762534283,Gangdong,41,0,0,0,0,217713.76,18,304872.275,27,211624.714,26
762544131,Guro,31,5286,3,45054.598,26,76430.47,56,135117.225,97,56053.4,14
762595801,Gangseo,47,114.5,4,27733.7,66,72087.7,147,138106.782,219,117074.76,206
762615099,Goyang,53,0,0,5534.308,33,144970.069,76,206179.655,186,310098.884,87
762716401,Gwangju,43,0,0,16160.014,37,108891.875,213,243195.842,288,143962.323,176
762730131,Goyang,35,0,0,8799.431,72,23910.258,56,240338.605,298,4574.15,29
762770747,Seongnam,69,0,0,80622.247,334,113075.2,192,138629.079,286,139995.656,126
762826101,Bucheon,35,0,0,43308.2,162,226071.758,589,492236.342,705,497132.048,378
762832123,Gwangju,45,0,0,8718,11,83436.979,136,150969.197,235,76906.47,108
762839978,Yeongdeungpo,63,0,0,4995.1,17,102820.6,15,126485.85,16,78833.9,19
762847175,Seongnam,66,0,0,133377.453,91,113717.769,89,143169.429,138,116340.323,108
762848847,Goyang,48,0,0,68704.7,76,83595.656,104,139177.793,132,14054.221,61
762877576,Yongin,46,0,0,56947.083,40,127532.9,30,141377.998,139,61620.462,77
762880357,Seongnam,53,0,0,16474.52,41,89335.354,105,159263.081,246,97859.446,123
762914877,Cheongju,43,0,0,82476.39,290,210560.127,443,253911.054,415,76065.59,191
762949835,Yongsan,59,0,0,89666.214,285,128551.16,269,312935.264,277,319314.272,159
763124236,Yongsan,53,0,0,10.5,1,113052.95,20,177514.95,39,53065.82,9
763136648,Seo-gu,34,0,0,39167.3,63,112734.518,156,127648.566,194,29581.918,78
763171662,Gangnam,46,0,0,0,0,8735,4,160843.343,61,18546.92,18
763227067,Gangnam,44,0,0,59129.289,369,181691.766,448,223442.85,269,130684.924,96
763227841,Seongnam,57,0,0,246502.25,103,276512.15,178,207456.832,169,87446.109,43
763245411,Mapo,37,0,0,11200.674,118,13714.586,120,128755.763,316,47950.81,121
763256513,Yongsan,37,0,0,36220.322,65,66683.261,162,128019.001,187,52760,107
763285283,Seongnam,43,0,0,434242.07,159,319163.23,168,260610.733,261,80785.77,45
763289686,Mapo,35,0,0,104331.286,225,108310.15,212,130287.085,222,50928.565,73
763300621,Yongsan,37,0,0,107849.086,57,246960.894,148,211738.33,235,56994.518,87
763352706,Gangnam,57,0,0,19756.162,73,48348.563,63,144935.357,172,34605.129,31
763377346,Seocho,34,0,0,81422.6,164,194921.366,409,258013.568,536,57242.53,109
763421181,Gangnam,42,0,0,68634.92,53,125433.328,245,266685.8,466,106344.035,218
763439415,Hwaseong,52,0,0,7328.794,72,7347.77,61,128304.207,141,9229.83,53
763454088,Seongnam,35,0,0,11690.5,25,83511.7,130,323542.372,295,62564.3,45
763483036,Seongnam,49,0,0,119695.31,87,231485.146,211,473279.377,534,389239.317,224
763548005,Songpa,36,0,0,5839.3,11,264595.6,275,383570.01,414,64143.2,180
763584591,Yeoju,58,0,0,29474.046,175,171088.162,437,114438.112,1116,8744.7,99
763678381,Gangnam,56,0,0,15904.953,76,27243.158,105,157271.147,176,56697.224,111
763682861,Gangseo,50,0,0,155105.608,104,292727.985,327,185996.878,353,73030.124,113
763686437,Gangnam,48,0,0,30564.34,87,70783.11,164,116925.12,224,32296.673,128
763729121,Seo-gu,46,0,0,62886.809,91,90681.29,179,147596.77,238,78360.876,183
763735353,Seongnam,51,0,0,152137.25,133,184916.657,261,156168.579,271,59725.182,146
763812236,Gimpo,41,0,0,15304.766,61,47043.714,105,141059.764,355,60465.13,159
763893102,Hanam,48,0,0,43130.156,76,72438.996,102,230136.394,260,149388.871,125
763897471,Gangnam,52,0,0,41857.935,108,224381.384,211,161626.135,206,10535.01,42
763913083,Seocho,43,0,0,79853.35,47,117975.92,125,145940.381,206,85108.692,85
763953975,Yongin,53,0,0,19358.035,85,60456.079,290,137838.303,314,62728.276,148
764002328,Gangnam,45,0,0,15140.68,39,44445.285,131,124319.627,236,116926.391,123
764173894,Gangnam,36,0,0,108875.245,172,124196.578,309,147114.258,376,43064.801,184
764194091,Songpa,50,0,0,55835.852,53,102866.163,97,237970.563,187,94123.567,102
764235861,Seongnam,42,0,0,74667.95,53,368968.767,845,245569.279,475,99165.889,107
764259621,Seongnam,29,0,0,11115.31,51,126686.297,171,249215.469,322,210997.768,295
764350288,Seongnam,40,0,0,76878.633,73,139850.623,196,196951.834,284,48349.22,104
764368095,Gwangju,55,0,0,37428.7,43,114099.1,121,183708.334,227,143200.466,128
764430753,Siheung,58,0,0,9875.17,65,127601.252,295,132086.857,235,70073.1,108
764430816,Siheung,52,0,0,77469.53,103,96370.947,217,123159.05,139,5273.66,44
764432213,Gangnam,41,0,0,5767.7,27,69811.74,175,146407.528,280,45109.832,124
764440458,Yeongdeungpo,66,0,0,22044.8,20,110449.935,187,143575.507,319,9690.265,150
764454571,Seongdong,37,0,0,79814.513,46,93031.15,106,234539.824,174,34374.95,48
764468559,Gwangju,30,0,0,68529.2,30,579939.08,309,654112.654,459,299758.629,308
764519487,Bupyeong,47,0,0,28768.8,85,122144.66,372,197570.484,369,32253.67,106
764534758,Gangnam,55,0,0,356.19,3,88940.158,545,188801.615,341,45005.515,115
764554367,Bucheon,61,0,0,22304,31,111771.2,104,130582.15,99,65880.803,116
764563223,Seo-gu,36,0,0,49330.7,113,47557.95,90,178051.95,131,75661.28,90
764577606,Yangcheon,42,0,0,9812.41,11,105568.728,253,204752.868,383,48543.298,219
764587291,Seongnam,31,0,0,4771.2,86,171217.95,449,199647.41,390,166595.684,117
764692732,Seongnam,44,0,0,44304.379,49,122924.912,219,161777.441,232,65542.789,108
764700834,Junggu,53,0,0,5956.802,43,80432.792,318,174028.803,474,36682.072,189
764735006,Gangnam,57,0,0,12791.011,113,114825.37,456,178677.524,258,163685.006,203
764799862,Gangnam,55,0,0,14691.3,34,3729,31,130323.31,82,4626.49,42
764866527,Eojeong-dong,40,0,0,140977.4,50,260676.696,424,223153.239,511,11262.855,58
764873992,Hanam,34,0,0,471.3,12,88884.1,43,120373.337,133,54537.2,35
765123643,Gangnam,49,0,0,7192.7,6,128235.56,73,303259.177,194,183561.07,126
765188454,Gangnam,47,0,0,0,0,219297.646,82,683374.014,246,149957.047,94
765221716,Yongin,45,0,0,0,0,63529.3,39,271695.557,191,157904.234,56
765228432,Invalid,37,0,0,63887.794,36,109353.82,223,165238.546,209,25102.091,74
765298761,Gangnam,66,0,0,1616.78,10,143510.205,435,360808.868,333,0,0
765321017,Nam-gu,69,0,0,0,0,104964.028,259,125013.368,278,79597.545,183
765506901,Songpa,54,0,0,0,0,207997.392,248,267957.074,174,75265.635,49
765535446,Songpa,33,0,0,0,0,21972.224,92,151469.804,253,11431.742,56
765538493,Jongno,61,0,0,0,0,22741,66,233843.336,30,88568.8,9
765574851,Gangnam,37,0,0,0,0,184667.884,44,261155.581,105,70416.78,47
765637727,Gangnam,41,0,0,0,0,219217.231,302,569825.988,476,313636.692,178
765648521,Geumcheon,41,0,0,0,0,175477.175,8,485411.025,64,90886.89,13
765650005,Geumcheon,36,0,0,0,0,331056.74,29,221740.115,48,133333.96,29
765665436,Gyeyang,38,0,0,0,0,74841.251,258,130856.47,379,24615.18,151
765686221,Bupyeong,32,0,0,0,0,20979.304,90,160792.718,255,23096.768,159
765719706,Songpa,38,0,0,0,0,448275.558,193,196360.843,142,18983.65,29
766018654,Yongin,50,0,0,0,0,3494,26,123822.22,184,58029.01,82
766071627,Jungnang,48,0,0,0,0,25077.048,17,152231,77,51552,30
766137174,Cheongju,59,0,0,0,0,89796.17,192,149412.84,222,53184.64,75
766199661,Yeongdeungpo,59,0,0,0,0,108541.503,83,148677.511,203,52083.114,108
766245741,Yeongdeungpo,41,0,0,0,0,209108.549,302,126404.364,295,25374.655,114
766265269,Yeonsu,51,0,0,0,0,21493.918,65,129048.818,176,55968.475,134
766533338,Yongsan,51,0,0,0,0,169126.013,65,206218.054,161,129535.55,58
766568612,Uiwang,78,0,0,0,0,126472.079,292,388808.16,380,156436.302,145
766673126,Seocho,53,0,0,0,0,75966.063,150,107008.067,195,19874.364,82
766758767,Cheongju,64,0,0,0,0,8262.1,46,122774.601,138,47098.23,212
766900123,Yongin,37,0,0,0,0,113485.166,73,190726.108,287,181778.35,122
766909111,Guri,44,0,0,0,0,98999,66,356298.588,167,278477.102,71
766916851,Bucheon,40,0,0,0,0,119727.956,206,253990.94,403,45037.6,151
766944465,Yongin,31,0,0,0,0,4471.082,8,162995.933,139,41903.372,70
767036183,Gangnam,41,0,0,0,0,40785,45,137697.85,122,32310.7,35
767048331,Gimpo,37,0,0,0,0,63358.25,47,130270.8,128,50890.5,54
767071364,Mapo,45,0,0,0,0,153301.63,174,147430.214,296,62316.63,124
767108171,Seongnam,53,0,0,0,0,48282.506,188,161069.814,359,105307.999,308
767109105,Gangseo,42,0,0,0,0,110236.967,319,792002.589,873,462434.399,390
767138191,Gangnam,33,0,0,0,0,75230.818,83,151572.188,218,30302.01,83
767167689,Songpa,46,0,0,0,0,153051.411,146,122934.743,191,30949.624,88
767168354,Gwangju,52,0,0,0,0,114497.777,131,119545.119,156,48605.28,87
767233665,Yangcheon,52,0,0,0,0,55950.008,122,153566.5,225,77126.91,65
767297534,Gangnam,52,0,0,0,0,50926.784,26,132491.37,177,36831.459,100
767327796,Gangseo,38,0,0,0,0,49460.399,102,145557.853,182,17900.818,91
767357991,Mapo,51,0,0,0,0,22565.7,87,218984.59,219,50839.03,130
767394812,Gangnam,41,0,0,0,0,112002.098,113,118964.108,187,14522.7,22
767488696,Yeongdeungpo,37,0,0,0,0,254115.1,37,141890.304,206,1112.83,31
767508595,Namyangju,30,0,0,0,0,0,0,130521.9,102,16142,16
767524572,Seongdong,31,0,0,0,0,118494.706,96,185561.286,172,70879.244,87
767595982,Bucheon,36,0,0,0,0,220630.6,62,679601.96,228,202527.48,41
767646711,Yangsan,45,0,0,0,0,157287,39,205063.17,413,134190.897,217
767682561,Yongin,42,0,0,0,0,50569.938,205,127327.652,363,59791.744,221
767690961,Gangnam,48,0,0,0,0,32382.374,147,314788.819,613,236260.652,207
767692355,Seongdong,34,0,0,0,0,84304.6,23,175514.64,157,114056,51
767791736,Yangju,70,0,0,0,0,25821.55,56,176941.092,198,43097.091,70
768304128,Pohang,56,0,0,0,0,100115.52,70,147074.782,254,106493.02,137
768452815,Cheongju,47,0,0,0,0,32710.8,53,192249.71,281,71414.74,132
768596094,Paju,37,0,0,0,0,167792.55,125,282108.91,120,340876.38,71
768664751,Suwon,28,0,0,0,0,13965.672,82,190802.222,238,50740.19,38
768673118,Seodaemun,34,0,0,0,0,87401.06,98,127723.977,169,7891.57,17
768696677,Seongdong,41,0,0,0,0,78002,20,126611.952,151,35767.694,60
768764323,Seongnam,37,0,0,0,0,48497.34,49,217259.226,233,74093.714,62
768764731,Seongnam,43,0,0,0,0,11228.6,10,135327.606,77,94546.339,53
768995801,Pyeongtaek,35,0,0,0,0,1870.5,5,122304.56,190,19367.32,94
769049397,Gangseo,52,0,0,0,0,4674,5,161294.068,179,17269.097,20
769059126,Gwangjin,29,0,0,0,0,0,0,135611.3,75,71961.3,16
769159711,Seongnam,55,0,0,0,0,0,0,127038.604,107,16921.86,33
769218618,Haeundae,36,0,0,0,0,0,0,134613,33,18433.44,5
769224825,Yongin,53,0,0,0,0,0,0,399102.77,210,241515.02,63
769237235,Yongin,35,0,0,0,0,0,0,187578.93,111,34477.037,26
769240332,Geumjeong,33,0,0,0,0,0,0,144215.248,80,11219,7
769312708,Gyeyang,28,0,0,0,0,0,0,126750.12,245,16873.246,129
769358331,Dalseo,35,0,0,0,0,0,0,127434.306,217,20933.28,85
769433861,Paju,36,0,0,0,0,0,0,301397.3,22,147.36,4
769628688,Jongno,40,0,0,0,0,0,0,263498.497,150,467538.586,84
769761929,Paju,40,0,0,0,0,0,0,300353.3,26,264643.5,20
769825163,Nam-gu,42,0,0,0,0,0,0,164124.114,161,106335.39,94
769831355,Guro,29,0,0,0,0,0,0,271516.24,245,53038.12,155
770163872,Gangnam,40,0,0,0,0,0,0,170516.66,193,28254.45,139
770210038,Uiwang,38,0,0,0,0,0,0,128771.4,56,25992.6,35
770219972,Yeonsu,62,0,0,0,0,0,0,127905.235,288,96630.556,236
770385665,Paju,37,0,0,0,0,0,0,302256.7,11,265851.62,36
770509333,Yangsan,45,0,0,0,0,0,0,216590.2,20,16250,17
770579028,Osan,40,0,0,0,0,0,0,134652.8,8,424429.06,39
770840543,Paju,67,0,0,0,0,0,0,300000,12,0,0
770900808,Bupyeong,34,0,0,0,0,0,0,337337,45,116210.1,34
770921935,Gangnam,31,0,0,0,0,0,0,328468.78,86,161428.55,62
771638865,Paju,66,0,0,0,0,0,0,313696.66,25,0,0
771795741,Dongnae,35,0,0,0,0,0,0,140508.39,76,129716.23,143
771987068,Bucheon,37,0,0,0,0,0,0,124204.14,38,25229.8,24
772208689,Seo-gu,36,0,0,0,0,0,0,335861.9,37,1081.4,7
772210885,Goyang,65,0,0,0,0,0,0,335656.612,37,343482.81,57
772219923,Paju,62,0,0,0,0,0,0,306804.55,18,0,0
100120364,Gangnam,95,81324.657,867,81018.075,708,54461.52,453,111103.112,114,126775.53,69
100944574,Gangnam,84,94396.431,281,111023.924,256,127810.922,238,289644.71,245,81940.082,177
101032831,Seocho,83,117396.352,207,120978.154,148,118834.365,169,188483.458,149,117776.954,94
101490434,Gangnam,81,25127.583,66,29834.202,47,75750.71,55,133627.942,79,3388.31,46
101564881,Gangnam,81,123952.29,81,106109.8,13,131587.41,43,126228.94,28,81401.14,7
101701692,Songpa,80,50481.892,62,95512.388,96,78324.058,109,149700.374,116,96275.099,80
101718897,Gangnam,80,279036.21,75,295001.62,85,289206.79,87,529098.32,182,273859.19,126
102061278,Yongsan,79,82869.482,271,74764.284,296,82098.191,254,127984,257,7961.366,75
102195946,Gangnam,78,185956.137,555,169882.676,363,310186.778,292,136769.261,316,276444.779,141
102257859,Seocho,78,154025.315,203,453747.244,204,318129.886,127,289510.142,122,88468.279,67
102263254,Suwon,78,87521.345,128,52917.949,226,74084.809,140,135954.58,149,39096.813,69
102281243,Gwangjin,78,143292.237,236,90505.52,180,140127.81,136,200530.718,136,40941.61,28
102729581,Gangnam,77,158404.891,205,166951.632,141,85205.319,142,148621.996,125,6076.374,78
102779402,Gangnam,77,96222.3,98,138431.05,91,484640.15,212,739873.467,369,269130.662,112
102950325,Seocho,76,34122.7,33,53905.84,26,152186,47,246317.824,87,103431.72,53
103094786,Yongsan,76,21487.07,49,67962.027,74,65807.213,66,322842.709,88,48871.131,64
103285719,Gangnam,75,55449.691,410,34809.03,323,34220.582,267,136170.019,319,10304.16,157
103418836,Gangnam,75,164985.83,174,157928.076,186,141197.981,198,129839.733,227,32376.608,102
103449291,Gangnam,75,6151.586,15,2541.161,15,104402.463,66,158306.429,87,66666.214,28
103644511,Gangnam,74,64879.416,58,51154.107,67,16102.888,27,183490.726,70,21612.82,35
103863115,Gangnam,74,148143.132,612,170061.144,518,107885.198,494,130257.218,195,18272.66,54
104044197,Gangnam,73,315264.181,186,216974.939,135,304419.129,188,1007372.324,194,504438.44,81
104093209,Gangnam,73,14416.056,186,19643.126,208,188615.024,262,158876.237,228,29950.516,116
104142006,Gangnam,73,195560.571,296,68847.378,165,85028.831,176,421165.778,121,49100.473,115
104340642,Seongnam,73,276476.478,417,207509.734,304,227647.029,262,175015.025,250,43825.912,146
104379966,Gangnam,73,87954.748,280,30276.22,289,42843.371,246,190713.461,220,11808.298,100
104548955,Namyangju,72,6668.628,21,3842.75,11,4374,5,168951.25,16,293,2
104897944,Seocho,72,144107.153,652,113574.749,164,165674.965,167,129273.593,144,42051.683,109
105222704,Namyangju,71,17798.684,59,34873.402,110,27753.955,71,206955.872,134,921456.4,101
105248609,Cheonan,71,52497.324,197,107727.448,163,177349.792,141,138594.51,116,29935.992,54
105265584,Yeongdeungpo,71,43698.044,119,76312.294,119,103222.567,258,422915.811,147,16263.921,70
105328361,Haeundae,71,148276.011,106,124711.963,105,185177.229,119,181531.811,78,79679,22
105368452,Ulju,71,93480.378,324,151834.334,280,136702.534,216,129043.36,203,18371.533,121
105495951,Gangnam,71,98288.997,202,95841.992,161,170439.721,142,391713.406,127,123360.83,67
105660769,Seocho,70,2999.198,20,162.5,4,44,1,120421,4,160650.1,6
106003035,Gangnam,70,31480,7,256119.03,86,30896.2,12,151082.223,110,25303.759,60
106265252,Yongsan,69,169174.67,106,179660.634,101,340342.246,131,279191.746,127,159882.501,52
106299307,Gangnam,69,110448.987,217,111021.24,144,91359.98,151,123805.622,146,49692.266,80
106476675,Junggu,69,10156.905,63,43984.312,91,131372.299,205,117369.887,251,84436.862,91
106529483,Gwanak,69,24172.059,143,40241.488,174,74993.52,125,125407.344,179,28503.603,84
106805221,Gangnam,69,192409.8,20,136292.35,48,96784.156,43,134009.51,36,76869,10
107158161,Gangnam,68,7687.22,16,14055.19,33,44645.9,31,172226.4,39,38760.566,40
107252508,Songpa,68,1213160.868,395,1451023.806,384,1179305.555,366,867283.277,233,247857.441,109
107328806,Gangnam,68,8239.399,45,1034.8,6,2341.3,15,144052.77,50,12582.81,27
107769864,Seongnam,67,66001.747,125,362020.924,181,331112.972,264,574405.302,218,295844.607,99
107783238,Gwangjin,67,169457.962,242,189086.736,230,212739.424,229,169047.406,176,161076.085,105
107924323,Yongsan,67,61664.501,92,96182.46,78,50972.94,111,132931.656,65,57468.83,42
107989056,Dongnae,67,75537.636,332,65000.838,265,112270.254,333,133166.948,270,14842.652,95
108031758,Seocho,67,12431.057,304,13425.364,360,16164.404,255,11204.993,250,6136.733,125
108168107,Yongsan,67,30318.206,248,37825.16,182,117970.254,148,170876.524,119,16841.8,48
108184203,Gangnam,67,220875.704,192,142151.598,109,611153.432,140,133241.535,127,21220.654,30
108331469,Gangnam,67,126548.737,168,120670.019,165,105949.648,72,257199.568,90,16852.617,85
108417916,Gangnam,67,25596.87,288,137446.821,170,122985.991,332,125110.592,307,27922.142,128
108589963,Gangnam,67,160789.951,320,454634.535,378,668240.093,333,441176.327,247,192526.364,148
108619316,Suseong,67,63530.935,214,115620.45,166,51587.76,119,156655.64,117,29258.04,47
108702973,Gangnam,66,145945.616,300,118692.174,271,168202.792,267,305884.86,182,158488.348,63
108773528,Goyang,66,71821.449,141,114957.83,119,105075.092,138,155248.531,112,116607.961,80
108792916,Gangnam,66,98,1,0,0,85123.92,6,120320.51,124,6465.06,72
109565961,Yeongdeungpo,66,126324.514,134,71438.65,89,81851.72,159,155380.761,150,63387.16,93
109574226,Seongnam,65,150231.881,150,75614.755,91,94238.84,81,151963.121,93,62366.74,30
109609803,Seocho,65,121324.027,274,160248.001,217,110989.611,148,245389.74,259,18911.32,37
109657961,Yongin,65,30385.373,153,21835.059,64,11840.644,32,121578.964,130,52322.585,129
109695388,Gangnam,65,123379.43,42,70779.6,39,129393.277,67,270409.7,73,60150.605,36
109922801,Yongsan,65,68802.038,112,63005.454,84,110424.771,115,126722.169,109,107046.194,62
110200656,Songpa,65,124854.714,205,67637.702,221,86140.271,191,148238.632,182,57365.481,144
110896269,Seocho,64,61190.312,125,62057.422,150,84258.072,147,113905.118,174,62791.72,91
111151661,Gangnam,64,82550.209,120,152098.43,230,170073.903,184,247550.318,128,69518.1,66
111156391,Gangnam,64,76806.261,265,75375.751,260,100903.59,258,168337.435,249,154735.928,110
111428337,Gangnam,64,4007.15,10,1440.85,14,87996.78,55,130817.31,125,33727.258,48
111765453,Gangnam,63,6096.362,31,162627.116,76,70211.93,140,133651.931,104,87036.793,102
111765741,Yeongdeungpo,63,30918.173,112,24123.138,77,22306.161,84,124766.116,166,164803.68,58
111765899,Seodaemun,63,5256.26,99,6562.988,76,6012.23,52,124799.092,107,5633.373,67
111869761,Yangpyeong,63,133644.3,33,188888.051,52,212906.85,34,139454.15,39,157973,16
112457681,Seocho,63,149682.448,162,169926.05,149,143119.61,89,213511.73,162,49465.448,77
112513408,Seongdong,63,100610.416,115,69162.811,159,94389.04,174,145547.886,122,43043.15,63
112578758,Seongnam,63,78022.76,64,34778.845,54,89440.676,57,183711.142,86,44585.816,79
112631631,Gangnam,63,337.834,24,601.025,8,1882.7,10,124284.026,23,4540.712,90
112858154,Gangnam,62,45880.83,91,52955.3,49,228844.27,142,180945.684,110,100588.504,46
112967441,Gangnam,62,35638.7,73,25212.35,76,4178.36,39,170513.97,56,144252.069,52
113367781,Seodaemun,62,78984.593,321,146571.788,359,166451.35,243,125252.571,304,59790.123,161
113522462,Bupyeong,62,9609.1,39,20885.2,46,84208.8,110,127008.723,175,59140.975,65
114107137,Guro,61,7250.01,10,11986.99,20,50849.04,52,133755.266,62,122850.56,55
114121429,Seocho,61,78225.16,24,82504.259,25,85426.604,69,226581.395,163,96490.628,82
114288761,Seocho,61,125178.397,105,391918.862,92,338947.244,90,399559.85,71,76058.904,28
114313585,Songpa,61,101810.27,75,107161.792,96,114536.261,71,124225.073,74,25559.259,49
114334838,Gangnam,61,41753.318,107,33396.593,159,182033.715,144,123910.628,176,31859.752,77
114352686,Gangnam,61,2331,9,783.2,10,1031.7,6,2693.35,16,3244.468,22
114520251,Gangnam,61,11100.836,49,33323.47,78,23255.018,58,215630.71,198,148755.879,125
114880265,Gangnam,61,22198.114,131,49426.239,111,38621.192,39,108598.52,103,101163.214,66
114884066,Seongnam,61,116984.927,265,116775.352,181,125516.078,174,194812.224,200,130149.392,110
115335781,Yongsan,60,151149.027,208,125127.114,223,48453.155,150,575550.942,234,176291.593,185
115422581,Gangnam,60,125836.2,171,151772.7,124,390965.872,159,920254.166,351,500332.5,176
115534251,Nam-gu,60,2773.347,69,3130.173,36,237285.56,122,154115.66,133,41539.98,56
115731549,Gangnam,60,154827.087,206,149116.397,151,179681.8,121,223499.46,94,69722.91,31
116197009,Gangnam,59,13887.058,112,126049.714,139,117007.34,174,217080.64,146,50353.433,67
116232536,Gangnam,59,1003.4,9,323.42,4,137809.184,51,168802.79,176,173868.11,89
116299073,Seocho,59,6501.43,189,3918.06,99,16639.12,187,124810.03,144,30419.2,140
116360975,Bupyeong,59,79582.205,297,99316.601,368,77635.616,211,237702.38,217,81045.273,137
116443372,Mapo,59,378,6,371,5,26819.5,41,120623.58,33,39288.11,20
116520387,Gangnam,59,104940.605,96,240005.715,94,121996.602,133,179459.56,96,41353.842,31
116672091,Gangnam,59,101198.07,134,62919.055,122,150142.804,205,130249.058,134,34480.739,90
116844632,Seongbuk,59,765091.484,237,60948.872,141,107891.886,149,483846.874,109,34601.184,66
117070769,Hanam,59,15131.5,21,19950,30,215912.016,96,137687.073,96,95401.91,99
117100611,Gangnam,59,109620.402,279,67283.421,341,136453.403,268,122106.02,287,189738.165,193
117148332,Jongno,59,196862.149,104,146223.046,93,240595.212,86,236199.542,92,14260,2
117512557,Yongsan,58,10449.813,75,7696.173,95,9381.609,83,121543.83,115,18378.4,91
117548078,Seocho,58,127364.194,72,133770.855,74,311093.324,65,130838.236,75,156538.42,55
117695589,Jongno,58,435765.776,105,171185.439,102,308551.37,88,656998.662,88,977940.31,47
117777709,Seocho,58,27847.544,102,13277.026,100,118151.001,107,171015.063,141,87430.38,38
117790959,Gangnam,58,94631.29,94,75720.136,121,129131.374,129,123378.938,93,26813.084,25
117887152,Yangcheon,58,104716.652,90,633711.865,219,513827.289,125,707358.64,91,169346,25
118024438,Yangcheon,58,14176.036,78,3923.571,89,10850.145,93,124262.365,225,50910.07,124
118626974,Yongsan,57,9391.762,13,63092.457,55,128377.959,33,134299,14,25470,5
118747531,Seongnam,57,1353.74,51,1100.624,32,237280.675,115,149767.12,236,18799.81,48
118768499,Gwangjin,57,277776.51,119,7675.624,102,331069.812,188,146400.61,251,934790.278,103
118899381,Seongdong,57,46408.257,123,49961.512,106,62544.173,121,129014.507,101,32790.472,31
119216626,Gwangjin,57,63000.028,68,39046.02,56,42487.542,67,131990.592,83,52275.69,53
119620344,Gangnam,56,246123.17,248,157669.311,208,245494.612,204,211532.657,177,223745.799,129
119889968,Bucheon,56,5345.442,118,18788.544,161,4604.191,123,123203.593,196,1612.51,54
120418571,Gyeongju,56,816.6,6,670,1,18360,9,185130,4,0,0
120564955,Seongdong,56,161808.004,160,13458.956,56,29042.627,78,142325.961,117,173053.42,50
120800756,Yongsan,56,129433.678,346,86843.391,212,2889.78,13,157143,41,70014.86,12
120941144,Seongbuk,56,17925.71,25,61215.372,75,243002.016,224,576144.716,155,375527.04,77
121200141,Gangnam,55,2225.718,75,2668.27,68,62836.154,169,235396.059,120,171366.474,62
121656363,Gangnam,55,74026.2,45,141520.22,109,115862.78,156,218598.996,144,172675.439,88
121736826,Yongsan,55,4193.72,17,3882.5,19,5005.079,23,6137.75,30,1444.3,14
121930336,Gangnam,55,33694.794,37,225918.28,117,75246.639,57,162884.733,152,94192.62,107
121950641,Songpa,55,299497.102,297,463165.847,380,174877.27,300,1183252.305,239,441737.76,116
122184052,Gangnam,55,0,0,25030.6,34,20167.3,52,125203.4,80,13389.15,41
122257422,Yongsan,55,47327.34,238,55199.319,404,84755.111,474,123028.097,368,81893.68,179
122298169,Yangcheon,55,55503.851,251,95523.379,214,103688.521,367,137672.45,224,89497.067,194
122547599,Seocho,54,40170.232,139,25184.58,43,87879.241,111,166940.054,157,78314.94,72
122593284,Gangnam,54,116809.096,120,127202.678,121,164669.08,76,181717.9,81,56598.28,26
122640314,Seocho,54,0,0,251.39,3,230601.42,88,152965.45,54,136327.3,48
122785397,Gangnam,54,154646.144,332,260490.148,233,233946.501,212,347406.605,220,221975.092,104
122922402,Gangnam,54,83946.244,68,87675.284,64,179197.878,138,132473.572,93,86774.48,54
123084289,Yangcheon,54,49394.932,63,23068.797,83,135240.378,67,244987.103,113,120572.127,51
123112758,Gyeyang,54,3320.98,51,466.15,16,1124.24,38,129148.55,52,117730.4,101
123123143,Seocho,54,559.77,12,56.19,3,161698.442,103,122444.986,142,1695.934,22
123160204,Seongnam,54,14326.766,78,8872.266,91,4822.65,46,11558.839,54,4039.2,18
123255446,Gangnam,54,92629.89,38,110517.299,220,124242.902,183,288216.25,96,44115.1,59
123354749,Gangnam,54,651.7,19,4427.89,15,97539.53,85,158066.34,135,21154.28,50
123504246,Miryang,54,391703.062,222,332088.138,132,246530.424,84,424030.421,194,189931.504,85
123602425,Yongsan,54,93336.595,207,86250.641,282,100370.555,151,168239.618,150,127800.39,88
123613033,Yeonsu,54,45368.056,124,51113.653,98,70074.546,105,128902.564,112,32553.183,55
123628057,Gangnam,54,76457.626,142,111435.522,89,174811.576,218,284640.592,228,83732.342,92
123816241,Gangnam,54,154958.324,81,193967.575,82,156655.802,82,127005.078,42,103719.8,35
123819137,Guri,54,123188.997,96,117739.626,115,208852.94,158,178137.93,123,99275.39,90
123827854,Yongsan,54,4450.981,8,49544.79,58,138698.44,159,207609.07,134,140299.32,68
123856358,Seocho,54,16584.1,57,36673.9,36,76006.226,114,162229.356,133,103735.193,65
124064285,Gangnam,53,59839.294,196,61787.094,180,140710.522,108,142227.937,90,116483.4,56
124192185,Gangnam,53,124381.081,216,80751.556,194,55847.473,186,226873.842,157,13173.441,36
124213731,Gangnam,53,58435.357,70,148494.33,126,98281.732,134,206987.693,74,45054.85,67
124414086,Yeongdeungpo,53,2372.15,9,0,0,119266.349,201,176468.628,173,64162.67,90
124495868,Yongin,53,1350.12,63,368.5,13,53872.09,92,193587.672,266,22405.2,43
124777395,Seocho,53,59402.53,63,137243.78,64,117420.96,59,192183.4,61,194340.85,36
125085131,Gangnam,53,361901.671,99,456809.57,113,583445.2,136,628756.88,122,321345.4,41
125167542,Gangnam,53,3282.698,19,59448.169,59,73049.73,73,210064.216,123,33468.32,30
125246268,Gangnam,53,155840.962,65,121910.187,77,183603.096,72,128762.3,39,16036.6,12
125546947,Gangnam,52,20669.927,92,235678.009,189,163379.877,177,123059.4,152,15510.028,67
125561211,Jinju,52,1351,9,0,0,31750,37,245353.876,113,249678.7,43
125599437,Songpa,52,17361.825,87,15822.45,67,53403.303,75,154761.356,93,1694.57,13
125626836,Gangnam,52,86469.216,98,107901.42,97,156225.595,115,130588.74,112,78812.7,61
126482101,Yangcheon,52,78657.775,317,134108.592,433,148107.153,450,139380.657,374,21655.484,159
126535145,Seongdong,52,224865.423,261,307326.668,287,709643.32,110,2871436.22,48,318917.927,102
126605791,Yongsan,52,50222.222,193,26506.649,101,266761.604,80,563491.36,157,320788.796,142
126611341,Seongbuk,52,478824.052,418,877171.546,427,1720652.535,367,669351.21,247,449943.929,97
126619935,Dongdaemun,52,36928.5,105,44225.713,100,42958.83,56,124634.1,62,73026.226,38
126751651,Seodaemun,52,4391.24,23,79322.95,76,61972.18,100,152934.3,96,61936.3,45
127147875,Gangnam,51,88350.549,144,274551.234,226,169112.651,169,153691.954,131,34315.826,48
127177802,Seongdong,51,26889.202,197,445283.758,278,302782.021,261,856873.654,212,148726.312,95
127338576,Gwangjin,51,556523.09,336,540685.52,210,917774.184,259,1756851.138,203,668871.142,46
127423981,Gangnam,51,0,0,0,0,200032.1,11,220846.33,79,97033.822,34
127771741,Yeonsu,51,353,4,3726.2,6,111425.7,12,130517.5,14,32818,11
128064165,Gangnam,51,64440.88,120,144540.35,260,185798.79,98,122834.822,68,85555.81,47
128114164,Gimpo,51,6883.53,42,15753.33,47,42823.25,80,127036.937,96,101994.263,70
128164776,Gangnam,51,12940,16,48876.218,103,120784.3,129,325328.14,230,200075.22,125
128187981,Gangnam,51,782,6,215.3,5,23164.92,24,194034.72,45,33007.911,37
128261556,Gangnam,51,44456.688,192,27067.944,246,88704.718,136,124423.337,218,52203.22,151
128279413,Seocho,50,76342.906,279,56067.46,368,150630.695,295,123702.901,252,5025.06,66
128285884,Gangnam,50,3702.285,34,45378.784,53,174640.14,113,198428.475,132,103209.859,76
128330001,Gangnam,50,51319.289,170,43331.461,199,55169.38,163,131342.029,139,2106.84,60
128594869,Yongin,50,157007.28,309,98406.711,231,152667.411,282,124064.497,115,114601.46,92
128637331,Seocho,50,0,0,2430.607,14,7330.212,40,131470.412,13,115157.1,7
129010401,Seocho,50,35.9,3,3717.5,12,51968.83,82,126445.629,213,3995.378,40
129221581,Seocho,50,160296.972,122,169636.56,110,174359.942,130,146610.29,106,71607.82,49
129246423,Gangnam,50,82164.126,317,70042.665,285,83900.053,199,147990.44,116,20345.1,34
129297861,Gangnam,50,0,0,0,0,1081452.886,80,520467.49,50,62140,5
129447459,Seocho,50,117324.016,149,198360.829,119,272266.172,144,414214.963,114,57286.337,33
129591941,Goyang,49,4460.85,111,5220.847,168,5599.948,133,4984.6,139,2801.3,51
129888071,Gangnam,49,180863.001,147,164052.38,114,699128.62,123,612216.499,111,238244.108,34
129943753,Seongdong,49,59929.427,28,160725.373,146,209233.904,63,169537.562,203,91793.176,100
130011073,Gangnam,49,2965.4,6,10985.799,38,154383.75,120,188822.248,233,104282.576,106
130156228,Paju,49,775.25,11,1118.4,7,1042.7,12,386713.372,26,1497.438,19
130163806,Gangnam,49,46846.55,312,138064.773,163,157100.952,131,202933.308,272,48348.486,125
130317418,Suwon,49,4260.9,8,11770.17,6,165203.31,53,655802.643,128,304004.952,75
130420281,Yongsan,49,27146.724,16,64242.514,24,55137.634,33,192791.1,55,78696.59,17
130508241,Seocho,49,18015.187,122,77249.196,176,181682.871,259,280594.887,245,177157.749,89
130907399,Gangnam,48,107960.4,166,138660.923,83,359741.7,161,366294.28,119,116740.4,154
130936438,Jongno,48,113979.016,225,91386.76,235,131088.713,262,153787.654,164,68658.664,108
130986933,Yongsan,48,140571.15,11,88973.467,58,608851.94,70,130441.472,120,83365.449,61
131611289,Gangnam,48,15765.806,49,10346.99,19,41470.74,12,125244.1,43,87065.87,18
131672182,Songpa,48,88498.955,111,166769.533,240,91156.487,146,146550.257,128,125648.937,174
131781073,Gangnam,48,8862.768,54,22399.313,36,66749.589,40,121338.178,102,81471.201,86
131802447,Songpa,47,89035.052,445,169651.818,284,264604.384,188,216576.26,103,107283.14,56
131806301,Ulju,47,80806.912,133,153500.773,94,125783.295,70,121261.532,76,28657.056,31
131824042,Gangnam,47,18472.161,62,9343.739,44,168676.367,291,361711.823,220,13613.15,25
131884424,Gangnam,47,248.15,18,200040.019,161,140020.44,121,133494.17,102,26674.77,38
132065619,Seocho,47,0,0,59544.49,17,236275.33,51,126960.65,65,859.646,26
132392874,Gangnam,47,168.2,7,70759,20,146930.76,27,230503.67,39,75673.348,52
132413951,Gangseo,47,68190.083,325,130973.567,233,113159.302,230,177257.615,185,141554.695,113
132761082,Seocho,46,8428.75,120,4640.99,39,9078.4,38,15718.984,102,7031.914,56
132832271,Dobong,46,28499.5,11,0,0,186052.3,37,179260.3,24,19553.8,21
133139956,Seongbuk,46,71604.27,273,50213.05,191,131890.912,209,191327.698,221,24831.328,62
133182269,Seocho,46,53823.669,128,103797.568,171,162977.401,182,219527.893,123,173847.52,94
133857821,Yongsan,45,89055.168,190,86951.39,153,497646.232,174,762030.093,212,209047.08,66
133887238,Seodaemun,45,49930.717,425,32298.728,318,602485.059,253,680970.878,235,206264.722,72
133974198,Gangdong,45,21239.8,15,84370.7,37,188454.2,89,338805.775,103,234721.98,60
134044765,Gwangju,45,337399.319,226,442973.941,343,668387.834,276,797075.836,329,234220.46,80
134167662,Yongin,44,16171.018,210,23227.461,140,43579.077,149,165825.376,150,74193.07,68
134277272,Gimpo,44,9684.961,137,31263.76,83,66781.84,100,127180.27,165,30829.419,137
134446393,Mapo,44,359,14,2391.92,35,202777.721,50,121546.31,122,132982.232,21
134530867,Yangcheon,43,2731.3,18,4842.1,39,25527.648,56,121435.8,85,113723.7,55
134544951,Hanam,43,201682.13,235,147532.67,192,223917.724,214,341883.882,219,67906.519,81
134663863,Yongsan,43,219.7,8,2007.837,47,1642.98,32,123212.8,119,67565.9,71
134722666,Seocho,43,43746.15,24,15651.448,78,38258.93,69,125220.65,85,70378.83,27
134916709,Mapo,42,962.3,8,15393.81,12,94769.3,60,172457.136,89,52189.3,30
135045481,Seocho,41,90172.45,199,113733.314,287,154555.33,118,171924.214,150,27494.538,83
135621359,Seongdong,79,0,0,0,0,0,0,78327.066,53,27619.562,26
136422436,Gangnam,70,0,0,85230.668,17,67565.699,137,180422.5,64,14552.614,18
137035017,Gangnam,66,110126.98,55,131991.366,154,140756.65,92,236740.923,93,11131.182,146
137113421,Gangnam,66,0,0,0,0,0,0,126352.76,97,49783.978,68
137312823,Gangnam,65,2384.781,55,5284.29,64,2790.99,48,121369.53,43,1184.46,32
137384821,Gangnam,64,2749.178,114,78827.083,81,110201.584,127,121973.477,190,66772.939,85
137431594,Goyang,64,112219.084,247,88855.119,136,123355.769,175,213765.703,180,26478.566,107
137915961,Seongnam,61,0,0,0,0,0,0,145875.92,23,3097.84,14
138023641,Yongsan,60,52370.545,142,40308.438,92,133680.724,131,172452.448,122,48329.95,46
138339156,Seongbuk,58,24968.717,127,37759.649,140,50210.161,133,147285.853,102,60060.052,94
138474753,Seongnam,57,15282.6,33,86522.395,126,305543.874,224,203065.145,169,175018.93,287
138740983,Seocho,55,52384.249,222,49077.132,156,76146.146,222,186766.925,229,28428.677,94
138754015,Seongnam,55,65425.756,205,85790.965,177,97782.148,141,164006.88,105,62984.174,53
138911486,Seongnam,54,71985.335,118,47194.114,67,114779.396,127,122553.943,206,99470.024,102
138957914,Yongsan,53,58755.23,133,82505.38,162,149334.526,116,154572.46,85,9720.93,13
139154581,Yangcheon,51,0,0,0,0,0,0,160320.3,9,20471.28,17
139255238,Gangnam,49,159641.429,278,142788.829,266,152890.056,264,185926.088,238,130705.064,125
139256364,Songpa,49,115625.15,72,154431.56,131,321058.506,244,295185.35,207,252181,96
139261631,Yongsan,49,7805.4,36,26323.14,52,14943.75,58,153739.66,161,48014.2,87
139338293,Yongsan,47,12034.096,104,5233.86,40,45193.676,130,195800.812,186,35459.563,85
139444401,Gangnam,53,7731.447,12,32813,34,96483.12,54,243078.564,93,230965.942,100
141375705,Seongdong,43,69852,58,408681.7,152,646337.8,216,676430.41,154,169120.5,40
142374238,Yongsan,45,101152.996,188,90702.1,133,107796.134,145,244844.95,172,79575.86,79
142409451,Seongnam,56,1888.04,11,176618.65,45,122207.987,102,128483.336,110,86358.981,84
142433868,Gangnam,47,149111.075,367,197630.457,315,162492.16,234,395745.072,279,290582.071,148
143624027,Gangnam,66,139279.455,147,140953.707,210,125733.269,173,202973.378,107,44915.17,43
143693635,Yongin,60,21017.324,56,225029.144,58,164252.09,63,206453.154,81,53884.668,38
143811911,Seo-gu,54,131856.94,263,163645.399,231,272526.529,226,227015.107,211,24826.4,32
144087611,Yongsan,46,16469.288,126,11897.838,48,87050.355,104,220697.747,159,20806.025,91
144125581,Seocho,46,37399.944,135,44436.614,128,59907.221,216,127235.18,208,52718.72,103
144223009,Seongnam,44,191119.795,122,227735.993,126,912924.372,224,573495.935,251,38100.61,52
150028378,Seongdong,48,3051.79,12,20417.8,38,11183,19,130509.917,31,11551.28,19
150073801,Bucheon,49,126,5,21959.7,15,173362.06,49,120253.107,91,59637.726,54
150142757,Gangnam,41,164719.674,198,116294.196,106,207999.363,125,298174.657,102,239090.41,43
700450007,Seongdong,47,17329.4,106,3947.626,44,13005.67,105,128542.02,140,125911.688,128
700488094,Gangnam,41,129008.517,145,393588.382,178,209716.164,87,541622.852,119,190846.2,51
700623678,Yongsan,44,0,0,0,0,0,0,325726,127,157989.548,48
700980611,Gangnam,42,122877.924,165,157191.14,97,521250.018,167,1369965.23,185,487957.45,69
701475259,Gangnam,53,2878.343,54,5102.23,66,26058.966,81,120266.607,190,4218.373,58
701475562,Seocho,50,46456.726,68,24706.7,9,195619.136,57,253133.29,50,103062.21,15
701622001,Seongdong,40,23537.78,39,980.66,13,6876.57,32,156864.3,12,10449.8,15
702146359,Suwon,66,45420,7,104260.76,12,441473.63,68,41726.8,71,28366,53
702373971,Yongsan,52,36048.58,77,63420.85,102,112616.468,100,137462.289,133,83362.14,47
702994163,Gangnam,52,6173.132,54,66423.325,127,106679.546,179,468223.565,339,144880.454,125
703064431,Seongdong,42,30520.67,188,18099.01,86,19062.794,86,175696.502,163,67931.044,98
703198402,Seongnam,46,11769.312,71,70622.05,63,41450.583,122,125265.58,116,45343.2,46
703293462,Gangnam,37,27562.1,46,100609.8,88,77695.3,53,209777.9,115,113897.8,44
703354292,Gangnam,44,624,2,942.6,6,98725.02,109,198129.371,138,29422.857,62
703547882,Seongnam,37,4195.6,55,6027.05,34,67757.436,190,141955.197,185,52394.758,121
703584614,Nam-gu,41,3333.2,15,4335.3,32,28095.66,41,124373.158,98,111232.26,89
703823553,Seongdong,41,5227.777,57,1666.25,29,2945.2,28,8703.746,45,2526.686,37
704020556,Namyangju,39,0,0,35296.3,83,101628.4,119,126594.154,124,3758.36,12
704820611,Jeju,67,27501.625,213,90329.72,157,98919.323,185,128982.26,198,28739.821,108
704861672,Gangnam,44,1295.5,3,0,0,116276,18,344464.483,76,118011.91,35
704873941,Goyang,43,0,0,10275,7,310125.585,177,137613.624,125,123576.32,106
705040097,Gangnam,42,39568.1,66,145830.683,85,40579.566,42,224349.8,52,203730.5,44
705105053,Seocho,47,0,0,173650.12,30,353905.303,80,530843.083,91,214116.39,23
705582137,Seo-gu,56,21455,11,49501.15,54,287545.934,136,200784.36,217,15374.43,26
705665437,Gangnam,57,93398.246,204,112821.083,137,174181.48,153,119643.791,141,53832.69,35
705804956,Seongdong,51,0,0,262061.949,191,179759.212,117,338890.979,165,87573.328,70
706251069,Gangnam,39,35401.21,74,62767.34,153,135866.6,192,312498.61,141,69940.072,62
706344574,Yongin,50,54251.822,289,80948.028,270,74031.209,170,119256.158,148,118142.797,80
706345224,Gangnam,43,27,1,6281.9,25,2982,4,150499.09,17,8616.55,13
706465416,Seocho,47,244427.474,282,192668.604,156,187679.722,151,260838.504,157,115085.06,65
706492661,Goyang,39,51844.527,206,54533.983,141,65975.514,201,138831.09,168,32956.76,73
706518014,Seongbuk,57,130330.204,80,126699.536,72,9241.931,56,133186.384,49,10248.01,8
706538028,Gangnam,59,83934.48,77,88321.51,93,101352.4,70,135792.914,112,64907.7,37
706670424,Gangnam,45,50249.19,34,81884.26,58,91130.96,30,135289.4,73,126690.8,49
706772549,Gangnam,82,199569.86,196,234591.101,117,481167.46,117,486266.682,143,337565.64,43
707029091,Gangnam,44,45459.368,315,76380.879,309,148958.926,269,151627.706,210,92271.51,93
707068844,Gangnam,50,114192.528,219,70365.859,235,153078.21,138,124190.022,86,72734.6,45
707259891,Gangnam,54,15536.792,215,12738.07,90,17569.58,43,126515.24,104,186725.23,44
707362545,Paju,40,36117.61,241,41803.13,152,81165.25,132,119238.53,147,71843.65,60
707387683,Gunpo,41,0,0,0,0,0,0,142752.85,47,101723.165,29
707491108,Seocho,44,23,1,8994.45,9,33575.23,17,113555.03,36,47856.79,52
707527809,Yongsan,42,21598.64,71,32049.91,56,149521.35,112,475235.53,195,125597.2,57
707942016,Gangnam,35,0,0,0,0,0,0,127984.33,122,45246.65,119
707956401,Seongdong,40,2538.089,62,993.18,43,915.83,28,1907.34,21,674.3,9
708054051,Gimhae,73,335745.33,110,219351.131,74,146160.307,53,209021.39,64,54289.67,24
708495549,Seongnam,38,112.15,4,8439.39,31,29775.05,47,124422.6,80,56912.9,51
708573101,Namyangju,73,1062.89,41,350.2,3,453,14,202082.6,52,63584.45,35
708709851,Gangnam,47,70977.221,383,394999.194,918,311068.666,502,124059.692,242,115478.176,178
708959051,Seongnam,44,16799.9,137,22543.224,130,20882.508,131,130447.729,82,3575.4,22
708978989,Jeonju,65,69219.6,98,68317.37,82,123456.35,73,342149.57,122,90256.98,122
709334176,Seocho,52,160647.04,144,85085.15,60,175185.04,136,278623.27,140,134311.9,76
709360932,Gangnam,40,75854.114,198,137614.111,199,214333.67,146,688084.286,278,320461.866,103
709468086,Seongnam,48,183707.72,137,137576.945,123,193936.876,128,157692.214,83,21771.47,37
709481962,Namyangju,47,1215.59,8,107,4,42699.4,17,123822.34,116,50332.779,44
709583234,Seongnam,49,8041.9,37,12272.8,49,99939.01,121,177647.04,140,44548.43,37
709923071,Yongsan,74,98855.961,144,82943.629,115,75489.458,139,173155.496,118,49208.456,66
709990861,Seongnam,51,28379.107,136,36789.379,125,42338.32,126,151089.377,174,3014.9,84
710046711,Gangnam,76,134330.2,80,22831.978,12,44238,23,134683.5,51,21902.5,22
710098954,Gangnam,46,6872.89,22,111096.16,93,229304.241,208,333499.699,141,138388.881,80
710140355,Suseong,42,73601.593,35,147455.678,101,91010.59,77,160319.61,44,36875.16,36
710163572,Seongdong,45,52391.815,55,100337.99,87,296723.27,144,269119.39,123,51453.71,15
710283946,Yangcheon,45,153651.1,99,185576.825,160,125299.09,126,133874.601,140,39462.046,76
710463151,Gangnam,83,26445.803,161,71900.184,161,75567.738,167,318776.9,100,35737.746,45
710547757,Seocho,43,5770.375,50,23997.2,13,110438.764,84,125025.921,173,0,0
710570147,Gangnam,45,143508.154,334,79769.07,107,93991.39,178,148850.298,238,73041.88,100
710572735,Yongsan,44,0,0,0,0,75010.575,118,124011.861,173,71254.244,103
710582063,Yongsan,63,150838.249,275,141062.225,227,115742.061,283,166694.556,217,38407.13,36
710874235,Seongdong,45,23939.063,269,12365.426,159,6355.097,96,135894.54,78,76650.027,141
711003815,Seongdong,45,169379.587,177,291377.736,291,680522.89,330,617601.744,283,194518.779,127
711043137,Seocho,49,449.75,10,18055.2,22,108160.495,157,136389.73,115,844.3,25
711273017,Hwaseong,43,175.3,8,5391.3,10,2104.7,6,124653.56,43,72700.93,54
711371791,Paju,41,983.88,22,1730.4,16,123072.904,181,129451.506,204,37876.01,109
711521299,Suwon,45,37245.528,82,38737.96,70,4411.1,12,120531.8,14,62787.18,12
711656842,Seocho,55,25457.972,55,54022.555,111,90483.85,164,415404.24,91,12828.81,34
712114101,Seocho,57,34076.667,103,198504.893,76,297765.947,177,165746.078,163,49413.47,42
712486317,Gangnam,45,12932,3,63172.2,14,136519.919,61,414600.43,46,120584.5,8
712630146,Seongnam,54,3890.12,12,6853.484,7,36275.885,78,127903.988,70,13275.613,28
712855591,Seongnam,55,30512.185,180,104932.52,119,111584.089,148,123208.643,205,105065.577,86
713061161,Gangnam,47,7599.696,13,6130.4,15,26822.36,68,150195.879,107,137066.18,67
713187391,Gangnam,53,133767.95,110,104592.698,123,102362.36,58,151223.549,166,15043.78,15
713461011,Gangnam,50,147004.51,190,253172.4,195,228128.515,175,235799.45,118,288738.848,62
713578593,Seongdong,42,1324.57,35,4576.896,32,12386.928,50,5587.543,27,2700.53,36
713788704,Gangnam,46,74063.461,122,71009.383,109,147316.163,226,120211.45,178,63289.15,72
713828501,Mapo,65,166818.391,329,178901.454,344,234481.784,238,159165.094,133,58504.845,63
713869052,Seongdong,45,0,0,85971.2,20,284415.44,96,383687.508,126,572850.5,79
714344433,Gangnam,64,134409.88,110,105996.8,121,110118.936,163,139351.12,46,19984.86,31
714519902,Gangnam,56,352831.309,242,285090.643,368,120850.083,204,200144.283,156,89090.504,70
714599464,Seongnam,42,30756.951,88,115494.034,126,335794.939,233,428815.263,173,231932.2,98
714844831,Jongno,52,50961.162,88,21511.453,77,45268.173,112,158259.196,218,97380.732,93
715792661,Songpa,68,4658.947,67,2689.62,58,4296.18,60,125581.76,189,8610.96,77
715982613,Seocho,66,189188.3,33,117353.892,30,180209.902,26,203263.74,27,88048.06,23
716599415,Gyeongsan,43,486.56,6,0,0,1244.7,11,127988.1,11,1406.65,14
716782481,Gangdong,38,5249.9,8,6667.1,13,25921.1,38,131560.526,134,28001.29,45
716903784,Dalseong,52,3538.66,15,4518.3,17,58478.94,72,120467.86,96,57655.5,32
717099709,Seongbuk,39,3493.25,76,3023.5,15,174879.762,85,191060.087,173,27953.941,74
717333134,Yongsan,51,0,0,0,0,0,0,130310.588,112,192113.386,80
717814612,Yeongdeungpo,38,3131.188,111,4054.117,153,8722.51,114,7054.12,110,2510.21,63
718212378,Goyang,39,8334,18,0,0,9862.9,9,128457.834,111,28767.399,64
718267142,Gangnam,44,25865.842,29,48774.08,42,44786.01,50,205992.382,132,29227.425,42
718713478,Junggu,49,11108.6,37,48474.21,94,76992.36,100,126699.05,82,41258.45,49
718826761,Gangnam,51,293445.536,118,191948.172,62,383088.105,110,221813.166,80,40446.2,22
718917231,Goyang,49,256.6,9,206,3,14740.6,20,127209.62,84,31586.9,30
719171609,Gangnam,67,96833.478,189,54266.23,146,65917.696,149,123264.49,208,20970.268,52
719538071,Songpa,39,1659.506,35,258,9,1179.9,18,130695.9,92,59879.243,110
719544865,Gangnam,60,134268.898,135,128743.977,203,175878.673,204,182994.271,158,123965.057,53
719675609,Buk-gu,50,17601.97,50,107025.2,90,90128.09,89,227042.68,105,91652.05,48
719757854,Gangnam,57,23910.31,46,15218.744,29,17698.462,35,232558.985,76,36747.2,39
719807211,Gangnam,47,62603.592,158,116477.169,159,104091.669,142,121285.356,109,60880.26,61
719848204,Dalseo,54,11801.02,45,27775.57,55,98253.9,78,170496.61,89,147587.78,85
719882644,Seongdong,44,78937.345,335,79160.311,465,38426.453,346,251822.456,205,55545.3,140
720054937,Gangnam,38,1398.37,30,1089.28,43,979.5,140,1571.567,151,630.1,81
720144011,Geoje,50,18847.588,78,9234.834,78,99711.966,130,184664.546,167,116760.076,61
720655461,Gangnam,69,130461.312,374,50324.253,154,153243.865,171,170377.2,230,97533.94,165
720825557,Gwangjin,39,10266.74,131,6179.3,43,7735.132,66,124747.583,97,9236.313,38
720975312,Seocho,57,255588.742,67,199764.308,92,110757.544,106,386843.053,145,105393.58,70
721559218,Seocho,41,610308.944,130,256237.052,104,252579.895,97,144435.255,112,70619.05,58
721720871,Seongdong,37,1866.36,63,3455.816,53,6769.379,85,2807.63,85,2492.339,36
721817467,Seongbuk,39,9484.303,196,9863.905,264,3659.792,65,14465.28,49,974.92,26
721844394,Songpa,36,69354.101,182,183504.755,207,309832.646,270,287725.572,205,113830.628,89
721859336,Dongjak,35,0,0,0,0,1223.59,36,120383.71,78,60944.437,164
721923733,Suseong,62,12230.32,56,55598.15,41,40360.21,78,133839.3,79,8031.49,22
721923761,Suseong,60,152316.935,79,126484.223,88,46454.13,48,162326.67,87,127201.578,22
721961868,Yongsan,49,93902.059,328,184716.867,307,157868.336,219,283318.14,165,108221.342,55
721978161,Seongbuk,38,346,16,378.8,32,1005.38,25,597.95,19,8444.7,39
722023852,Gangnam,45,26195.75,807,15571.712,679,12509.105,479,122115.23,471,124311.279,206
722053034,Dong-gu,42,34337.638,161,61602.512,138,74729.1,134,161356.098,115,51564.86,35
722125141,Seocho,44,51.1,2,24,1,0,0,105776,6,143603.1,6
722428309,Gangnam,38,49423.967,95,46631.557,118,60056.724,75,115864.38,132,113613.31,49
722581412,Dalseo,43,160362.314,202,158655.876,200,230675.242,178,127797.952,163,189844.192,75
722623142,Gangnam,34,108009.179,105,128256.69,124,105817.8,82,143645.923,176,8688.35,16
722662375,Seocho,36,2784.5,36,2842.48,44,1661.44,15,2444.841,34,9741.726,39
722699408,Seocho,48,2663.26,13,367.65,8,0,0,181715,13,154992.35,11
722734691,Dong-gu,52,155040.61,108,150778.58,112,170997.16,110,197472.724,150,86032.97,63
722777371,Suseong,46,126542.755,320,138203.352,274,199774.754,187,198298.774,126,94819.97,82
722870502,Suseong,79,29793.852,62,70905.576,76,105797.81,90,128937.52,87,31980.11,39
722923641,Seongnam,69,38281.7,63,127866.4,84,59397.064,58,144196.696,145,36121.26,55
723077031,Chilgok,55,282863.33,171,355576.01,159,96914.913,144,128489.25,123,39378.29,55
723361626,Seongnam,52,108964.396,154,114744.18,184,268063.079,165,146340.28,149,155266.76,78
723550791,Suseong,70,167322.946,62,129843.6,36,496.47,11,121470.5,61,80780.7,24
723596894,Gwangju,41,276.4,3,720,1,2018.9,16,152995.479,29,1005.5,4
723723538,Namyangju,33,8998.8,32,9283.256,47,62419.5,67,120718.923,82,21828.67,54
723781977,Gunpo,61,147996.23,82,216398.312,173,230819.969,250,272117.459,227,145241.759,130
723808222,Gangnam,47,23453.346,71,47376.712,114,205300.696,298,282124.086,245,55154.716,90
723835071,Gimcheon,47,0,0,0,0,366487,33,333200.1,43,3599.5,4
723994743,Namyangju,45,0,0,0,2,182878.9,127,189898.274,256,113226.598,87
724522281,Seongdong,43,12752.372,76,6457.929,66,7619.088,93,128912.58,94,53776.078,96
724579121,Gangseo,38,2672.1,8,2713.3,13,23334.5,26,184530,93,10099.02,13
724627082,Suseong,41,90425.755,322,72945.351,279,123392.692,143,124278.355,144,106482.748,69
724751796,Jeju,44,11767.332,89,110270.178,83,102787.542,71,220146.644,110,90118.17,84
725012241,Gangnam,55,21759.88,23,36733.36,67,169471.4,26,154903.2,63,78096.2,32
725473662,Suwon,42,58531.414,117,109954.189,100,144911.663,92,139071.3,88,19030.4,20
727422351,Dalseo,59,333253.544,173,435367.696,180,142459.21,111,143437.7,105,210412.42,37
727463793,Yongsan,50,48613.98,123,26499.115,97,22061.27,73,136246.19,78,128633.74,102
727550957,Gangnam,60,138829.926,117,146771.78,98,105696.93,81,130794.65,73,11129.7,16
727603408,Songpa,46,57947.16,114,147011.61,145,221961.6,80,142250.14,62,101379.24,46
727609491,Gangnam,53,18930.175,110,12927.331,32,30037.556,96,124758.53,132,80846.382,165
727643202,Jincheon,47,50111.85,110,104699.372,96,147417.035,70,136081.245,122,95951.874,65
727686173,Gangnam,36,0,0,0,0,55107.5,54,144426.672,130,7237.235,32
727719827,Seo-gu,49,338718.46,129,234411.86,101,581104.25,111,136591.96,26,79664.94,45
727812431,Uiwang,44,62533.342,151,140758.491,124,123154.092,136,172348.869,259,37242.146,179
727874485,Gangnam,58,53011.444,138,103257.5,181,123945.025,148,164228.366,174,92855.072,162
727904377,Mapo,42,5850,3,2397.5,1,192701,34,147499.63,33,137778.35,13
728028261,Seongbuk,34,3912.45,48,27391.69,105,113135.14,216,120359.212,155,74030.21,62
728162546,Seo-gu,39,0,0,0,0,3537.614,11,148092.703,103,4714.7,18
728464046,Gangnam,47,65270.09,39,22167.975,51,12278.218,36,174671.35,99,56464.678,35
728650201,Cheongju,43,57648.09,169,27179.53,152,62680.67,98,146080.6,49,75277.46,40
728702905,Yongin,43,92075.52,56,337099.411,223,222263.7,181,139106.339,101,137632.23,60
728702918,Yongin,44,0,0,163923.931,58,180743.848,111,502983.706,139,139308.44,78
728757567,Iksan,56,159149.26,70,143666.906,86,185230.38,56,287696.7,78,49067.7,42
728964336,Seocho,45,124262.12,162,268632.08,201,215312.115,119,248623.786,111,86844.83,54
728968466,Namyangju,40,19637.8,85,40144.69,72,147812.641,202,172732.794,240,19912.461,132
728991289,Yongsan,36,37706.614,280,17289.699,221,11604.146,98,6493.01,79,7472.99,58
729005823,Seongnam,43,53405.716,89,90085.05,49,97155.18,182,202080.791,196,88810.627,109
729340561,Cheonan,43,52.9,1,2795,4,4876.65,12,151521.769,156,30811.604,62
729415103,Yongsan,36,773.512,62,1788.404,65,5561.9,107,804.762,21,27.977,4
729545868,Seocho,42,9109.7,14,12576.168,25,60126.44,38,168671.535,72,70758.448,38
729563766,Suseong,55,4580.3,6,43617,16,70233,23,201244.906,26,6059,2
729651586,Gangnam,54,0,0,0,0,0,0,122596.261,36,79017.72,39
729681071,Mapo,41,1821.76,14,71622.95,34,202339.742,254,120109.557,200,79591.512,140
729712481,Seongnam,41,0,0,80782.017,131,59912.969,91,170634.465,142,164550.523,95
729746486,Hwaseong,56,70964.341,165,33340.056,154,76742.166,168,140125.365,144,72118.777,57
729964741,Songpa,35,197233.915,269,248946.514,272,223185.126,235,81970.527,124,708.079,27
730146861,Yongsan,34,95453.37,120,103016.791,125,118311.9,159,155095.72,140,11232.218,112
730279801,Gangnam,60,128565.225,504,143832.519,497,206570.6,325,229538.632,240,170285.91,152
730364823,Goyang,38,98383.15,53,153848.264,78,147609.28,43,309097.74,107,9384.3,28
730408762,Gwangju,35,0,0,0,0,69010,8,149334.35,39,172,2
730442503,Junggu,71,428168.6,86,343292,70,469889.3,78,506078.5,49,256058.35,56
730516988,Jongno,54,1397,6,144459.04,4,316888.863,78,388586.28,89,340275.2,45
730603853,Seongdong,47,16882.149,142,28838.502,324,30756.917,462,158029.149,436,98779.175,236
730799934,Gangnam,48,70990.6,90,345353.65,128,353896,95,222411.09,100,97859.1,49
730830138,Yongin,46,151001.864,152,32496.5,95,43715.8,44,350216.55,67,8234.07,8
731204232,Seongdong,44,0,0,9414,15,169721.94,73,601148.786,180,1728.24,7
731220668,Seongdong,40,76881.008,133,56415.226,135,75362.536,82,186245.789,104,61479.381,44
731285494,Gangnam,42,92242.552,207,80768.201,160,81941.664,182,138708.221,103,85160.702,47
731382939,Gangseo,57,252414.323,165,262292.746,157,355864.843,159,231141.41,107,57621.1,66
731432743,Gangnam,59,10734.6,5,5602.7,8,14425.1,29,138820.358,56,29026.66,67
731472093,Gwangmyeong,37,18409.8,66,14787.86,84,150942.75,155,156944.36,149,105014.59,87
731695216,Seongdong,42,1687.4,12,51573.15,59,101638.456,57,153414.844,128,35893.088,77
731742161,Gangnam,41,4598.481,136,42809.14,108,19162.222,77,138632.03,172,122120.02,70
731846833,Yongsan,54,63137.54,324,52119.603,195,72935.002,176,124082.835,207,81125.493,135
732030248,Seocho,45,9738.165,86,40358.612,84,79371.068,85,235226.208,104,56343.08,21
732039734,Gangnam,39,26032.86,49,43593.7,33,92876.25,71,138015.9,68,28729.55,51
732062977,Gwangjin,43,0,0,36736.2,44,224114.5,139,265173.2,173,137228.255,220
732094747,Gangnam,65,29220.61,54,58043.136,62,55553.516,66,130100.615,96,46400.45,44
732182896,Yangpyeong,59,151493.735,206,114206.465,194,285808.591,256,564276.051,255,71464.844,86
732189647,Mapo,35,1979.576,23,793.3,13,1347.354,31,125524.918,69,7960.985,69
732264126,Yongsan,45,13254.926,39,19680.25,22,97503.977,65,195348.728,93,55997.545,45
732269759,Jeonju,46,150146.5,67,140516.84,52,170787.7,78,155729.8,70,93307.2,55
732306445,Suwon,39,8454.38,82,62445.57,107,156836.6,116,311173.348,95,170268.83,36
732306461,Gangnam,43,76739.179,613,108481.766,64,34757.93,42,147535.83,53,6925.9,10
732307296,Cheongju,57,44359.46,151,29505.65,147,35193.84,154,198440.47,120,18020.74,63
732362004,Seocho,43,12951.732,90,8200.82,75,48642.86,216,174841.068,247,55290.368,110
732398641,Gangnam,41,3988.456,75,20364.3,18,11006.2,65,125700.4,58,0,0
732487543,Hanam,37,4839.7,30,5869.15,56,128701.8,87,304996,203,27971.277,31
732600265,Yongsan,40,59180.91,10,91532.568,33,211609.444,104,152460.752,112,184587.228,85
732680111,Gumi,46,12801,30,60299.4,101,106369,101,149616.3,106,45898.1,14
732782236,Yangju,45,81847.016,217,59215.07,195,90967.102,155,220901.738,179,42491.624,72
732942451,Yongsan,41,74606.814,254,150095.182,224,120525.394,233,359914.89,130,38705.299,33
732980387,Yongsan,62,123495.616,144,75518.712,127,90784.979,59,131782.842,57,31320.937,34
733040918,Seongdong,43,14834.7,11,111866.804,115,95802.18,69,122085.54,95,25973.144,65
733076981,Gangnam,54,0,0,0,0,0,0,194484,73,125431.36,59
733081156,Gangnam,45,66759.971,101,123852.6,71,160883.4,80,226774.3,93,44107,21
733309223,Yongin,41,1186.3,23,22169.2,21,267162.4,63,122003.156,44,47512,26
733322984,Jungnang,54,76612.81,57,158093.2,124,255776.76,118,181663.601,145,79469,92
733430501,Namyangju,42,22806,51,23945.6,46,22601.6,27,126864.966,73,114974.496,66
733499859,Seongnam,64,64789.736,225,85535.004,187,71029.788,141,133635.075,111,86933.186,82
733611881,Uijeongbu,49,15380.608,64,58995.529,55,133100.943,79,164400.21,109,46322.43,30
733619165,Dongdaemun,41,0,0,0,0,91239,28,244230.45,45,142552.7,43
733841798,Yangcheon,39,53149.93,77,40875.127,46,58920.068,60,183716,30,30402,22
733919584,Seocho,46,45236.01,133,49743.503,120,97316.114,137,152852.9,178,96995.676,111
734030073,Yongsan,39,17763.429,248,11450.969,94,35863.101,102,126350.056,145,19160.91,50
734095421,Hwaseong,39,131210.157,247,244777.421,196,213137.708,132,573482.671,195,102723.03,35
734105141,Yongin,49,52061.117,247,55552.998,243,118920.395,181,360265.11,288,142099.15,117
734117042,Gangnam,37,78216.959,66,354775.216,140,253336.286,129,131554.248,93,52024.7,77
734148119,Gangnam,37,69701.55,103,77878.05,109,264609.755,190,186701.82,150,103158.93,78
734239982,Gangnam,47,453.1,7,0,0,0,0,170924.2,26,470268.5,73
734375497,Hanam,43,48768.431,116,67187.4,109,67763.127,178,178860.963,163,62720.407,64
734529224,Seongdong,44,14255.05,70,3940.5,22,42685.32,39,120802,113,34228.6,43
734544671,Dobong,45,240.4,15,775.075,28,11199.4,18,140148.3,19,214.2,9
734589872,Gangnam,43,120336.109,269,133031.497,118,98404.847,113,135032.561,97,279669.534,69
734630686,Eunpyeong,35,2324.8,39,1894.758,37,12758.618,65,1732.17,54,970.8,24
734638353,Gangnam,41,8844.597,114,174432.036,227,496944.688,231,243460.27,98,109672.11,39
734643371,Eunpyeong,33,37519.498,129,5520.864,43,6724.042,68,2243.866,36,3355.411,43
734681201,Seongnam,46,1137,17,5631.08,31,10226.68,30,217560.7,83,157049.774,38
734683919,Gwangjin,55,42866.21,26,30028.865,46,44543.498,59,170630.044,47,46227.85,13
734706012,Seongnam,46,16356.164,115,33711.693,94,32703.19,163,292984.29,170,244006.51,89
734745427,Yongsan,39,371704.367,722,487874.996,487,1438990.919,777,703025.427,303,143026.761,171
734793021,Paju,51,8203.564,57,13382.5,65,39970.394,110,144517.653,159,126973.715,134
734808635,Gwangmyeong,48,44809.494,46,26160.87,91,186125.822,89,122293.933,147,34185.3,121
734857913,Hanam,43,113736.7,37,178000.223,119,131381.47,111,488334.848,124,206982.92,50
734909771,Yongin,58,91113.733,144,79939.505,124,204902.7,141,432949,91,170986.93,60
734940891,Seongbuk,35,0,0,0,0,115978.5,111,166564.73,158,179268.188,98
735039604,Suwon,41,3725,8,166197.9,30,133470.6,30,135859.767,21,43102.831,12
735043199,Songpa,42,352.8,3,0,0,137933.51,64,236118.283,91,108361.5,28
735060127,Gangnam,43,81051.406,118,147564.558,131,159475.466,105,282777.156,171,34557.75,54
735083119,Hanam,61,1400.72,20,1686.05,7,123182.488,162,139320.813,107,130417.3,45
735311911,Gangnam,40,0,0,0,0,3114,6,120055.7,17,4350.5,19
735380811,Gangdong,38,0,0,0,0,0,0,233787.323,92,3832.09,35
735637055,Gangnam,43,0,0,0,0,0,0,44172.12,43,10777.52,57
735738407,Gangnam,35,0,0,8148.29,22,101164.932,132,127219.253,114,80909.03,67
736039551,Nam-gu,42,6258.58,16,4571.5,18,14456.74,21,165147.777,80,94085.504,114
736044539,Gangnam,45,7854,11,7385.5,6,18040,11,157547.1,45,132067,22
736463738,Gangnam,43,0,0,109201.518,43,184450.48,87,236200.7,143,56120,56
736597951,Goyang,37,0,0,0,0,0,0,318455.428,85,222307.514,113
736603391,Gwanak,33,0,0,782.3,5,2154.55,15,131220.63,97,4422.3,55
736845011,Suwon,33,0,0,31,2,100885.72,50,128892.3,49,102534.6,12
737113691,Gangnam,37,5038,6,101094.298,46,305653.608,239,725761.715,431,138006.94,133
737425416,Seodaemun,31,0,0,0,0,0,0,115397.83,159,43173.27,117
737607066,Gangnam,53,3538.2,26,0,0,172711.828,86,243541.85,80,86.5,2
737810586,Gangnam,33,0,0,0,0,75285.789,93,169764.221,163,126024.231,191
738064221,Seongnam,32,0,0,0,0,37658.2,37,140600.03,102,7923.85,19
738121457,Dalseong,32,10,1,76719.05,83,41129.24,84,121695.06,82,13328.88,28
738144163,Gangnam,36,0,0,0,0,0,0,419161.69,107,805594.37,62
738218657,Guri,33,0,0,0,0,0,0,126207,40,16531.65,11
738358313,Gwanak,32,0,0,0,0,0,0,313199.199,119,91652.125,71
738474381,Hanam,42,18465.192,258,150014.56,311,542470.891,486,412659.731,328,33909.576,62
738780544,Nam-gu,32,101832.09,50,177529.123,121,120463.821,148,338870.071,210,113538.34,134
739101297,Gangnam,48,216875.919,259,162785.821,374,434493.341,266,217494.522,175,163324.242,122
739112923,Gangseo,47,61492.95,73,70962.83,106,128894.299,125,152473.179,171,12322.199,76
739192341,Gwangmyeong,45,0,0,0,0,149438.12,55,123383.606,217,1717.024,6
739283318,Seongnam,38,0,0,0,8,100081.1,44,186286.6,84,26842.3,21
739494806,Yeongdeungpo,51,0,0,0,0,34838.51,58,138354.048,130,60506.15,33
739510538,Seongnam,55,49542.424,126,25934.001,59,90285.352,82,124239.785,141,118946.566,81
739640493,Seodaemun,37,252,2,24530.45,33,36001.8,52,133789.479,110,5863.62,52
739826618,Yeonsu,43,0,0,1440,3,149261.4,39,146354.08,35,22218,8
740014602,Yangcheon,63,0,0,0,0,77402.8,7,46750.71,32,98,2
740116125,Seocho,68,0,0,0,0,84190.5,30,128119.437,104,41594.582,55
740126159,Gimpo,52,0,0,0,0,16349.66,27,173577.2,67,48916.465,95
740137042,Yangcheon,41,1199.3,21,570.9,3,51321.8,141,140135.28,172,123972.7,120
740159629,Gangnam,48,0,0,0,0,0,0,129748.31,93,208185.01,28
740433357,Gangnam,50,187100.293,364,203851.482,158,227602.165,150,123837.885,183,125696.385,149
740433868,Gangnam,48,107917.194,133,138984.715,95,186619.6,87,321901.73,117,79345.3,41
740469664,Jungnang,42,41846.49,55,164344.28,87,549353.183,117,189979.6,194,26737.17,75
740582722,Junggu,51,879.1,14,622.71,17,124942.862,37,142920.678,136,86071,61
740696895,Gangnam,33,0,0,1779,10,74257.346,56,206851.544,62,88505.1,13
740770668,Gangnam,41,31604.8,67,59436.842,136,98019,164,328373.132,198,203527.3,96
740816903,Yeongdeungpo,47,30054.044,172,194247.293,227,169667.853,298,222770.995,123,108473.503,59
740894202,Seongnam,45,82571.673,184,112858.431,120,221835.78,181,228213.85,138,177964.635,114
741002411,Gwacheon,57,26227.632,251,41284.944,338,84192.476,277,235291.496,120,55019.746,60
741040244,Gangnam,39,512.04,27,150.6,5,15321.195,30,127431.876,77,25672.13,103
741075391,Yangcheon,38,0,0,0,0,0,0,121750.672,74,23637.6,22
741090583,Yongsan,40,0,0,0,0,295236,51,102200.9,30,48515,9
741151595,Suseong,40,3780.3,29,12347.8,26,149269.55,156,120014.701,97,34966.543,30
741211559,Wonju,45,0,0,0,0,0,0,143807.04,76,176950.34,94
741278447,Gangnam,43,76115.057,414,144691.662,367,132706.94,415,129555.48,240,123711.706,184
741305051,Namyangju,57,8014.8,73,1095.6,24,1052.7,14,248763.99,24,417230.11,38
741393351,Seongnam,44,0,0,0,0,75661.98,31,220464.8,47,7184.6,18
741684675,Seongdong,54,99493.276,117,3651.46,17,180433.484,125,314408.511,130,25850.989,73
741731103,Seocho,52,90619.204,33,167994.768,35,64603,11,131975.21,28,52452,16
741746694,Gangnam,44,0,0,0,0,0,0,32973.1,40,9773.43,23
741967391,Gangnam,38,44892.004,159,88791.114,179,296630.359,184,202414.752,151,19529.66,44
741967771,Gwangju,37,0,0,0,0,43176.8,39,153114.83,148,143719.5,61
742016766,Gangnam,41,130553.13,175,109182.643,156,116072.675,146,312582.12,178,176466.73,65
742071712,Pyeongtaek,63,2504.6,18,45649.2,65,93879.466,65,404845.3,106,125020.372,77
742178699,Seocho,52,747.366,23,8458.808,186,123212.313,362,268356.97,337,56269.67,148
742226883,Yongsan,44,38.2,2,0,0,0,0,120000,2,38499.902,110
742246135,Songpa,35,6269.639,32,669.5,6,30859.37,55,150894.132,127,32969.606,44
742312375,Gangnam,38,17459.872,126,9501.348,56,144523.834,115,149966.863,147,166336.118,111
742379683,Seongnam,64,140575.376,314,196425.038,313,317482.702,230,382116.747,182,98289.349,66
742484983,Hanam,43,11825.43,25,6222.16,12,26422.7,25,139370.428,57,92351.25,44
742732224,Yongin,51,114425.74,167,126933.572,176,100195.885,181,149932.7,163,70774.8,55
742736354,Yongin,41,166633.86,146,103703.991,124,148761.129,161,135969.25,110,65471.132,79
742781061,Seongnam,68,84945.731,144,121666.827,142,143819.646,193,243510.337,136,136539.63,103
742820571,Seongnam,34,1036.7,28,79749.1,123,197733.1,266,340454.63,181,14661,9
742834308,Yongin,32,0,0,725.556,11,88.64,7,178036.64,46,114818.69,111
742906521,Gangnam,52,999.964,8,190237.739,102,295126.869,170,144796.392,94,125355.17,69
742953404,Seongnam,34,223082.96,277,375887.198,378,254757.544,262,125486.857,157,13624.703,75
742955811,Seongnam,52,5202.69,107,9357.02,102,242635.048,350,225134.02,181,110527.786,103
743011901,Gangnam,46,125410.1,34,288686.007,42,156276,37,193204.459,14,61594.15,5
743117987,Yongin,45,29511.187,268,12892.529,78,-2833.352,90,1221.25,53,10628.716,21
743206403,Seongdong,63,2635.6,13,22343.86,13,29993.74,115,121221.03,136,42385.72,85
743242501,Hwaseong,45,191212.23,78,135557.6,55,111832.96,43,203746.64,25,8719,5
743255209,Seongnam,55,6.2,3,1979.649,22,9774.4,16,152278.288,128,25877.962,112
743333601,Pyeongtaek,45,647.44,3,2690.34,28,12645.75,69,139518.81,131,165623.291,109
743417685,Yongin,39,0,0,0,0,1192571.7,459,356108.115,139,71745,48
743434823,Suwon,51,66884.901,113,173132.173,86,127355.98,39,175521.529,66,141201.219,36
743560411,Yongin,55,187860.808,233,150680.503,176,117221.233,197,303736.665,247,130718.973,111
743577491,Dobong,64,5526.78,22,19643.02,42,99514.72,34,156565.634,96,16490.019,41
743594666,Seocho,30,0,0,0,0,0,0,203137.94,78,85364.1,53
743595933,Anyang,36,0,0,0,0,0,0,133395.981,40,74389.302,50
743639606,Suwon,67,27739.162,119,42655.315,159,57316.9,139,127742.505,135,160126.896,92
743656133,Seongnam,45,81270.17,66,58777.74,37,85919.737,86,280768.54,131,243952.044,75
744044909,Seongnam,54,153182.27,272,192867.162,327,232372.083,246,276011.913,269,136941.531,109
744086681,Songpa,45,6560.64,152,6460.002,51,135232.551,126,294087.399,218,179288.479,73
744154051,Wonju,53,96,1,0,0,67157.4,22,233496.18,115,144880.3,68
744450639,Hoengseong,45,122188.69,20,95000,10,137267.45,12,214184.2,12,2525,2
744487847,Seongnam,48,4424.079,59,26.4,1,3099.372,39,130518.548,82,10501.89,52
744566261,Gangnam,46,58286.463,37,133291.987,29,87034.826,63,168503.291,118,86896.258,32
744651047,Seongnam,47,2193.06,69,4896.32,95,57441.06,94,320976.27,159,162742.48,97
744712441,Gangnam,37,11940.529,54,39240.911,97,144887.372,221,134025.952,163,67971.57,82
744718435,Hanam,47,67180.954,155,77262.002,89,90709.021,124,167936.131,114,13743.432,18
744779551,Seongdong,47,83185.735,54,444449.452,107,188449.222,139,221990.3,88,62583.74,22
744989835,Hwaseong,39,65826.32,277,122056.576,227,161766.81,212,202479.996,123,42336.23,26
744989848,Seongnam,36,0,0,0,0,42843.243,48,122516.63,51,15267.072,18
745189017,Seongnam,44,15249.33,72,191774.86,136,77528.9,183,26433.33,152,15203.14,91
745246622,Yongin,78,0,0,16965.06,17,1229730.014,56,2160052.527,80,619039.258,43
745258276,Namyangju,60,13888.69,33,1780.58,13,4028.4,5,283130.966,37,27420.86,13
745336558,Seocho,61,0,0,41489.904,9,91129.232,136,148497.355,178,103833.01,107
745689311,Geumjeong,30,0,0,0,0,0,0,244791.382,40,19170,4
745758384,Suseong,67,0,0,0,0,0,0,121380.967,91,457.03,19
745795341,Anseong,43,57777.8,83,89883.98,112,105283.85,115,185650.962,140,89012.82,60
745861839,Yeonsu,35,22.8,1,0,0,1930,1,255440.17,149,85004.107,97
745933161,Junggu,68,172643.179,223,99525.633,172,140889.321,120,125578.593,192,94570.934,116
745948639,Gangnam,36,27387.752,43,6627.57,9,11999.84,40,139590.05,49,17925.65,8
746113471,Dongjak,39,335.297,20,0,0,41606.126,48,150720.632,196,7780.384,179
746113783,Seongnam,42,0,0,0,0,0,0,150994.25,79,43198.14,22
746118301,Seongnam,63,2586.308,22,894.81,9,112978.7,60,121508.59,110,136416.7,46
746351211,Yeonsu,54,90257.6,53,75820.5,46,3610,7,123650.5,30,35249,11
746381337,Yangcheon,39,0,0,0,0,0,0,132121.702,210,26428.184,123
746393372,Seongdong,59,0,0,0,0,0,0,164200.59,16,44470.25,33
746480733,Gangnam,32,0,0,0,0,197521.082,77,217688.969,104,186006.384,76
746483674,Hwaseong,42,18544.5,16,111718.4,68,75536.105,83,134659.502,69,58362.6,23
746724844,Seongnam,43,46421.9,25,67188.64,91,197944.565,206,212554.849,283,49323.751,124
746743211,Yongsan,55,38315.879,46,2234.87,7,2036.06,10,133065.854,19,14341.994,29
746847858,Songpa,40,33683.58,115,108865.8,122,247364.77,167,517219.8,162,92638.8,31
746888121,Seongnam,41,11038.062,42,15670.356,39,121036.279,124,139980.198,153,27901.331,40
746982145,Suseong,39,0,0,0,0,0,0,122610.45,78,26884.138,65
746984915,Seocho,39,8288.952,10,47055.68,33,49825.921,44,153245.4,46,145494.89,18
747102451,Yongsan,38,0,0,0,0,0,0,122447.02,35,121363.1,65
747111437,Hwaseong,50,131399.52,179,540517.679,107,630248.39,127,895824.6,165,131832.3,43
747345031,Seocho,58,58213.659,150,155979.107,165,578303.724,212,762475.34,208,210937.079,43
747477633,Seongdong,48,163408.82,101,96805.263,91,159107.541,90,274329.675,65,124260.98,37
747519389,Wonju,55,33730.1,18,188717.938,53,134832.5,100,122193.244,143,197288.284,73
747841886,Dongdaemun,72,18804.114,78,15633.68,34,75975.14,91,148434.57,108,89.5,3
747929261,Seongnam,55,39085.5,58,82697.323,66,70105.14,51,128369.703,92,38369.537,75
747957409,Yongsan,33,50.5,1,0,0,0,0,272198.53,81,198799.5,36
747989705,Gangnam,45,15902.135,137,40843.398,127,77312.792,169,190694.619,186,95025.714,53
748217782,Guro,47,2032,12,4939.842,31,283737.174,176,471260.076,194,85492.604,26
748481671,Yeonsu,34,0,0,0,0,228656.4,96,526469.6,153,130461.15,46
748558537,Seongbuk,46,2592.756,47,45266.95,25,190257.1,42,162927.424,82,122918.1,91
748615462,Yeonsu,38,0,0,0,0,286.5,2,141605.8,55,115084.64,126
748686136,Mapo,34,0,0,0,0,0,0,124204.8,50,4864.97,37
748870662,Gangnam,57,230586.048,202,252547.04,201,193481.221,165,118054.859,115,52966,25
748925216,Gangnam,41,7268.6,21,4554.124,76,17409.24,62,169228.454,118,6132.91,66
748955407,Seongnam,42,49794.821,96,110828.917,157,121776.4,163,123688.2,153,43862.36,90
749009906,Ansan,43,170022.142,121,166914.358,83,201131.138,109,142913.113,51,156503.794,71
749038453,Gangnam,45,17637.1,35,2235,4,5740.61,22,126484.4,41,25026.1,59
749458603,Yongin,43,22294.78,108,8518.052,133,46680.801,148,127463.752,107,214549,90
749486591,Bucheon,40,0,0,0,0,0,0,191119.69,51,120250.022,85
749549665,Yongin,41,7243.458,67,8142.27,114,193261.276,252,122059.835,206,26625.662,150
749598354,Gwangju,49,109243.954,152,102246.636,164,106059.26,222,136489.782,158,82253.03,80
749653133,Gangnam,44,442.49,34,1046.8,1,75162.69,54,154738.25,237,764.2,34
749735351,Seongnam,51,102155.031,268,71079.634,313,97778.917,269,124327.974,197,22364.94,127
749786562,Seongnam,46,220302.7,109,157020.635,89,215831.055,73,336678.833,86,173799.103,106
749853779,Gangnam,41,6879.02,35,8098.755,58,99744.98,48,115597.187,98,31680.84,31
749911001,Seongnam,57,24128.711,71,14921.044,82,10382.378,59,134147.424,75,82316.011,48
749985471,Ansan,53,9245.39,95,437.7,10,12811.87,45,121465.57,124,54223.26,113
749997697,Hwaseong,48,77570.7,29,117812.582,50,103209.959,46,124098.37,36,17006.55,17
750039855,Suseong,43,0,0,0,0,0,0,127293.5,75,7968.74,35
750091251,Seongnam,52,10497.432,151,5572.025,111,2266.92,23,128725.36,44,115355.653,44
750124631,Seocho,61,1505.332,15,3955.329,28,15779.416,79,195204.188,152,138788.462,134
750246195,Suwon,36,1435,6,0,4,0,0,205333,93,58190.85,46
750295928,Gangseo,37,14254.76,49,24679.3,29,62188.179,49,219814.11,80,218015.05,68
750395783,Yongsan,53,153258.107,141,113828.629,154,203452.782,139,135076.638,158,64086.747,74
750492338,Yongsan,43,0,0,0,0,0,0,120061,25,27970.21,49
750562206,Gwangju,48,6146.97,38,20786.187,92,10161.664,63,214126.338,127,389643.264,174
750601863,Yongin,45,18406,22,95476.16,61,390899.08,121,428743.447,101,146803.563,40
750792484,Seocho,57,597,1,227042.226,126,219309.5,38,298961.7,101,187223.626,42
751016494,Seongnam,57,25953.39,98,33979.3,100,106227.628,146,265338.08,114,270158.304,72
751069141,Seongdong,35,0,0,0,0,31584.19,26,134447.522,181,39086.08,40
751088201,Seocho,45,15959.82,97,14446.998,34,53794.456,77,154720.867,124,16062.68,33
751148496,Seocho,60,0,0,1874.2,5,9205.1,42,130664.37,80,24547.72,49
751287251,Hanam,37,0,0,0,0,0,0,131858.07,110,87495.17,68
751290111,Goyang,61,338924,64,249555.4,43,228141.87,33,187414.44,43,111.6,2
751368615,Buk-gu,34,2055.931,59,1793.735,65,3532.435,70,5398.892,38,619.732,15
751452922,Goyang,70,123186.944,231,191834.946,238,104503.292,244,124036.674,142,21012.436,75
751468063,Seocho,34,0,0,244741.45,116,447400.17,208,125638.85,85,0,0
751482223,Dong-gu,44,79527.3,79,127614.6,66,220773.7,39,217163.43,89,51491.09,36
751540166,Goyang,37,16659.55,10,0,0,246.49,7,123717.74,22,636,5
751567247,Seongnam,42,3334.1,23,0,0,0,0,166149.8,27,58379,19
751912816,Gangnam,38,47477.659,72,32082.99,35,95975.471,85,111253.99,133,13569.32,50
751924394,Yeonsu,36,34803.926,64,23320.506,113,165016.58,204,156688.423,204,34840.3,102
751926415,Goyang,38,0,0,2067.84,10,23919.9,54,134265.305,176,105625.183,116
751954453,Eunpyeong,51,0,0,0,0,0,0,2871481.7,195,1425252.8,144
751966614,Bupyeong,39,63222.4,95,69839.176,128,97489.076,134,158356.88,131,126768.38,101
751978857,Ansan,37,0,0,0,0,10829.44,18,137278.94,87,127574.13,39
752079381,Gangnam,41,0,0,0,0,152482.283,135,155973.534,161,738.195,17
752096019,Gangnam,36,44941.68,112,541335.718,202,176071.26,149,474979.699,101,111922.627,50
752404345,Yeongju,54,86239.558,83,52305.79,73,89182.7,74,136297.87,57,22812.45,34
752473756,Seongdong,36,29711.83,70,92120.675,129,106449.862,117,145196.634,131,30522.07,40
752545558,Junggu,42,74945.38,5,78714.161,159,116719.473,239,460236.534,237,149925.021,72
752829281,Gwangju,66,2063.64,95,647.1,30,535.6,13,189216.333,27,120757.24,69
752966471,Hanam,33,12105.6,100,11699.132,187,19870.209,171,4390.961,71,3378.4,44
752993207,Gangnam,50,173917.026,98,232159.064,207,201152.365,198,299005.55,225,22629.252,62
752995472,Yongsan,41,33742.4,63,45623.916,104,110134.988,163,161268.456,144,24635.787,43
753018758,Seocho,35,0,0,0,0,62699.425,45,208165.112,150,79842.45,76
753042168,Gangnam,33,0,0,0,0,0,0,199155.61,58,156681.7,26
753147521,Seongnam,32,10.6,1,18955.42,96,3284.1,45,122686.634,109,1382.5,36
753187695,Yongin,33,3591.062,135,4458.971,96,2430.53,83,2931.87,68,632.5,19
753316773,Jungnang,35,4844.15,23,1844.4,7,151520.37,93,190878.46,79,13841.362,33
753356054,Pohang,46,91257.11,25,51040.72,28,42464.99,18,181954.28,42,69.136,5
753394386,Goyang,39,0,0,6892.7,30,63855.028,155,140252.824,247,3369.072,111
753532478,Geumcheon,36,278,2,47397.8,37,94398.16,53,123470.9,56,152277.1,72
753560159,Pyeongtaek,53,0,0,101462.19,51,54665.71,65,128925.594,125,64901.1,33
753878781,Gangnam,56,82264.814,197,119714.413,120,217522.134,188,123197.418,170,60149.616,145
753975701,Seongnam,37,283.2,9,229.05,9,49569.187,80,135839.142,81,21233.361,43
754023206,Gimpo,46,30567.284,152,22442.603,108,67842.914,91,200766.57,88,282159.087,74
754228922,Seo-gu,45,0,0,49315.6,32,153527.4,71,179122.026,78,47617.46,37
754233364,Songpa,38,0,0,0,0,40553.9,45,132962,126,54011.3,104
754380323,Yongin,31,29174.34,90,320890.628,99,219076.787,186,251970.641,183,38274.935,128
754418791,Dalseo,52,55680.7,17,52980.28,159,42869.486,93,165433.25,98,142763.25,44
754706391,Gangbuk,40,32590.682,55,37872.18,48,504003.19,103,139580.3,152,139686.62,41
754790341,Guri,36,92055.3,76,78925.6,61,87375.6,44,125439.06,60,96481.68,42
754889718,Suwon,52,20470.7,58,16652.9,20,34073.06,54,136167.03,109,22338,68
754997147,Siheung,36,0,0,0,0,0,0,128610.8,30,129987.6,19
755011579,Gimpo,39,560501.93,77,226452.59,24,409189.1,23,264068.8,52,4.5,13
755043769,Dong-gu,64,7404.141,142,2821.598,65,10920.314,110,126932.548,158,37718.068,53
755068199,Gangnam,37,8410.59,63,31846.578,139,142772.866,203,175584.143,131,114359.2,97
755077525,Seongnam,44,26.2,2,0,0,5882.302,60,131453.755,159,66927.762,98
755208524,Songpa,46,57400.12,56,91877.896,96,111951.3,106,298325.02,216,45429.9,85
755225051,Gangnam,42,41860.93,21,4542,7,59610.26,41,137673.7,71,54663.8,37
755232733,Gangnam,49,0,0,79854,43,74299.55,79,137091.828,96,12289.99,51
755263371,Seodaemun,42,7.1,1,259633.22,47,92541.598,60,398835.073,203,67734.866,56
755269835,Mapo,48,99572.6,16,102241.6,16,229617.91,99,257312.994,107,329506.907,95
755318201,Junggu,43,34765.035,102,29563.511,43,21498.788,75,186165.64,122,86565.24,64
755593019,Uiwang,50,14414.3,19,29907.4,41,108304.7,97,123551.291,132,64603.752,65
755770227,Seongdong,50,32359.97,20,66375.94,107,6902.11,24,161346.83,38,68387.09,24
755837961,Gangnam,40,58856.29,145,96541.773,112,295043.172,168,136229.57,146,10910.7,35
755850549,Gangnam,50,8979.54,79,11853.17,77,87605.01,141,128451.718,255,65169.928,171
755864345,Seongnam,56,26616.222,86,46917.868,92,12456.992,48,349540.879,56,18343.256,38
755911325,Gangnam,43,6191.746,82,9545.756,80,77645.82,88,204613.554,163,70732.06,63
755992702,Suseong,54,30655.379,78,3616.99,21,160383.376,89,159686.51,140,33509.64,44
756008165,Seocho,50,0,0,0,0,45825.9,66,129279.371,129,9326.383,43
756044011,Bucheon,33,2020.9,23,1815.3,12,0,0,121099.1,36,1610,15
756060265,Seongnam,45,1129.75,11,6203.5,15,100831.449,41,191098.324,117,13964.818,71
756062396,Yongin,44,103959.8,49,130108.9,60,130939.624,51,184127.9,71,84435.2,28
756101997,Yongin,54,7456.823,21,569114.07,79,537465.566,62,329622.106,119,7624.335,60
756139015,Gimpo,38,56572.029,182,30024.667,119,22393.695,79,183076.342,111,541.4,6
756142091,Buk-gu,45,4364.42,35,849.7,17,260978.89,38,122053.96,42,2568.82,32
756151113,Gangnam,37,517.738,10,145034.699,74,160311.231,150,149858.069,82,35623.1,67
756399653,Junggu,36,5451.5,14,984.9,8,0,0,126008.4,117,46418.45,53
756443931,Seongdong,42,360166.078,429,1192665.825,835,883996.41,351,505550.442,266,334959.704,199
756536333,Hwaseong,43,10949.16,20,2921.8,14,289592.86,109,130285.911,146,2164.998,27
756686064,Seodaemun,45,3078.3,7,10971.9,27,28446.13,49,125188.527,125,15981.712,25
756768871,Gangnam,41,83399.54,101,81190.418,92,160302.8,66,147495,74,57622.1,30
756852389,Cheonan,49,111464.95,104,145084.27,133,134094.718,167,148150.03,120,25003.9,23
756903367,Yongin,34,9312.5,31,2854.1,5,22213.6,16,147310.74,73,13735.486,35
756949197,Gangnam,32,0,0,0,0,696.5,3,332384.49,115,79136.556,111
756985708,Suwon,34,578.5,11,6083,26,95789.6,60,166240.28,180,136929.3,36
756997311,Seongnam,50,3496.88,11,0,0,0,0,124032.9,8,28,1
757201709,Gangnam,41,165027.6,104,139243.107,110,151693.937,101,154976.85,153,133356.941,127
757325613,Mapo,52,44667.774,19,43684.2,17,40293.7,9,212616,4,2030.2,15
757409372,Seocho,55,13815.094,62,5136.85,37,135840.4,63,157747.393,113,62414.871,92
757459313,Gangnam,55,34852.3,23,9436.543,65,123356.226,70,126311.118,134,66699.61,41
757505791,Yongsan,55,3735.77,8,11106.21,29,51866.279,54,436297.828,115,164871.351,76
757523281,Nam-gu,53,19881.36,81,49155.204,112,39539.58,134,140330.14,121,17635.61,105
757626212,Uiwang,55,202923.406,230,145520.507,102,223871.535,223,77025.122,159,45622.579,116
757714192,Gangnam,40,15034.819,44,57551.104,70,198540.418,73,372400.971,110,190765.62,31
757833204,Cheonan,45,14542.332,64,10519.04,56,49607.688,96,121564.58,161,32969.71,85
757884291,Dalseo,51,21886.66,82,156901.1,162,156708.775,213,125987.77,124,37308.2,27
757930956,Seongdong,39,72751.4,50,65517,40,123186.9,69,165853.62,69,148022.15,38
757973111,Suwon,34,-163.4,8,2178.1,11,402.12,9,2231.7,10,548.5,9
757986571,Gangnam,56,220800,47,217824.532,73,331224.6,62,259278.374,65,168876.5,21
758044271,Ansan,58,18625.414,93,17889.09,73,3635.007,13,129759.21,106,64840.3,44
758262889,Seongnam,52,70946.2,78,70866.95,102,98978.738,98,142406.8,80,68847.206,42
758361103,Seo-gu,39,16115.5,11,18241.8,14,55663.66,30,135522.69,94,104282.768,87
758374761,Yeongdeungpo,41,135110.459,120,115418.24,152,165706.151,135,179574.217,129,11390.255,15
758499877,Songpa,33,23938.944,45,33465.76,53,78660.28,144,282339.144,202,144266.57,67
758535111,Gapyeong,47,96661.988,106,189449.566,158,481549.482,98,216944.296,116,86942.952,54
758563462,Yeongdeungpo,36,115.5,6,12112,6,280211.2,58,200942.34,71,126756.014,58
758632756,Hwaseong,37,14379.9,25,21028.5,46,43272.26,104,174056.7,114,59925.89,69
758716491,Suwon,54,15208,8,147641.8,19,1333436.14,83,655530.559,164,631417.06,72
758739981,Cheongju,38,0,0,0,0,80999.4,35,204645.9,91,55854.596,26
758742601,Gangnam,45,33423.682,104,30415.56,63,47424.98,88,182221.61,89,55753.98,47
758818796,Yeonsu,50,21780.447,41,93343.986,83,129949.29,75,161197.046,74,25839,21
758914989,Anseong,39,144016.857,114,182023.842,82,140309.803,83,163988.799,96,9610.71,23
759020566,Seocho,35,3232.7,27,524.8,16,68065.9,69,159886.79,153,49090.82,32
759020616,Seongdong,44,6883.674,65,2280.22,47,108247.308,80,157606.324,80,162305.222,60
759023391,Gangnam,46,76992.124,27,61601.88,49,58768.3,54,210447.409,132,207068.617,109
759239461,Gangnam,50,23640.468,117,5748.764,79,270893.295,226,124961.344,201,33611.466,129
759339609,Yongsan,37,70258.26,88,44866.85,94,126109.94,88,155460.297,78,4834.73,13
759461271,Seocho,67,268300.33,112,350387.402,87,395256.843,55,623238.05,74,150327.568,44
759493381,Yangcheon,33,15057.27,15,66015.861,54,387722,225,417522.9,216,102582.9,71
759636673,Gwangju,47,26351.57,68,42693.059,116,69565.895,107,234942.07,164,88699.51,102
759691567,Gangnam,43,51808.984,157,80899.577,175,167499.534,172,156436,145,115409.48,93
759720701,Hwaseong,53,46671.76,51,119982.13,138,123087,76,422868.987,147,379545.848,137
759820855,Seocho,60,85371.207,195,98905.067,194,68350.75,133,247026.179,96,87446.93,82
759853781,Jungnang,48,2804.5,5,18812.46,42,31294.986,28,157841.313,95,114574.642,81
759866839,Uiwang,48,32022.271,81,54543.529,143,394174.928,255,574493.941,319,160038.273,73
760084911,Yeongdeungpo,40,0,0,1804.63,6,6865.821,53,247544.948,227,105307.54,62
760088906,Gangseo,36,29620.07,39,69819.004,111,139184.81,173,163304.809,143,77799.57,71
760091011,Gangnam,56,35945.464,35,110268.652,131,218493.95,116,203548.766,151,90575.7,74
760100551,Gangseo,56,16356.29,46,209613.2,121,101731.95,95,128818.1,85,49327.96,72
760129211,Nowon,55,6688.2,17,25035.35,43,58151.1,30,163327.836,62,60167.812,29
760378381,Songpa,37,20916.1,7,0,0,585769.1,128,2052166.8,301,1222838.47,162
760444219,Gangnam,32,2326.2,14,2108.3,30,0,0,121109.805,93,12600.636,68
760459171,Pocheon,38,76169.978,38,174299.372,202,249410.585,197,327861.66,213,46568.7,37
760487271,Yongin,70,10213.77,38,99119.33,94,222510.92,182,143190.942,168,4598.014,41
760542401,Seongdong,50,1945.4,3,33474.186,43,49381.361,84,137550.916,152,49959.791,130
760699541,Yongsan,28,15363.677,70,184751.8,109,232121.642,146,398321.26,151,60435.063,59
760753942,Goyang,36,0,0,0,0,0,0,252267.5,58,54427.8,56
760775563,Guri,65,5249.235,58,57725.036,94,81307.464,177,154703.38,176,130667.706,160
760807965,Gangdong,30,0,0,94.1,3,21249.92,94,136506.544,77,7707.298,93
761018974,Gangnam,45,49.4,1,141.2,3,4528.92,43,125824.11,79,6978.226,63
761107641,Gangnam,41,21780.91,17,35485.53,30,27492.87,14,145922.2,34,15870,4
761119321,Goyang,64,10885.281,37,131057.213,159,110497.243,95,267721.107,150,26916.767,51
761226999,Namyangju,45,6832,31,110183.01,61,186303.07,76,579525.2,130,301607.356,100
761275181,Gunpo,40,47202.82,66,35479.5,99,45537.54,119,143963.458,145,7557.265,45
761356911,Gangnam,37,2926.772,31,5662.1,42,26439.21,39,208672.71,121,55332.79,42
761423067,Gangnam,45,12832.89,4,2511.995,8,32777.8,10,213497.812,145,93597.6,20
761428661,Seongnam,36,48265,44,120283.3,107,335544.8,201,560145.07,189,277703,78
761470411,Gangnam,43,0,0,0,0,0,0,162885.78,73,354113.183,76
761549046,Gangnam,53,6844.034,54,149513.424,145,246156.166,118,574653.28,199,315495.741,68
761559067,Eunpyeong,46,48269,17,108138.42,100,92949.3,106,124463.706,98,50061.324,62
761606441,Gangnam,46,440.1,9,9110.18,13,53973.9,85,160323.68,95,70610.48,71
761622864,Yeongdeungpo,40,0,0,0,0,78901.669,262,188552.509,119,13523.907,41
761631915,Gangnam,50,1544.4,4,0,0,0,0,156045.187,100,10406.509,134
761687741,Seocho,40,3526,3,105815.8,81,73633.634,59,260620,112,2220,2
761702621,Yeongdeungpo,43,0,0,0,0,101776.1,35,122220.3,51,15383.3,23
761725024,Dalseo,42,1110.59,7,20229.536,67,21154.081,67,118322.315,90,107434.978,29
761803494,Gangnam,51,37528.4,35,116512.318,158,166000.383,122,141982.916,122,167790.9,46
761876221,Gangdong,44,11172.314,32,17275.87,37,58654.906,94,142407.481,129,78705.501,104
762053654,Dalseo,32,5570,2,127610.57,72,175919.79,87,274494.71,75,141422.7,39
762092471,Seongdong,30,598,1,258,1,102967.44,66,129836.45,73,48925.5,25
762312525,Haeundae,47,0,0,4332.6,20,428853.02,239,241182.71,73,16370.6,17
762332294,Seocho,37,1097,5,1514.32,9,680.99,16,123495.811,194,7606.049,135
762357091,Seocho,64,248320,12,138378.1,49,786141.4,103,1280887,62,302621.2,27
762369985,Ansan,34,11295.5,23,61627.81,112,112802.684,171,162571.496,166,119300.18,74
762493573,Jungnang,47,4322.5,8,49659.2,47,171276.793,105,318788.07,155,23095.57,74
762578441,Seongnam,48,2245.8,4,14270.42,13,148688.3,106,429744.6,239,62001.6,40
762657531,Iksan,65,0,0,67666.514,95,104768.9,93,194450.726,100,91607.81,40
762658248,Gangnam,38,0,0,93091.568,128,283657.65,116,121995.99,110,111987.66,40
762671811,Nam-gu,41,0,0,0,0,50816.59,71,135848.054,88,93101.89,51
762718409,Pyeongtaek,40,0,0,35432.45,48,193956.373,133,201849.868,160,166409.647,130
762865017,Seocho,42,0,0,53701,37,210276.03,234,124486.1,92,34459.72,63
762865136,Guri,43,0,0,140254.48,167,158936,110,326128.5,186,330,1
762939069,Mapo,36,0,0,61046.325,117,169067.566,162,117786.074,177,28583.254,72
763002688,Seongnam,48,0,0,33270.1,13,27244.84,105,137333.542,203,71704.501,53
763019961,Gangnam,38,0,0,33801.172,62,11414.665,40,171905.994,129,133976.837,122
763020561,Cheongju,38,0,0,4407.04,34,21317.54,61,137478.142,113,57780.298,94
763125516,Gwanak,54,0,0,38.9,3,74129.286,45,120601,22,2515.43,37
763135173,Gangnam,51,0,0,846.9,8,14111.68,32,140050.278,106,45872.75,65
763141772,Yongin,42,0,0,24656.89,71,18703.732,64,129049.77,84,24459.393,62
763188027,Seongnam,48,0,0,24428,12,1120596.09,89,1844697.3,184,850143.7,76
763194011,Namyangju,48,0,0,17528.3,30,187106.9,97,190042.6,115,114086.95,114
763254423,Seocho,65,0,0,3184.28,11,88434.86,95,144817.681,162,49872.725,70
763344662,Hwaseong,56,0,0,85551.18,52,40931.38,60,145365.804,82,11145.83,38
763354581,Gwanak,54,0,0,45196,15,76598.246,42,130918.13,45,24521.36,30
763362981,Seongnam,33,0,0,7902.9,18,0,0,309020.1,137,124872.3,77
763414374,Yeonsu,52,0,0,115938.2,60,194001.66,52,194512.007,78,93200.86,32
763445401,Gangnam,31,0,0,59.685,2,33.7,3,121229.028,35,171.4,12
763514041,Gwangju,37,0,0,507.845,28,325.2,14,221629.953,81,151270.35,66
763515936,Buk-gu,57,0,0,73855.9,37,46254.55,40,147187.4,50,34214.8,18
763559215,Dong-gu,45,0,0,131389.19,32,199731.678,77,249839.004,101,258014.13,52
763643955,Suwon,42,0,0,141938.642,168,209669.78,169,150680.11,57,34664.4,27
763658035,Gangnam,34,0,0,2780,3,78603.316,28,153863.665,69,1065,7
763669994,Gangnam,35,0,0,40580.8,28,129362.174,97,135535.943,64,168579.851,79
763678729,Gangnam,41,0,0,6794.5,23,105478.978,72,167805.112,89,28996.4,39
763708101,Seongnam,38,0,0,80378.1,58,148211.007,146,164948.414,149,124393.4,143
763808491,Haeundae,42,0,0,24311.5,10,18118.5,16,129039,10,114249,7
763811261,Gangnam,52,0,0,68110.1,75,180643.06,129,222302.41,124,66573.2,84
763812931,Seocho,39,0,0,7956.27,10,128798.82,142,114703.7,83,4379.085,47
763857388,Seongnam,54,0,0,2286.9,7,364718.7,63,707202.8,116,235336.3,22
763864442,Seocho,43,0,0,34864.01,100,312850.9,136,493186.44,126,295138.956,49
763890391,Pyeongtaek,31,0,0,54205.596,65,272171.581,152,221309.836,142,26861.1,32
763961461,Gangnam,37,0,0,25964,11,225997.4,56,109946.088,83,24634.759,33
763970762,Bucheon,39,0,0,6500.8,11,32062.9,51,142525.29,139,134726.66,94
763979371,Gangnam,64,0,0,62548.022,33,284591.47,45,230475.6,41,191816.612,38
764008641,Gangnam,54,0,0,19774.8,28,85843.03,82,130272.509,94,33515.6,39
764019431,Gangnam,38,0,0,0,0,56224.8,26,137892.614,61,90024.07,34
764082795,Gangnam,46,0,0,13664.7,20,50131.2,66,137598.12,72,117583.511,51
764119271,Dongdaemun,39,0,0,0.6,1,112427.024,52,132822.2,56,223.1,5
764124365,Yangcheon,44,0,0,4481.3,19,118611.333,313,121353.815,252,44859.584,125
764205259,Gangnam,39,0,0,15625.318,58,74540.7,127,154572.531,168,36261.72,100
764207455,Dongdaemun,34,0,0,61281.313,34,123374.34,35,286060.756,76,38775.501,40
764228617,Gangnam,46,0,0,5928.64,19,196623.47,138,125812.967,131,58594.072,58
764268268,Dalseo,43,0,0,70496.2,90,225715.48,135,129125.359,69,32900.433,20
764320303,Jongno,35,0,0,0,0,45743.85,76,126144.778,101,171654.84,95
764342279,Seocho,52,0,0,130822.581,73,209721.015,153,147118.68,97,87256.3,80
764353476,Yongsan,61,0,0,93944.428,57,192132.04,130,201237.462,92,52444.802,47
764399672,Yangcheon,42,0,0,131.9,3,64559.226,205,125814.17,150,231296.03,214
764421527,Yongsan,42,0,0,2045.282,6,79762.393,74,130835.88,99,58294.94,35
764473971,Seongnam,41,0,0,0,0,95587.16,38,140406.38,117,96990.833,143
764500268,Gangnam,38,0,0,25564.602,48,65105.085,100,151812.704,73,12963.292,52
764521902,Seongnam,50,0,0,54597,26,125289.3,70,164357.067,64,104752.914,58
764557477,Seocho,37,0,0,5335.14,8,107877.576,112,142599.445,91,10308.93,24
764562796,Gangnam,36,0,0,18698.75,113,842268.556,320,763220.494,210,177525.272,66
764618571,Gangnam,41,0,0,51109.458,14,345670.968,49,524268.57,64,89822.45,10
764623362,Yongsan,35,0,0,0,0,115033.146,133,127012.754,182,27439.246,94
764722681,Songpa,27,0,0,0,0,227101.02,51,127364.18,62,14519.3,21
764724887,Suseong,45,0,0,175039.38,30,209500.455,74,186775.781,72,31039.55,30
764727116,Gangnam,29,0,0,39048.44,33,16652.278,48,326486.319,191,153273.901,45
764763752,Seongdong,36,0,0,63377.65,37,100453.47,11,169449.456,51,140.27,9
764765621,Seongnam,36,0,0,262,7,3415.7,22,127417.1,24,197561.17,57
764773877,Haeundae,31,0,0,112309.9,29,2032166.61,332,356143.4,47,77785.3,21
764812889,Seongnam,37,0,0,42856.36,29,202153.031,67,207614.48,82,132559.78,48
764868134,Songpa,47,0,0,8833.99,9,54152.228,70,122769.9,77,44795.335,45
764929904,Songpa,41,0,0,59224.38,18,192058.81,74,432221.907,111,242988.402,51
765057221,Siheung,26,0,0,1168.2,10,3590.1,37,8664.82,40,1438.764,22
765108961,Yeongdeungpo,56,0,0,0,0,47281.585,67,241535.808,163,116776.251,64
765139085,Gimpo,44,0,0,2496.2,14,87856.561,161,128583.9,147,11694.27,51
765148829,Yeonsu,39,0,0,0,0,206042.4,143,263555.294,217,210526.986,101
765163582,Hanam,40,0,0,4761.8,9,44693,13,392401.63,116,15509,7
765165191,Yongin,42,0,0,0,0,93369,43,1455671.141,273,89079.26,48
765237396,Gwanak,35,0,0,15.5,2,128995.48,38,120492.73,34,0,0
765253423,Yongsan,67,0,0,47552.69,28,248337.083,266,122185.12,61,113390.942,74
765258796,Nowon,34,0,0,8362,13,106401.7,110,89518.4,78,62009.4,47
765266463,Ansan,33,0,0,5760,4,7702.5,45,196851.921,118,5506.8,14
765280021,Seongnam,40,0,0,7749,5,82647.28,66,138446.353,158,60425.31,112
765300325,Cheongju,28,0,0,2338.5,9,110624.83,183,153074.16,79,5561.24,28
765310907,Seongdong,46,0,0,5560,7,138961.47,116,217673.35,85,23115.7,27
765315364,Namyangju,38,0,0,0,0,25743.2,6,124158.2,30,671.1,6
765319453,Seongnam,46,0,0,102.7,3,145630.38,55,187157.51,48,70255.03,27
765356856,Songpa,53,0,0,27819.3,11,179374.754,427,248102.066,148,69607.537,32
765365108,Gangnam,35,0,0,127.5,8,154418,88,154892.5,48,23854.6,15
765417871,Seongdong,38,0,0,39.19,5,993.71,12,132282.5,5,40329.5,2
765418471,Suseong,60,0,0,0,0,67445.9,19,339657.76,89,327000.09,103
765418533,Eunpyeong,41,0,0,488,4,46326.872,49,119970.841,70,114794.48,58
765426163,Gangnam,47,0,0,0,0,71675.518,36,127126.99,79,43569.14,52
765511419,Seongdong,40,0,0,0,0,1126556.8,31,127010.314,182,38306.682,85
765524985,Seocho,61,0,0,0,0,193425.1,123,122968.184,40,87390.73,45
765545677,Hwaseong,31,0,0,0,0,24713.53,40,231880.7,90,39452.96,34
765592131,Yangcheon,44,0,0,0,0,396897.849,151,326262.48,184,112909.16,98
765614237,Mapo,57,0,0,0,0,224852.5,52,128548.796,80,123204.5,17
765619086,Seongdong,37,0,0,0,0,330213.746,135,182380.34,70,76699.43,21
765650137,Gangnam,33,0,0,0,0,37197.1,65,146821.803,45,32745.277,16
765663164,Yeongdeungpo,40,0,0,0,0,6649.016,13,252395.979,154,17612.181,52
765678699,Guro,40,0,0,0,0,42642.8,32,120842.88,72,42270.41,29
765695053,Yeonsu,43,0,0,0,0,30845.85,60,126868.33,49,113457.4,18
765696201,Gimpo,31,0,0,0,0,627476.7,288,123296,59,35070,21
765726621,Wonju,49,0,0,0,0,186937.2,31,192884,109,53840.83,45
765802627,Songpa,44,0,0,0,0,34417.261,21,195749.01,27,24192.29,39
765846671,Gangnam,37,0,0,0,0,14242.5,65,126629.4,31,39859.2,17
765848745,Anseong,59,0,0,0,0,57166.1,34,250827.924,52,6910.2,16
765873056,Seongdong,32,0,0,0,0,273225.814,132,151701.36,74,32374.5,17
765950099,Seocho,45,0,0,0,0,236692.88,70,185490.8,49,126558.55,44
765996752,Gangdong,40,0,0,0,0,7113.5,15,123865.2,24,3556.35,33
765997341,Guri,52,0,0,0,0,45322,23,126227.9,87,51762.6,25
766011611,Gwangju,70,0,0,0,0,16924.07,15,129837.972,120,100380.05,56
766043723,Gunpo,40,0,0,0,0,110993.27,89,126219,61,47447,22
766080292,Mapo,41,0,0,0,0,0,0,127021.4,51,32066.6,18
766095931,Dangjin,62,0,0,0,0,97205.536,104,126764.87,139,26407.33,59
766107676,Yongsan,40,0,0,0,0,46283.49,31,243320.203,126,38774.9,59
766108094,Seongnam,59,0,0,0,0,0,0,201636.71,63,510.25,8
766115789,Gangnam,39,0,0,0,0,160331.8,38,269000.8,51,203253.611,57
766142528,Bucheon,39,0,0,0,0,14457.615,52,125101.37,146,45699.695,96
766150509,Dongdaemun,40,0,0,0,0,263060.6,65,102024,73,12909.8,18
766170722,Hwaseong,41,0,0,0,0,11476.5,20,131531.632,112,41099.9,40
766183719,Goyang,33,0,0,0,0,236382.4,80,289459.92,59,4520.4,9
766235507,Gangnam,57,0,0,0,0,96420.906,145,141378.219,118,2087.742,19
766244902,Haeundae,47,0,0,0,0,0,0,152978,23,119679,18
766250505,Seocho,37,0,0,0,0,53416.22,26,139027.3,37,34703.3,11
766250953,Guro,38,0,0,0,0,82652.952,49,246049.802,64,262902.76,37
766278058,Gangnam,46,0,0,0,0,102077.346,150,131466.954,226,30826.39,65
766282661,Gangnam,49,0,0,0,0,200035.9,8,122884.69,110,54736.79,49
766290849,Bupyeong,32,0,0,0,0,607541.715,272,635700.989,238,-18134.913,55
766292744,Yongin,63,0,0,0,0,136024.7,105,288173.639,136,165883.5,19
766302689,Hanam,41,0,0,0,0,259256.705,106,147291,70,83727.6,17
766318196,Seongdong,32,0,0,0,0,158682.8,98,231412.26,87,2317.7,16
766319905,Yeongdeungpo,53,0,0,0,0,189468.33,53,432841.76,56,18408.7,23
766349799,Songpa,43,0,0,0,0,104234,27,120930,23,108229.1,21
766391631,Songpa,44,0,0,0,0,96481.369,132,174850.449,200,-16673.46,21
766392361,Junggu,35,0,0,0,0,166687,36,138657,32,1744,3
766451738,Gangnam,33,0,0,0,0,0,0,201436,71,56932.29,20
766563321,Songpa,35,0,0,0,0,26.2,3,119799,67,47239.464,72
766613872,Gwangjin,51,0,0,0,0,54087.08,40,123276.51,66,39938.38,26
766679569,Seocho,41,0,0,0,0,116257.044,97,162940.569,103,57439.29,50
766694855,Dongjak,31,0,0,0,0,6549.59,99,11539.75,152,4526.46,71
766713615,Yongsan,65,0,0,0,0,316541.54,110,273971,75,137930.85,53
766742266,Nam-gu,44,0,0,0,0,38446.934,58,127641.542,70,11441.8,26
766816944,Suwon,45,0,0,0,0,59211.9,23,130384.576,47,-4328.17,5
766834071,Hanam,37,0,0,0,0,380165.7,61,579578.327,108,206856.938,40
766873144,Seongdong,31,0,0,0,0,12825.22,41,145128.19,71,67756.2,67
766881439,Songpa,53,0,0,0,0,51667.648,74,135681.215,210,16756.822,115
766885123,Yeongdeungpo,54,0,0,0,0,27371.043,57,187975.962,165,147612.654,134
766920622,Gimpo,40,0,0,0,0,21175,7,120650,14,3600,1
766929731,Jongno,32,0,0,0,0,63571.8,32,146592.92,128,34413.4,31
766964351,Gangnam,46,0,0,0,0,156800.21,56,186260.2,70,124348.294,70
767014008,Buan,41,0,0,0,0,374984,18,630981.3,25,80494.67,15
767021811,Seongnam,55,0,0,0,0,210022.9,43,123144.708,22,85,1
767029545,Namyangju,52,0,0,0,0,1742592.719,80,1641810,49,60.63,1
767067507,Anseong,52,0,0,0,0,152.3,5,139960.3,35,738,8
767107905,Uijeongbu,26,0,0,0,0,21270.9,35,124235.6,31,33060,6
767121558,Bucheon,40,0,0,0,0,387.659,8,120966.88,96,98991.04,106
767132125,Songpa,32,0,0,0,0,965.1,12,138494.41,83,17902.245,27
767133418,Yongsan,45,0,0,0,0,81979,14,123361.1,68,3367.3,15
767151699,Yeongdeungpo,28,0,0,0,0,211930,21,278416,24,48627.656,15
767198771,Gangnam,39,0,0,0,0,0,0,132095.8,33,80603.8,24
767361747,Gimpo,43,0,0,0,0,5325.5,6,129747.01,77,13539.541,19
767371937,Gimpo,47,0,0,0,0,92442.72,33,263573.094,101,305137.903,71
767390946,Yongin,42,0,0,0,0,1014,2,150584.5,11,580,1
767454256,Yeongdeungpo,42,0,0,0,0,43280.29,38,121414.793,110,23680.648,49
767467242,Gangnam,24,0,0,0,0,20909.2,19,142451.57,111,44763.82,59
767478738,Yongin,43,0,0,0,0,134023.9,51,132462.2,51,63793.9,48
767503499,Hwaseong,33,0,0,0,0,92466.7,45,132416.3,32,15977.6,17
767514881,Yeonsu,41,0,0,0,0,8975.7,23,205540.43,90,93924.16,44
767534944,Gangnam,56,0,0,0,0,204119.63,88,168316.891,58,114163.56,38
767550151,Yongin,29,0,0,0,0,9923.364,27,130503.37,161,110159.697,117
767594947,Yongsan,41,0,0,0,0,78995.3,32,190850.214,95,1398.34,16
767596015,Yongsan,42,0,0,0,0,94663.1,39,135878.45,45,16397.54,18
767619219,Junggu,41,0,0,0,0,12558.4,29,124526,111,71205.55,76
767702716,Yongsan,37,0,0,0,0,2263.4,16,133750.009,185,86418.47,101
767710409,Seongnam,55,0,0,0,0,99112.6,24,164140.8,82,53648.46,37
767746982,Gangnam,56,0,0,0,0,45566.81,122,132823.07,150,70574.22,84
767761952,Gimpo,44,0,0,0,0,84228.1,19,131369.58,35,5749.3,12
767800771,Yongsan,50,0,0,0,0,7906.5,16,122698.771,50,4427.5,12
767848501,Gangnam,38,0,0,0,0,50211.64,37,186079.439,108,71794.22,67
767859148,Jongno,50,0,0,0,0,256000.5,4,142544.7,20,546,3
767884611,Gangnam,40,0,0,0,0,112841.85,47,225352.396,81,21642,10
767895171,Goyang,52,0,0,0,0,25741.296,28,154083.1,32,56220.85,67
767902421,Bupyeong,40,0,0,0,0,2899.4,25,171085.024,49,70.1,5
767918947,Dongdaemun,50,0,0,0,0,133180.32,22,129752.98,26,21585,9
767925178,Cheonan,53,0,0,0,0,45807.626,39,130475.38,68,74842.95,29
767943806,Seongbuk,39,0,0,0,0,43696.139,29,312931.169,202,144539.53,58
767970012,Goyang,40,0,0,0,0,312301.4,51,123112.766,80,21992.5,17
767972461,Gangnam,36,0,0,0,0,82032,18,126648.2,38,133576.8,18
768009801,Hwaseong,37,0,0,0,0,72440.44,33,132042.48,66,100249.729,44
768090524,Gwanak,64,0,0,0,0,179974.56,112,179987.7,67,0,0
768112279,Yongsan,47,0,0,0,0,9895.698,31,135946.21,68,21945.479,156
768154737,Gunpo,35,0,0,0,0,6256,3,160550.984,43,92293,31
768306506,Bucheon,30,0,0,0,0,29538.5,30,202827,17,0,0
768347621,Seongnam,44,0,0,0,0,61896.852,9,131713.62,53,76690.444,50
768350469,Gangnam,47,0,0,0,0,90.8,5,138773.63,7,101184.395,45
768350681,Yeonsu,23,0,0,0,0,101408.3,28,215612.2,67,1827.6,36
768364657,Gangnam,40,0,0,0,0,115817.68,28,126096.673,189,7479.152,60
768397343,Pyeongtaek,31,0,0,0,0,153943.47,40,241364.9,64,120883.4,35
768476645,Eunpyeong,41,0,0,0,0,69432.75,20,168743.459,57,124784.098,33
768573701,Yangcheon,60,0,0,0,0,36406.602,54,142230.927,203,24631.757,108
768585207,Haeundae,36,0,0,0,0,230474.4,26,151480.716,23,126404,21
768592475,Pyeongtaek,65,0,0,0,0,0,0,126556.1,4,71.332,1
768635654,Yangcheon,33,0,0,0,0,20363.5,28,152203.832,116,218975.4,95
768684118,Songpa,36,0,0,0,0,0,0,179074.939,184,25230.219,81
768748963,Yeonsu,36,0,0,0,0,29605.11,12,129675.4,28,63298.5,13
768789879,Suseong,74,0,0,0,0,2308.2,24,120414.96,116,117192.36,56
768800212,Seo-gu,31,0,0,0,0,352641.8,61,105376.031,121,1728.288,27
768806759,Gangnam,43,0,0,0,0,21393.5,8,137347.5,62,16598,9
768811883,Gangnam,45,0,0,0,0,60247.2,12,387747.08,144,321032.5,52
768821183,Gangnam,48,0,0,0,0,85709,10,134503.1,68,75959.21,23
768823261,Songpa,55,0,0,0,0,1391.54,5,208037.679,110,67382.68,49
768848474,Gangnam,36,0,0,0,0,9177.6,5,134752.774,42,19550.596,23
768855974,Gimpo,45,0,0,0,0,322,1,130970.428,44,113862.12,60
768866357,Songpa,38,0,0,0,0,3979.2,18,219268.3,38,28859.03,22
768906401,Gangnam,33,0,0,0,0,36253.5,11,204386.45,53,0,0
768916224,Gangnam,56,0,0,0,0,9778.25,19,240997.93,91,122242.141,38
768946205,Gwangmyeong,45,0,0,0,0,4498,6,125067.9,87,41189.481,55
768966128,Yeonsu,58,0,0,0,0,57390,5,152372.7,85,148975.1,42
768974228,Bucheon,32,0,0,0,0,0,0,120636,65,0,0
769002341,Seocho,53,0,0,0,0,17658.4,6,132656.854,73,5030.46,19
769004273,Gangnam,44,0,0,0,0,55102,23,131913.7,73,49932.05,15
769009421,Cheonan,59,0,0,0,0,14811,10,160697.51,118,106131.8,66
769016904,Seongbuk,39,0,0,0,0,72343.5,10,121897.132,73,8556.623,10
769050216,Yongsan,58,0,0,0,0,45000,1,135681.2,21,208479.84,24
769055291,Gangseo,39,0,0,0,0,11681.9,7,128490.51,54,140743.014,28
769075131,Gangnam,47,0,0,0,0,0,0,197479.206,84,28189.5,85
769134395,Gimpo,41,0,0,0,0,0,0,140490.58,46,17210,3
769165251,Seongdong,31,0,0,0,0,55,2,277770.89,113,162481.71,139
769193729,Songpa,37,0,0,0,0,0,0,169116.548,63,30839.906,66
769204733,Yongsan,53,0,0,0,0,0,0,260382.4,119,66708.8,33
769208337,Suseong,31,0,0,0,0,0,0,121370.11,31,647.09,31
769219011,Gangnam,49,0,0,0,0,0,0,149804.971,204,2549.408,36
769223768,Gwacheon,40,0,0,0,0,0,0,145567.789,69,42606.007,54
769224656,Mapo,43,0,0,0,0,0,0,156209.19,143,65536.486,85
769243022,Gangnam,35,0,0,0,0,0,0,131168.9,19,648,3
769256558,Gangnam,54,0,0,0,0,0,0,125730.13,103,0,0
769281943,Songpa,30,0,0,0,0,0,0,225785.44,68,12350,10
769284464,Gangnam,36,0,0,0,0,0,0,127575.763,125,67483.167,82
769309704,Suwon,34,0,0,0,0,0,0,259557.344,88,95478.52,27
769310674,Gangnam,37,0,0,0,0,0,0,190891.18,78,30110.25,70
769320535,Gangnam,31,0,0,0,0,0,0,169245.727,114,135376.23,65
769362211,Seo-gu,54,0,0,0,0,0,0,180891.3,32,28342.42,22
769370229,Gangnam,30,0,0,0,0,0,0,132694.314,48,34916.848,35
769375102,Gimpo,36,0,0,0,0,0,0,94268.237,42,81022.88,152
769384367,Gangbuk,42,0,0,0,0,0,0,151969.66,54,126491.407,39
769386522,Gangnam,54,0,0,0,0,0,0,99881.1,47,977.4,7
769392482,Yeonsu,36,0,0,0,0,0,0,127641.7,94,121343,67
769415814,Gangnam,38,0,0,0,0,0,0,128991.1,24,2092.728,30
769466086,Gwanak,50,0,0,0,0,0,0,127178.97,33,4525,16
769479423,Suwon,46,0,0,0,0,0,0,315273.59,145,135658.31,71
769480402,Haeundae,38,0,0,0,0,0,0,121029,14,0,0
769485602,Seongdong,37,0,0,0,0,0,0,150519.6,57,211820.748,91
769505085,Seongbuk,45,0,0,0,0,0,0,125806.8,96,4992,23
769517101,Guro,34,0,0,0,0,0,0,123741.368,108,112926.3,76
769522511,Seocho,36,0,0,0,0,0,0,180834.042,60,443.4,9
769550092,Anyang,48,0,0,0,0,0,0,128655.2,18,214792,17
769575447,Goyang,41,0,0,0,0,0,0,146283.11,58,92745.91,41
769611204,Suwon,37,0,0,0,0,0,0,191424.8,23,123774.37,32
769611953,Seo-gu,43,0,0,0,0,0,0,267217.48,37,151738.78,27
769617214,Jongno,54,0,0,0,0,0,0,480774.1,65,223162.869,31
769625775,Gangdong,37,0,0,0,0,0,0,124749.3,29,56647.1,31
769648981,Uiwang,48,0,0,0,0,0,0,119747.1,43,1592.9,6
769680173,Gangseo,48,0,0,0,0,0,0,327771.6,16,364,7
769695983,Suseong,46,0,0,0,0,0,0,134046.308,76,58850.84,59
769719421,Sokcho,48,0,0,0,0,0,0,124756.16,46,41,2
769730371,Gwangju,60,0,0,0,0,0,0,208015.904,15,100956,10
769743381,Bupyeong,43,0,0,0,0,0,0,131410.888,27,4177.399,21
769754081,Seocho,79,0,0,0,0,0,0,123426.628,67,31788.206,63
769760482,Gangnam,42,0,0,0,0,0,0,454817.038,122,264145.802,181
769791728,Gangnam,44,0,0,0,0,0,0,185588.3,51,7793.4,56
769797151,Seocho,38,0,0,0,0,0,0,128916.902,20,130128.5,3
769819545,Gangnam,31,0,0,0,0,0,0,101173.661,21,27,1
769831071,Seongdong,29,0,0,0,0,0,0,136368,55,101169.4,43
769838868,Gangnam,45,0,0,0,0,0,0,133253,30,11487.48,17
769875459,Songpa,53,0,0,0,0,0,0,120151.778,9,901,4
769916695,Songpa,30,0,0,0,0,0,0,356477.5,181,134302.21,128
769945853,Hanam,30,0,0,0,0,0,0,148738.923,33,2692.718,7
769951092,Songpa,56,0,0,0,0,0,0,418087.1,43,261627.1,22
770057041,Goyang,49,0,0,0,0,0,0,272609.79,80,1679.824,43
770080663,Gangseo,72,0,0,0,0,0,0,153775.6,10,28249.8,19
770091137,Seocho,44,0,0,0,0,0,0,233453.212,121,197936.674,119
770092902,Gangdong,46,0,0,0,0,0,0,39233.748,88,39761.506,82
770104692,Seongnam,62,0,0,0,0,0,0,168751.714,42,52272.5,17
770183845,Yongsan,47,0,0,0,0,0,0,132691.11,31,7762.951,14
770189571,Goyang,35,0,0,0,0,0,0,361780.7,29,41660,14
770218229,Jungnang,40,0,0,0,0,0,0,145682.2,114,12515,5
770233231,Gangseo,52,0,0,0,0,0,0,181690.832,36,4055.1,18
770251244,Gangnam,48,0,0,0,0,0,0,194219.912,52,8813.86,40
770257583,Gangnam,40,0,0,0,0,0,0,123532.47,114,28824.101,124
770268267,Pyeongtaek,59,0,0,0,0,0,0,126574.4,28,22161.5,6
770388292,Paju,61,0,0,0,0,0,0,132360.81,40,31645.26,36
770413561,Namyangju,41,0,0,0,0,0,0,308165.312,111,218205.1,72
770413771,Jongno,43,0,0,0,0,0,0,474909,6,174683.85,48
770416984,Dong-gu,56,0,0,0,0,0,0,265238.386,138,166050.97,123
770419884,Gangnam,43,0,0,0,0,0,0,178378.8,21,71173.2,14
770428597,Gangnam,52,0,0,0,0,0,0,180078.28,18,172032.24,37
770444941,Bucheon,41,0,0,0,0,0,0,222710,15,120894.2,36
770448319,Seongdong,50,0,0,0,0,0,0,96548.502,18,11937.9,12
770491615,Songpa,64,0,0,0,0,0,0,205886.3,7,237049.1,20
770502673,Seocho,38,0,0,0,0,0,0,179879.7,96,117521.98,68
770509181,Gangnam,37,0,0,0,0,0,0,122197.35,14,123587.6,22
770566148,Yongin,49,0,0,0,0,0,0,110594.3,44,59751.9,51
770583446,Gangnam,50,0,0,0,0,0,0,161302.351,34,121883.719,43
770679024,Songpa,24,0,0,0,0,0,0,152770.9,42,3399,27
770690942,Seongnam,52,0,0,0,0,0,0,187436.1,14,24421.15,23
770803348,Seocho,45,0,0,0,0,0,0,201476.57,179,85198.23,68
770851922,Gangnam,46,0,0,0,0,0,0,128776.226,75,30316.622,53
770872811,Gangnam,38,0,0,0,0,0,0,139000,4,4629,6
770931235,Yongsan,64,0,0,0,0,0,0,171078.2,12,12103.202,13
770970063,Guri,48,0,0,0,0,0,0,120309.8,20,1515.7,9
770975878,Yangcheon,29,0,0,0,0,0,0,134046,13,841.3,9
770996202,Seo-gu,40,0,0,0,0,0,0,128768.9,31,194773.6,13
771019611,Hanam,33,0,0,0,0,0,0,139487.202,144,12240.2,28
771028805,Hwaseong,47,0,0,0,0,0,0,128812.216,96,192169.6,101
771153701,Seocho,34,0,0,0,0,0,0,237316.594,48,66304.966,32
771192295,Suwon,38,0,0,0,0,0,0,137839.575,33,61492.4,15
771234861,Gangnam,37,0,0,0,0,0,0,140422.264,58,7098.9,24
771267441,Songpa,32,0,0,0,0,0,0,195540.36,24,502355.5,46
771293816,Gimhae,36,0,0,0,0,0,0,147759.4,18,13296.829,24
771305762,Seo-gu,33,0,0,0,0,0,0,246705.456,48,209836.56,53
771413241,Dongjak,32,0,0,0,0,0,0,123373.54,41,12638.55,41
771439629,Yuseong,44,0,0,0,0,0,0,183367.43,12,49809.26,14
771588565,Seo-gu,53,0,0,0,0,0,0,135204.151,56,30209.816,84
771591675,Bucheon,23,0,0,0,0,0,0,45006.3,38,141491.3,116
771591831,Gangnam,51,0,0,0,0,0,0,220482.215,28,29271.08,25
771594221,Yongsan,42,0,0,0,0,0,0,133399.9,14,45825.5,6
771660012,Gangnam,45,0,0,0,0,0,0,124740.288,73,29990.54,56
771856872,Gangnam,71,0,0,0,0,0,0,138710.55,18,31135,46
771970346,Gangnam,71,0,0,0,0,0,0,131450,14,102970,12
771974191,Seocho,48,0,0,0,0,0,0,162350.24,9,82176.5,11
772097574,Gwangjin,34,0,0,0,0,0,0,120154.27,24,122633.66,29
772099125,Seocho,36,0,0,0,0,0,0,138510.8,20,51629.46,35
772152291,Yeongdeungpo,39,0,0,0,0,0,0,139633.12,38,39249.4,26
772186568,Yongsan,41,0,0,0,0,0,0,121373.6,17,142818.2,32
772281728,Gangbuk,75,0,0,0,0,0,0,120090,7,100510,2
772291617,Seongnam,36,0,0,0,0,0,0,127600,2,1205.5,4
772342731,Seongdong,31,0,0,0,0,0,0,129447.1,24,16730.5,24
772491531,Buk-gu,64,0,0,0,0,0,0,124980,7,0,0
772653388,Gangnam,61,0,0,0,0,0,0,120900,6,100540,5
772680822,Yeongdo,58,0,0,0,0,0,0,149774.4,22,193600,13