region_nm,region_id,partition_date,hour_part,min_part,real_timeline,call_ov_LV
盔林,6363,2025.4.9,17,17:23:00,2025-04-09T17:23:00+09:00,4
盔林,6363,2025.4.9,22,22:03:00,2025-04-09T22:03:00+09:00,4
盔林,6363,2025.4.9,14,14:58:00,2025-04-09T14:58:00+09:00,1
盔林,6363,2025.4.9,18,18:15:00,2025-04-09T18:15:00+09:00,6
盔林,6363,2025.4.9,13,13:38:00,2025-04-09T13:38:00+09:00,1
盔林,6363,2025.4.9,10,10:58:00,2025-04-09T10:58:00+09:00,2
盔林,6363,2025.4.9,20,20:11:00,2025-04-09T20:11:00+09:00,3
盔林,6363,2025.4.9,07,7:17:00,2025-04-09T07:17:00+09:00,4
盔林,6363,2025.4.9,15,15:36:00,2025-04-09T15:36:00+09:00,1
盔林,6363,2025.4.9,13,13:07:00,2025-04-09T13:07:00+09:00,2
盔林,6363,2025.4.9,09,9:14:00,2025-04-09T09:14:00+09:00,1
盔林,6363,2025.4.9,26,2:36:00,2025-04-10T02:36:00+09:00,3
盔林,6363,2025.4.9,23,23:52:00,2025-04-09T23:52:00+09:00,3
盔林,6363,2025.4.9,14,14:10:00,2025-04-09T14:10:00+09:00,1
盔林,6363,2025.4.9,19,19:33:00,2025-04-09T19:33:00+09:00,5
盔林,6363,2025.4.9,09,9:03:00,2025-04-09T09:03:00+09:00,2
盔林,6363,2025.4.9,17,17:20:00,2025-04-09T17:20:00+09:00,3
盔林,6363,2025.4.9,07,7:20:00,2025-04-09T07:20:00+09:00,1
盔林,6363,2025.4.9,12,12:26:00,2025-04-09T12:26:00+09:00,1
盔林,6363,2025.4.9,08,8:23:00,2025-04-09T08:23:00+09:00,3
盔林,6363,2025.4.9,14,14:45:00,2025-04-09T14:45:00+09:00,1
盔林,6363,2025.4.9,09,9:24:00,2025-04-09T09:24:00+09:00,1
盔林,6363,2025.4.9,18,18:33:00,2025-04-09T18:33:00+09:00,6
盔林,6363,2025.4.9,19,19:24:00,2025-04-09T19:24:00+09:00,6
盔林,6363,2025.4.9,15,15:41:00,2025-04-09T15:41:00+09:00,1
盔林,6363,2025.4.9,07,7:40:00,2025-04-09T07:40:00+09:00,1
盔林,6363,2025.4.9,18,18:58:00,2025-04-09T18:58:00+09:00,5
盔林,6363,2025.4.9,19,19:04:00,2025-04-09T19:04:00+09:00,5
盔林,6363,2025.4.9,24,0:39:00,2025-04-10T00:39:00+09:00,3
盔林,6363,2025.4.9,07,7:38:00,2025-04-09T07:38:00+09:00,1
盔林,6363,2025.4.9,22,22:34:00,2025-04-09T22:34:00+09:00,3
盔林,6363,2025.4.9,15,15:23:00,2025-04-09T15:23:00+09:00,1
盔林,6363,2025.4.9,04,4:00:00,2025-04-09T04:00:00+09:00,1
盔林,6363,2025.4.9,21,21:30:00,2025-04-09T21:30:00+09:00,3
盔林,6363,2025.4.9,17,17:12:00,2025-04-09T17:12:00+09:00,3
盔林,6363,2025.4.9,06,6:29:00,2025-04-09T06:29:00+09:00,6
盔林,6363,2025.4.9,15,15:48:00,2025-04-09T15:48:00+09:00,2
盔林,6363,2025.4.9,21,21:21:00,2025-04-09T21:21:00+09:00,3
盔林,6363,2025.4.9,27,3:47:00,2025-04-10T03:47:00+09:00,1
盔林,6363,2025.4.9,13,13:35:00,2025-04-09T13:35:00+09:00,1
盔林,6363,2025.4.9,09,9:59:00,2025-04-09T09:59:00+09:00,1
盔林,6363,2025.4.9,04,4:39:00,2025-04-09T04:39:00+09:00,1
盔林,6363,2025.4.9,24,0:04:00,2025-04-10T00:04:00+09:00,1
盔林,6363,2025.4.9,06,6:55:00,2025-04-09T06:55:00+09:00,1
盔林,6363,2025.4.9,13,13:14:00,2025-04-09T13:14:00+09:00,2
盔林,6363,2025.4.9,20,20:04:00,2025-04-09T20:04:00+09:00,3
盔林,6363,2025.4.9,25,1:13:00,2025-04-10T01:13:00+09:00,3
盔林,6363,2025.4.9,09,9:27:00,2025-04-09T09:27:00+09:00,1
盔林,6363,2025.4.9,10,10:26:00,2025-04-09T10:26:00+09:00,1
盔林,6363,2025.4.9,10,10:45:00,2025-04-09T10:45:00+09:00,2
盔林,6363,2025.4.9,07,7:11:00,2025-04-09T07:11:00+09:00,7
盔林,6363,2025.4.9,06,6:39:00,2025-04-09T06:39:00+09:00,7
盔林,6363,2025.4.9,16,16:39:00,2025-04-09T16:39:00+09:00,2
盔林,6363,2025.4.9,14,14:35:00,2025-04-09T14:35:00+09:00,1
盔林,6363,2025.4.9,05,5:01:00,2025-04-09T05:01:00+09:00,1
盔林,6363,2025.4.9,22,22:33:00,2025-04-09T22:33:00+09:00,3
盔林,6363,2025.4.9,19,19:26:00,2025-04-09T19:26:00+09:00,5
盔林,6363,2025.4.9,12,12:00:00,2025-04-09T12:00:00+09:00,1
盔林,6363,2025.4.9,26,2:03:00,2025-04-10T02:03:00+09:00,2
盔林,6363,2025.4.9,24,0:49:00,2025-04-10T00:49:00+09:00,4
盔林,6363,2025.4.9,19,19:16:00,2025-04-09T19:16:00+09:00,5
盔林,6363,2025.4.9,09,9:17:00,2025-04-09T09:17:00+09:00,2
盔林,6363,2025.4.9,08,8:15:00,2025-04-09T08:15:00+09:00,4
盔林,6363,2025.4.9,07,7:50:00,2025-04-09T07:50:00+09:00,2
盔林,6363,2025.4.9,08,8:31:00,2025-04-09T08:31:00+09:00,2
盔林,6363,2025.4.9,04,4:21:00,2025-04-09T04:21:00+09:00,1
盔林,6363,2025.4.9,18,18:56:00,2025-04-09T18:56:00+09:00,5
盔林,6363,2025.4.9,25,1:12:00,2025-04-10T01:12:00+09:00,3
盔林,6363,2025.4.9,08,8:48:00,2025-04-09T08:48:00+09:00,5
盔林,6363,2025.4.9,25,1:16:00,2025-04-10T01:16:00+09:00,4
盔林,6363,2025.4.9,09,9:29:00,2025-04-09T09:29:00+09:00,1
盔林,6363,2025.4.9,06,6:53:00,2025-04-09T06:53:00+09:00,1
盔林,6363,2025.4.9,08,8:43:00,2025-04-09T08:43:00+09:00,2
盔林,6363,2025.4.9,25,1:06:00,2025-04-10T01:06:00+09:00,3
盔林,6363,2025.4.9,11,11:25:00,2025-04-09T11:25:00+09:00,4
盔林,6363,2025.4.9,21,21:02:00,2025-04-09T21:02:00+09:00,2
盔林,6363,2025.4.9,18,18:16:00,2025-04-09T18:16:00+09:00,6
盔林,6363,2025.4.9,06,6:33:00,2025-04-09T06:33:00+09:00,5
盔林,6363,2025.4.9,18,18:37:00,2025-04-09T18:37:00+09:00,6
盔林,6363,2025.4.9,05,5:13:00,2025-04-09T05:13:00+09:00,1
盔林,6363,2025.4.9,13,13:32:00,2025-04-09T13:32:00+09:00,1
盔林,6363,2025.4.9,27,3:46:00,2025-04-10T03:46:00+09:00,1
盔林,6363,2025.4.9,24,0:51:00,2025-04-10T00:51:00+09:00,4
盔林,6363,2025.4.9,13,13:55:00,2025-04-09T13:55:00+09:00,1
盔林,6363,2025.4.9,13,13:24:00,2025-04-09T13:24:00+09:00,1
盔林,6363,2025.4.9,04,4:38:00,2025-04-09T04:38:00+09:00,1
盔林,6363,2025.4.9,18,18:49:00,2025-04-09T18:49:00+09:00,6
盔林,6363,2025.4.9,17,17:02:00,2025-04-09T17:02:00+09:00,3
盔林,6363,2025.4.9,22,22:01:00,2025-04-09T22:01:00+09:00,4
盔林,6363,2025.4.9,09,9:56:00,2025-04-09T09:56:00+09:00,2
盔林,6363,2025.4.9,13,13:39:00,2025-04-09T13:39:00+09:00,1
盔林,6363,2025.4.9,26,2:02:00,2025-04-10T02:02:00+09:00,3
盔林,6363,2025.4.9,26,2:51:00,2025-04-10T02:51:00+09:00,4
盔林,6363,2025.4.9,10,10:25:00,2025-04-09T10:25:00+09:00,2
盔林,6363,2025.4.9,08,8:27:00,2025-04-09T08:27:00+09:00,3
盔林,6363,2025.4.9,14,14:22:00,2025-04-09T14:22:00+09:00,1
盔林,6363,2025.4.9,06,6:09:00,2025-04-09T06:09:00+09:00,5
盔林,6363,2025.4.9,04,4:18:00,2025-04-09T04:18:00+09:00,1
盔林,6363,2025.4.9,09,9:11:00,2025-04-09T09:11:00+09:00,3
盔林,6363,2025.4.9,22,22:10:00,2025-04-09T22:10:00+09:00,3
盔林,6363,2025.4.9,10,10:29:00,2025-04-09T10:29:00+09:00,1
盔林,6363,2025.4.9,04,4:28:00,2025-04-09T04:28:00+09:00,1
盔林,6363,2025.4.9,19,19:30:00,2025-04-09T19:30:00+09:00,4
盔林,6363,2025.4.9,13,13:42:00,2025-04-09T13:42:00+09:00,1
盔林,6363,2025.4.9,25,1:03:00,2025-04-10T01:03:00+09:00,3
盔林,6363,2025.4.9,11,11:22:00,2025-04-09T11:22:00+09:00,4
盔林,6363,2025.4.9,11,11:18:00,2025-04-09T11:18:00+09:00,4
盔林,6363,2025.4.9,11,11:58:00,2025-04-09T11:58:00+09:00,1
盔林,6363,2025.4.9,24,0:13:00,2025-04-10T00:13:00+09:00,1
盔林,6363,2025.4.9,18,18:11:00,2025-04-09T18:11:00+09:00,6
盔林,6363,2025.4.9,18,18:38:00,2025-04-09T18:38:00+09:00,6
盔林,6363,2025.4.9,18,18:51:00,2025-04-09T18:51:00+09:00,7
盔林,6363,2025.4.9,18,18:52:00,2025-04-09T18:52:00+09:00,6
盔林,6363,2025.4.9,07,7:19:00,2025-04-09T07:19:00+09:00,3
盔林,6363,2025.4.9,13,13:03:00,2025-04-09T13:03:00+09:00,2
盔林,6363,2025.4.9,14,14:05:00,2025-04-09T14:05:00+09:00,1
盔林,6363,2025.4.9,08,8:30:00,2025-04-09T08:30:00+09:00,2
盔林,6363,2025.4.9,11,11:01:00,2025-04-09T11:01:00+09:00,2
盔林,6363,2025.4.9,11,11:43:00,2025-04-09T11:43:00+09:00,2
盔林,6363,2025.4.9,26,2:11:00,2025-04-10T02:11:00+09:00,4
盔林,6363,2025.4.9,25,1:10:00,2025-04-10T01:10:00+09:00,3
盔林,6363,2025.4.9,05,5:24:00,2025-04-09T05:24:00+09:00,1
盔林,6363,2025.4.9,04,4:56:00,2025-04-09T04:56:00+09:00,1
盔林,6363,2025.4.9,22,22:24:00,2025-04-09T22:24:00+09:00,3
盔林,6363,2025.4.9,27,3:30:00,2025-04-10T03:30:00+09:00,1
盔林,6363,2025.4.9,16,16:54:00,2025-04-09T16:54:00+09:00,2
盔林,6363,2025.4.9,12,12:04:00,2025-04-09T12:04:00+09:00,2
盔林,6363,2025.4.9,11,11:59:00,2025-04-09T11:59:00+09:00,1
盔林,6363,2025.4.9,18,18:30:00,2025-04-09T18:30:00+09:00,6
盔林,6363,2025.4.9,06,6:25:00,2025-04-09T06:25:00+09:00,5
盔林,6363,2025.4.9,12,12:56:00,2025-04-09T12:56:00+09:00,1
盔林,6363,2025.4.9,27,3:28:00,2025-04-10T03:28:00+09:00,1
盔林,6363,2025.4.9,04,4:41:00,2025-04-09T04:41:00+09:00,1
盔林,6363,2025.4.9,05,5:31:00,2025-04-09T05:31:00+09:00,1
盔林,6363,2025.4.9,08,8:06:00,2025-04-09T08:06:00+09:00,3
盔林,6363,2025.4.9,17,17:17:00,2025-04-09T17:17:00+09:00,2
盔林,6363,2025.4.9,21,21:55:00,2025-04-09T21:55:00+09:00,4
盔林,6363,2025.4.9,27,3:11:00,2025-04-10T03:11:00+09:00,1
盔林,6363,2025.4.9,11,11:30:00,2025-04-09T11:30:00+09:00,3
盔林,6363,2025.4.9,09,9:20:00,2025-04-09T09:20:00+09:00,2
盔林,6363,2025.4.9,09,9:46:00,2025-04-09T09:46:00+09:00,2
盔林,6363,2025.4.9,22,22:53:00,2025-04-09T22:53:00+09:00,3
盔林,6363,2025.4.9,19,19:02:00,2025-04-09T19:02:00+09:00,5
盔林,6363,2025.4.9,11,11:04:00,2025-04-09T11:04:00+09:00,2
盔林,6363,2025.4.9,18,18:24:00,2025-04-09T18:24:00+09:00,6
盔林,6363,2025.4.9,12,12:23:00,2025-04-09T12:23:00+09:00,2
盔林,6363,2025.4.9,11,11:08:00,2025-04-09T11:08:00+09:00,3
盔林,6363,2025.4.9,09,9:30:00,2025-04-09T09:30:00+09:00,1
盔林,6363,2025.4.9,07,7:30:00,2025-04-09T07:30:00+09:00,1
盔林,6363,2025.4.9,22,22:02:00,2025-04-09T22:02:00+09:00,4
盔林,6363,2025.4.9,27,3:54:00,2025-04-10T03:54:00+09:00,1
盔林,6363,2025.4.9,25,1:44:00,2025-04-10T01:44:00+09:00,2
盔林,6363,2025.4.9,06,6:51:00,2025-04-09T06:51:00+09:00,1
盔林,6363,2025.4.9,24,0:32:00,2025-04-10T00:32:00+09:00,3
盔林,6363,2025.4.9,14,14:21:00,2025-04-09T14:21:00+09:00,1
盔林,6363,2025.4.9,25,1:39:00,2025-04-10T01:39:00+09:00,3
盔林,6363,2025.4.9,19,19:22:00,2025-04-09T19:22:00+09:00,6
盔林,6363,2025.4.9,23,23:17:00,2025-04-09T23:17:00+09:00,4
盔林,6363,2025.4.9,24,0:09:00,2025-04-10T00:09:00+09:00,1
盔林,6363,2025.4.9,12,12:28:00,2025-04-09T12:28:00+09:00,1
盔林,6363,2025.4.9,07,7:47:00,2025-04-09T07:47:00+09:00,1
盔林,6363,2025.4.9,13,13:50:00,2025-04-09T13:50:00+09:00,1
盔林,6363,2025.4.9,09,9:10:00,2025-04-09T09:10:00+09:00,4
盔林,6363,2025.4.9,16,16:02:00,2025-04-09T16:02:00+09:00,1
盔林,6363,2025.4.9,08,8:52:00,2025-04-09T08:52:00+09:00,6
盔林,6363,2025.4.9,11,11:03:00,2025-04-09T11:03:00+09:00,2
盔林,6363,2025.4.9,25,1:22:00,2025-04-10T01:22:00+09:00,5
盔林,6363,2025.4.9,22,22:41:00,2025-04-09T22:41:00+09:00,4
盔林,6363,2025.4.9,17,17:50:00,2025-04-09T17:50:00+09:00,5
盔林,6363,2025.4.9,05,5:37:00,2025-04-09T05:37:00+09:00,1
盔林,6363,2025.4.9,12,12:58:00,2025-04-09T12:58:00+09:00,1
盔林,6363,2025.4.9,14,14:25:00,2025-04-09T14:25:00+09:00,1
盔林,6363,2025.4.9,22,22:38:00,2025-04-09T22:38:00+09:00,4
盔林,6363,2025.4.9,22,22:50:00,2025-04-09T22:50:00+09:00,3
盔林,6363,2025.4.9,14,14:37:00,2025-04-09T14:37:00+09:00,1
盔林,6363,2025.4.9,20,20:13:00,2025-04-09T20:13:00+09:00,3
盔林,6363,2025.4.9,25,1:50:00,2025-04-10T01:50:00+09:00,3
盔林,6363,2025.4.9,21,21:43:00,2025-04-09T21:43:00+09:00,3
盔林,6363,2025.4.9,10,10:36:00,2025-04-09T10:36:00+09:00,1
盔林,6363,2025.4.9,26,2:10:00,2025-04-10T02:10:00+09:00,3
盔林,6363,2025.4.9,09,9:53:00,2025-04-09T09:53:00+09:00,1
盔林,6363,2025.4.9,09,9:54:00,2025-04-09T09:54:00+09:00,2
盔林,6363,2025.4.9,16,16:30:00,2025-04-09T16:30:00+09:00,2
盔林,6363,2025.4.9,25,1:17:00,2025-04-10T01:17:00+09:00,4
盔林,6363,2025.4.9,05,5:56:00,2025-04-09T05:56:00+09:00,1
盔林,6363,2025.4.9,25,1:05:00,2025-04-10T01:05:00+09:00,3
盔林,6363,2025.4.9,25,1:18:00,2025-04-10T01:18:00+09:00,3
盔林,6363,2025.4.9,15,15:56:00,2025-04-09T15:56:00+09:00,2
盔林,6363,2025.4.9,16,16:18:00,2025-04-09T16:18:00+09:00,1
盔林,6363,2025.4.9,19,19:09:00,2025-04-09T19:09:00+09:00,5
盔林,6363,2025.4.9,26,2:50:00,2025-04-10T02:50:00+09:00,3
盔林,6363,2025.4.9,07,7:35:00,2025-04-09T07:35:00+09:00,1
盔林,6363,2025.4.9,05,5:41:00,2025-04-09T05:41:00+09:00,1
盔林,6363,2025.4.9,23,23:39:00,2025-04-09T23:39:00+09:00,3
盔林,6363,2025.4.9,26,2:20:00,2025-04-10T02:20:00+09:00,3
盔林,6363,2025.4.9,25,1:35:00,2025-04-10T01:35:00+09:00,2
盔林,6363,2025.4.9,15,15:35:00,2025-04-09T15:35:00+09:00,1
盔林,6363,2025.4.9,22,22:47:00,2025-04-09T22:47:00+09:00,4
盔林,6363,2025.4.9,13,13:54:00,2025-04-09T13:54:00+09:00,1
盔林,6363,2025.4.9,13,13:11:00,2025-04-09T13:11:00+09:00,1
盔林,6363,2025.4.9,14,14:11:00,2025-04-09T14:11:00+09:00,1
盔林,6363,2025.4.9,23,23:01:00,2025-04-09T23:01:00+09:00,3
盔林,6363,2025.4.9,15,15:42:00,2025-04-09T15:42:00+09:00,2
盔林,6363,2025.4.9,04,4:14:00,2025-04-09T04:14:00+09:00,1
盔林,6363,2025.4.9,13,13:21:00,2025-04-09T13:21:00+09:00,1
盔林,6363,2025.4.9,21,21:44:00,2025-04-09T21:44:00+09:00,3
盔林,6363,2025.4.9,16,16:07:00,2025-04-09T16:07:00+09:00,2
盔林,6363,2025.4.9,15,15:05:00,2025-04-09T15:05:00+09:00,1
盔林,6363,2025.4.9,24,0:24:00,2025-04-10T00:24:00+09:00,4
盔林,6363,2025.4.9,07,7:51:00,2025-04-09T07:51:00+09:00,3
盔林,6363,2025.4.9,14,14:06:00,2025-04-09T14:06:00+09:00,1
盔林,6363,2025.4.9,11,11:12:00,2025-04-09T11:12:00+09:00,3
盔林,6363,2025.4.9,24,0:37:00,2025-04-10T00:37:00+09:00,3
盔林,6363,2025.4.9,21,21:28:00,2025-04-09T21:28:00+09:00,3
盔林,6363,2025.4.9,25,1:54:00,2025-04-10T01:54:00+09:00,5
盔林,6363,2025.4.9,04,4:55:00,2025-04-09T04:55:00+09:00,1
盔林,6363,2025.4.9,05,5:55:00,2025-04-09T05:55:00+09:00,1
盔林,6363,2025.4.9,04,4:53:00,2025-04-09T04:53:00+09:00,1
盔林,6363,2025.4.9,23,23:30:00,2025-04-09T23:30:00+09:00,3
盔林,6363,2025.4.9,06,6:28:00,2025-04-09T06:28:00+09:00,6
盔林,6363,2025.4.9,18,18:54:00,2025-04-09T18:54:00+09:00,6
盔林,6363,2025.4.9,05,5:51:00,2025-04-09T05:51:00+09:00,1
盔林,6363,2025.4.9,18,18:27:00,2025-04-09T18:27:00+09:00,6
盔林,6363,2025.4.9,15,15:29:00,2025-04-09T15:29:00+09:00,1
盔林,6363,2025.4.9,25,1:47:00,2025-04-10T01:47:00+09:00,4
盔林,6363,2025.4.9,25,1:42:00,2025-04-10T01:42:00+09:00,3
盔林,6363,2025.4.9,24,0:03:00,2025-04-10T00:03:00+09:00,1
盔林,6363,2025.4.9,16,16:06:00,2025-04-09T16:06:00+09:00,2
盔林,6363,2025.4.9,26,2:34:00,2025-04-10T02:34:00+09:00,4
盔林,6363,2025.4.9,10,10:15:00,2025-04-09T10:15:00+09:00,2
盔林,6363,2025.4.9,22,22:18:00,2025-04-09T22:18:00+09:00,2
盔林,6363,2025.4.9,13,13:37:00,2025-04-09T13:37:00+09:00,1
盔林,6363,2025.4.9,08,8:04:00,2025-04-09T08:04:00+09:00,2
盔林,6363,2025.4.9,26,2:21:00,2025-04-10T02:21:00+09:00,3
盔林,6363,2025.4.9,07,7:03:00,2025-04-09T07:03:00+09:00,6
盔林,6363,2025.4.9,27,3:59:00,2025-04-10T03:59:00+09:00,1
盔林,6363,2025.4.9,13,13:10:00,2025-04-09T13:10:00+09:00,2
盔林,6363,2025.4.9,26,2:56:00,2025-04-10T02:56:00+09:00,1
盔林,6363,2025.4.9,23,23:25:00,2025-04-09T23:25:00+09:00,3
盔林,6363,2025.4.9,12,12:19:00,2025-04-09T12:19:00+09:00,2
盔林,6363,2025.4.9,20,20:55:00,2025-04-09T20:55:00+09:00,2
盔林,6363,2025.4.9,14,14:03:00,2025-04-09T14:03:00+09:00,1
盔林,6363,2025.4.9,09,9:35:00,2025-04-09T09:35:00+09:00,2
盔林,6363,2025.4.9,25,1:09:00,2025-04-10T01:09:00+09:00,3
盔林,6363,2025.4.9,17,17:06:00,2025-04-09T17:06:00+09:00,4
盔林,6363,2025.4.9,20,20:34:00,2025-04-09T20:34:00+09:00,3
盔林,6363,2025.4.9,21,21:14:00,2025-04-09T21:14:00+09:00,3
盔林,6363,2025.4.9,16,16:14:00,2025-04-09T16:14:00+09:00,2
盔林,6363,2025.4.9,18,18:44:00,2025-04-09T18:44:00+09:00,6
盔林,6363,2025.4.9,04,4:23:00,2025-04-09T04:23:00+09:00,1
盔林,6363,2025.4.9,13,13:02:00,2025-04-09T13:02:00+09:00,2
盔林,6363,2025.4.9,16,16:43:00,2025-04-09T16:43:00+09:00,4
盔林,6363,2025.4.9,06,6:01:00,2025-04-09T06:01:00+09:00,1
盔林,6363,2025.4.9,26,2:42:00,2025-04-10T02:42:00+09:00,3
盔林,6363,2025.4.9,18,18:10:00,2025-04-09T18:10:00+09:00,6
盔林,6363,2025.4.9,27,3:31:00,2025-04-10T03:31:00+09:00,1
盔林,6363,2025.4.9,04,4:01:00,2025-04-09T04:01:00+09:00,1
盔林,6363,2025.4.9,21,21:24:00,2025-04-09T21:24:00+09:00,3
盔林,6363,2025.4.9,20,20:20:00,2025-04-09T20:20:00+09:00,4
盔林,6363,2025.4.9,13,13:45:00,2025-04-09T13:45:00+09:00,2
盔林,6363,2025.4.9,19,19:25:00,2025-04-09T19:25:00+09:00,6
盔林,6363,2025.4.9,12,12:47:00,2025-04-09T12:47:00+09:00,1
盔林,6363,2025.4.9,04,4:46:00,2025-04-09T04:46:00+09:00,1
盔林,6363,2025.4.9,23,23:29:00,2025-04-09T23:29:00+09:00,3
盔林,6363,2025.4.9,26,2:33:00,2025-04-10T02:33:00+09:00,3
盔林,6363,2025.4.9,06,6:03:00,2025-04-09T06:03:00+09:00,3
盔林,6363,2025.4.9,20,20:02:00,2025-04-09T20:02:00+09:00,4
盔林,6363,2025.4.9,25,1:37:00,2025-04-10T01:37:00+09:00,3
盔林,6363,2025.4.9,20,20:47:00,2025-04-09T20:47:00+09:00,3
盔林,6363,2025.4.9,21,21:54:00,2025-04-09T21:54:00+09:00,4
盔林,6363,2025.4.9,08,8:47:00,2025-04-09T08:47:00+09:00,5
盔林,6363,2025.4.9,12,12:36:00,2025-04-09T12:36:00+09:00,1
盔林,6363,2025.4.9,23,23:44:00,2025-04-09T23:44:00+09:00,2
盔林,6363,2025.4.9,17,17:29:00,2025-04-09T17:29:00+09:00,5
盔林,6363,2025.4.9,06,6:30:00,2025-04-09T06:30:00+09:00,6
盔林,6363,2025.4.9,25,1:23:00,2025-04-10T01:23:00+09:00,6
盔林,6363,2025.4.9,25,1:32:00,2025-04-10T01:32:00+09:00,3
盔林,6363,2025.4.9,09,9:52:00,2025-04-09T09:52:00+09:00,1
盔林,6363,2025.4.9,20,20:48:00,2025-04-09T20:48:00+09:00,3
盔林,6363,2025.4.9,09,9:04:00,2025-04-09T09:04:00+09:00,2
盔林,6363,2025.4.9,25,1:33:00,2025-04-10T01:33:00+09:00,2
盔林,6363,2025.4.9,20,20:28:00,2025-04-09T20:28:00+09:00,4
盔林,6363,2025.4.9,27,3:17:00,2025-04-10T03:17:00+09:00,1
盔林,6363,2025.4.9,17,17:19:00,2025-04-09T17:19:00+09:00,3
盔林,6363,2025.4.9,08,8:59:00,2025-04-09T08:59:00+09:00,1
盔林,6363,2025.4.9,15,15:51:00,2025-04-09T15:51:00+09:00,2
盔林,6363,2025.4.9,11,11:17:00,2025-04-09T11:17:00+09:00,3
盔林,6363,2025.4.9,05,5:03:00,2025-04-09T05:03:00+09:00,1
盔林,6363,2025.4.9,23,23:48:00,2025-04-09T23:48:00+09:00,3
盔林,6363,2025.4.9,15,15:33:00,2025-04-09T15:33:00+09:00,1
盔林,6363,2025.4.9,07,7:14:00,2025-04-09T07:14:00+09:00,5
盔林,6363,2025.4.9,09,9:41:00,2025-04-09T09:41:00+09:00,2
盔林,6363,2025.4.9,09,9:18:00,2025-04-09T09:18:00+09:00,2
盔林,6363,2025.4.9,04,4:57:00,2025-04-09T04:57:00+09:00,1
盔林,6363,2025.4.9,15,15:11:00,2025-04-09T15:11:00+09:00,1
盔林,6363,2025.4.9,07,7:39:00,2025-04-09T07:39:00+09:00,1
盔林,6363,2025.4.9,04,4:02:00,2025-04-09T04:02:00+09:00,1
盔林,6363,2025.4.9,22,22:43:00,2025-04-09T22:43:00+09:00,5
盔林,6363,2025.4.9,16,16:12:00,2025-04-09T16:12:00+09:00,2
盔林,6363,2025.4.9,26,2:23:00,2025-04-10T02:23:00+09:00,4
盔林,6363,2025.4.9,16,16:55:00,2025-04-09T16:55:00+09:00,2
盔林,6363,2025.4.9,14,14:40:00,2025-04-09T14:40:00+09:00,1
盔林,6363,2025.4.9,23,23:15:00,2025-04-09T23:15:00+09:00,4
盔林,6363,2025.4.9,24,0:58:00,2025-04-10T00:58:00+09:00,4
盔林,6363,2025.4.9,22,22:21:00,2025-04-09T22:21:00+09:00,2
盔林,6363,2025.4.9,22,22:16:00,2025-04-09T22:16:00+09:00,2
盔林,6363,2025.4.9,21,21:06:00,2025-04-09T21:06:00+09:00,1
盔林,6363,2025.4.9,11,11:10:00,2025-04-09T11:10:00+09:00,3
盔林,6363,2025.4.9,08,8:14:00,2025-04-09T08:14:00+09:00,4
盔林,6363,2025.4.9,09,9:34:00,2025-04-09T09:34:00+09:00,2
盔林,6363,2025.4.9,27,3:20:00,2025-04-10T03:20:00+09:00,1
盔林,6363,2025.4.9,23,23:11:00,2025-04-09T23:11:00+09:00,3
盔林,6363,2025.4.9,09,9:06:00,2025-04-09T09:06:00+09:00,3
盔林,6363,2025.4.9,06,6:04:00,2025-04-09T06:04:00+09:00,3
盔林,6363,2025.4.9,13,13:23:00,2025-04-09T13:23:00+09:00,1
盔林,6363,2025.4.9,17,17:01:00,2025-04-09T17:01:00+09:00,3
盔林,6363,2025.4.9,09,9:32:00,2025-04-09T09:32:00+09:00,2
盔林,6363,2025.4.9,16,16:44:00,2025-04-09T16:44:00+09:00,4
盔林,6363,2025.4.9,05,5:42:00,2025-04-09T05:42:00+09:00,1
盔林,6363,2025.4.9,21,21:50:00,2025-04-09T21:50:00+09:00,3
盔林,6363,2025.4.9,13,13:12:00,2025-04-09T13:12:00+09:00,1
盔林,6363,2025.4.9,19,19:55:00,2025-04-09T19:55:00+09:00,3
盔林,6363,2025.4.9,06,6:58:00,2025-04-09T06:58:00+09:00,1
盔林,6363,2025.4.9,04,4:19:00,2025-04-09T04:19:00+09:00,1
盔林,6363,2025.4.9,18,18:41:00,2025-04-09T18:41:00+09:00,6
盔林,6363,2025.4.9,25,1:49:00,2025-04-10T01:49:00+09:00,4
盔林,6363,2025.4.9,26,2:44:00,2025-04-10T02:44:00+09:00,3
盔林,6363,2025.4.9,27,3:13:00,2025-04-10T03:13:00+09:00,1
盔林,6363,2025.4.9,26,2:04:00,2025-04-10T02:04:00+09:00,2
盔林,6363,2025.4.9,26,2:38:00,2025-04-10T02:38:00+09:00,4
盔林,6363,2025.4.9,09,9:23:00,2025-04-09T09:23:00+09:00,1
盔林,6363,2025.4.9,25,1:01:00,2025-04-10T01:01:00+09:00,3
盔林,6363,2025.4.9,25,1:02:00,2025-04-10T01:02:00+09:00,3
盔林,6363,2025.4.9,06,6:42:00,2025-04-09T06:42:00+09:00,6
盔林,6363,2025.4.9,14,14:27:00,2025-04-09T14:27:00+09:00,1
盔林,6363,2025.4.9,26,2:59:00,2025-04-10T02:59:00+09:00,2
盔林,6363,2025.4.9,08,8:16:00,2025-04-09T08:16:00+09:00,3
盔林,6363,2025.4.9,24,0:23:00,2025-04-10T00:23:00+09:00,4
盔林,6363,2025.4.9,12,12:54:00,2025-04-09T12:54:00+09:00,1
盔林,6363,2025.4.9,22,22:13:00,2025-04-09T22:13:00+09:00,2
盔林,6363,2025.4.9,07,7:41:00,2025-04-09T07:41:00+09:00,1
盔林,6363,2025.4.9,05,5:09:00,2025-04-09T05:09:00+09:00,1
盔林,6363,2025.4.9,12,12:42:00,2025-04-09T12:42:00+09:00,2
盔林,6363,2025.4.9,12,12:59:00,2025-04-09T12:59:00+09:00,1
盔林,6363,2025.4.9,14,14:04:00,2025-04-09T14:04:00+09:00,1
盔林,6363,2025.4.9,12,12:32:00,2025-04-09T12:32:00+09:00,2
盔林,6363,2025.4.9,18,18:59:00,2025-04-09T18:59:00+09:00,5
盔林,6363,2025.4.9,23,23:16:00,2025-04-09T23:16:00+09:00,4
盔林,6363,2025.4.9,26,2:14:00,2025-04-10T02:14:00+09:00,4
盔林,6363,2025.4.9,07,7:26:00,2025-04-09T07:26:00+09:00,1
盔林,6363,2025.4.9,14,14:16:00,2025-04-09T14:16:00+09:00,1
盔林,6363,2025.4.9,14,14:55:00,2025-04-09T14:55:00+09:00,1
盔林,6363,2025.4.9,22,22:52:00,2025-04-09T22:52:00+09:00,4
盔林,6363,2025.4.9,25,1:57:00,2025-04-10T01:57:00+09:00,4
盔林,6363,2025.4.9,12,12:06:00,2025-04-09T12:06:00+09:00,2
盔林,6363,2025.4.9,07,7:31:00,2025-04-09T07:31:00+09:00,1
盔林,6363,2025.4.9,16,16:51:00,2025-04-09T16:51:00+09:00,2
盔林,6363,2025.4.9,11,11:41:00,2025-04-09T11:41:00+09:00,3
盔林,6363,2025.4.9,14,14:59:00,2025-04-09T14:59:00+09:00,1
盔林,6363,2025.4.9,15,15:34:00,2025-04-09T15:34:00+09:00,1
盔林,6363,2025.4.9,20,20:44:00,2025-04-09T20:44:00+09:00,3
盔林,6363,2025.4.9,15,15:09:00,2025-04-09T15:09:00+09:00,2
盔林,6363,2025.4.9,15,15:37:00,2025-04-09T15:37:00+09:00,1
盔林,6363,2025.4.9,06,6:08:00,2025-04-09T06:08:00+09:00,5
盔林,6363,2025.4.9,05,5:45:00,2025-04-09T05:45:00+09:00,1
盔林,6363,2025.4.9,21,21:45:00,2025-04-09T21:45:00+09:00,4
盔林,6363,2025.4.9,04,4:49:00,2025-04-09T04:49:00+09:00,1
盔林,6363,2025.4.9,16,16:03:00,2025-04-09T16:03:00+09:00,1
盔林,6363,2025.4.9,11,11:09:00,2025-04-09T11:09:00+09:00,3
盔林,6363,2025.4.9,05,5:34:00,2025-04-09T05:34:00+09:00,1
盔林,6363,2025.4.9,15,15:20:00,2025-04-09T15:20:00+09:00,1
盔林,6363,2025.4.9,17,17:51:00,2025-04-09T17:51:00+09:00,5
盔林,6363,2025.4.9,18,18:13:00,2025-04-09T18:13:00+09:00,6
盔林,6363,2025.4.9,13,13:20:00,2025-04-09T13:20:00+09:00,1
盔林,6363,2025.4.9,22,22:51:00,2025-04-09T22:51:00+09:00,4
盔林,6363,2025.4.9,22,22:14:00,2025-04-09T22:14:00+09:00,2
盔林,6363,2025.4.9,25,1:52:00,2025-04-10T01:52:00+09:00,3
盔林,6363,2025.4.9,19,19:38:00,2025-04-09T19:38:00+09:00,4
盔林,6363,2025.4.9,20,20:54:00,2025-04-09T20:54:00+09:00,2
盔林,6363,2025.4.9,07,7:44:00,2025-04-09T07:44:00+09:00,2
盔林,6363,2025.4.9,11,11:13:00,2025-04-09T11:13:00+09:00,3
盔林,6363,2025.4.9,24,0:35:00,2025-04-10T00:35:00+09:00,3
盔林,6363,2025.4.9,24,0:36:00,2025-04-10T00:36:00+09:00,2
盔林,6363,2025.4.9,26,2:49:00,2025-04-10T02:49:00+09:00,2
盔林,6363,2025.4.9,16,16:27:00,2025-04-09T16:27:00+09:00,3
盔林,6363,2025.4.9,18,18:22:00,2025-04-09T18:22:00+09:00,6
盔林,6363,2025.4.9,14,14:19:00,2025-04-09T14:19:00+09:00,1
盔林,6363,2025.4.9,06,6:54:00,2025-04-09T06:54:00+09:00,1
盔林,6363,2025.4.9,11,11:29:00,2025-04-09T11:29:00+09:00,3
盔林,6363,2025.4.9,12,12:33:00,2025-04-09T12:33:00+09:00,2
盔林,6363,2025.4.9,17,17:41:00,2025-04-09T17:41:00+09:00,4
盔林,6363,2025.4.9,08,8:28:00,2025-04-09T08:28:00+09:00,3
盔林,6363,2025.4.9,15,15:47:00,2025-04-09T15:47:00+09:00,2
盔林,6363,2025.4.9,12,12:55:00,2025-04-09T12:55:00+09:00,1
盔林,6363,2025.4.9,14,14:33:00,2025-04-09T14:33:00+09:00,1
盔林,6363,2025.4.9,04,4:42:00,2025-04-09T04:42:00+09:00,1
盔林,6363,2025.4.9,09,9:58:00,2025-04-09T09:58:00+09:00,2
盔林,6363,2025.4.9,14,14:54:00,2025-04-09T14:54:00+09:00,1
盔林,6363,2025.4.9,24,0:18:00,2025-04-10T00:18:00+09:00,2
盔林,6363,2025.4.9,18,18:42:00,2025-04-09T18:42:00+09:00,6
盔林,6363,2025.4.9,10,10:02:00,2025-04-09T10:02:00+09:00,1
盔林,6363,2025.4.9,06,6:18:00,2025-04-09T06:18:00+09:00,5
盔林,6363,2025.4.9,24,0:10:00,2025-04-10T00:10:00+09:00,1
盔林,6363,2025.4.9,09,9:48:00,2025-04-09T09:48:00+09:00,1
盔林,6363,2025.4.9,27,3:21:00,2025-04-10T03:21:00+09:00,1
盔林,6363,2025.4.9,21,21:33:00,2025-04-09T21:33:00+09:00,4
盔林,6363,2025.4.9,12,12:50:00,2025-04-09T12:50:00+09:00,1
盔林,6363,2025.4.9,06,6:14:00,2025-04-09T06:14:00+09:00,2
盔林,6363,2025.4.9,14,14:18:00,2025-04-09T14:18:00+09:00,1
盔林,6363,2025.4.9,13,13:40:00,2025-04-09T13:40:00+09:00,1
盔林,6363,2025.4.9,17,17:33:00,2025-04-09T17:33:00+09:00,4
盔林,6363,2025.4.9,16,16:11:00,2025-04-09T16:11:00+09:00,2
盔林,6363,2025.4.9,07,7:37:00,2025-04-09T07:37:00+09:00,1
盔林,6363,2025.4.9,12,12:24:00,2025-04-09T12:24:00+09:00,2
盔林,6363,2025.4.9,24,0:42:00,2025-04-10T00:42:00+09:00,5
盔林,6363,2025.4.9,11,11:52:00,2025-04-09T11:52:00+09:00,2
盔林,6363,2025.4.9,16,16:00:00,2025-04-09T16:00:00+09:00,1
盔林,6363,2025.4.9,12,12:35:00,2025-04-09T12:35:00+09:00,1
盔林,6363,2025.4.9,04,4:05:00,2025-04-09T04:05:00+09:00,1
盔林,6363,2025.4.9,12,12:38:00,2025-04-09T12:38:00+09:00,1
盔林,6363,2025.4.9,18,18:35:00,2025-04-09T18:35:00+09:00,6
盔林,6363,2025.4.9,21,21:07:00,2025-04-09T21:07:00+09:00,1
盔林,6363,2025.4.9,20,20:40:00,2025-04-09T20:40:00+09:00,2
盔林,6363,2025.4.9,27,3:36:00,2025-04-10T03:36:00+09:00,1
盔林,6363,2025.4.9,21,21:53:00,2025-04-09T21:53:00+09:00,4
盔林,6363,2025.4.9,10,10:08:00,2025-04-09T10:08:00+09:00,1
盔林,6363,2025.4.9,10,10:21:00,2025-04-09T10:21:00+09:00,2
盔林,6363,2025.4.9,13,13:59:00,2025-04-09T13:59:00+09:00,1
盔林,6363,2025.4.9,10,10:10:00,2025-04-09T10:10:00+09:00,1
盔林,6363,2025.4.9,19,19:52:00,2025-04-09T19:52:00+09:00,4
盔林,6363,2025.4.9,08,8:53:00,2025-04-09T08:53:00+09:00,3
盔林,6363,2025.4.9,19,19:20:00,2025-04-09T19:20:00+09:00,5
盔林,6363,2025.4.9,08,8:08:00,2025-04-09T08:08:00+09:00,2
盔林,6363,2025.4.9,11,11:45:00,2025-04-09T11:45:00+09:00,2
盔林,6363,2025.4.9,16,16:08:00,2025-04-09T16:08:00+09:00,2
盔林,6363,2025.4.9,09,9:02:00,2025-04-09T09:02:00+09:00,2
盔林,6363,2025.4.9,05,5:05:00,2025-04-09T05:05:00+09:00,1
盔林,6363,2025.4.9,16,16:40:00,2025-04-09T16:40:00+09:00,2
盔林,6363,2025.4.9,07,7:08:00,2025-04-09T07:08:00+09:00,6
盔林,6363,2025.4.9,05,5:08:00,2025-04-09T05:08:00+09:00,1
盔林,6363,2025.4.9,27,3:07:00,2025-04-10T03:07:00+09:00,1
盔林,6363,2025.4.9,24,0:38:00,2025-04-10T00:38:00+09:00,3
盔林,6363,2025.4.9,25,1:15:00,2025-04-10T01:15:00+09:00,4
盔林,6363,2025.4.9,12,12:17:00,2025-04-09T12:17:00+09:00,2
盔林,6363,2025.4.9,07,7:34:00,2025-04-09T07:34:00+09:00,1
盔林,6363,2025.4.9,18,18:36:00,2025-04-09T18:36:00+09:00,6
盔林,6363,2025.4.9,13,13:19:00,2025-04-09T13:19:00+09:00,1
盔林,6363,2025.4.9,10,10:42:00,2025-04-09T10:42:00+09:00,2
盔林,6363,2025.4.9,24,0:06:00,2025-04-10T00:06:00+09:00,1
盔林,6363,2025.4.9,10,10:01:00,2025-04-09T10:01:00+09:00,1
盔林,6363,2025.4.9,19,19:03:00,2025-04-09T19:03:00+09:00,5
盔林,6363,2025.4.9,07,7:48:00,2025-04-09T07:48:00+09:00,1
盔林,6363,2025.4.9,11,11:47:00,2025-04-09T11:47:00+09:00,2
盔林,6363,2025.4.9,19,19:23:00,2025-04-09T19:23:00+09:00,6
盔林,6363,2025.4.9,17,17:37:00,2025-04-09T17:37:00+09:00,4
盔林,6363,2025.4.9,20,20:14:00,2025-04-09T20:14:00+09:00,3
盔林,6363,2025.4.9,24,0:54:00,2025-04-10T00:54:00+09:00,4
盔林,6363,2025.4.9,12,12:09:00,2025-04-09T12:09:00+09:00,2
盔林,6363,2025.4.9,06,6:32:00,2025-04-09T06:32:00+09:00,6
盔林,6363,2025.4.9,06,6:38:00,2025-04-09T06:38:00+09:00,7
盔林,6363,2025.4.9,11,11:27:00,2025-04-09T11:27:00+09:00,4
盔林,6363,2025.4.9,22,22:46:00,2025-04-09T22:46:00+09:00,4
盔林,6363,2025.4.9,19,19:15:00,2025-04-09T19:15:00+09:00,4
盔林,6363,2025.4.9,19,19:36:00,2025-04-09T19:36:00+09:00,4
盔林,6363,2025.4.9,27,3:03:00,2025-04-10T03:03:00+09:00,1
盔林,6363,2025.4.9,04,4:29:00,2025-04-09T04:29:00+09:00,1
盔林,6363,2025.4.9,16,16:52:00,2025-04-09T16:52:00+09:00,2
盔林,6363,2025.4.9,27,3:16:00,2025-04-10T03:16:00+09:00,1
盔林,6363,2025.4.9,05,5:48:00,2025-04-09T05:48:00+09:00,1
盔林,6363,2025.4.9,17,17:44:00,2025-04-09T17:44:00+09:00,5
盔林,6363,2025.4.9,20,20:09:00,2025-04-09T20:09:00+09:00,3
盔林,6363,2025.4.9,08,8:12:00,2025-04-09T08:12:00+09:00,4
盔林,6363,2025.4.9,16,16:32:00,2025-04-09T16:32:00+09:00,2
盔林,6363,2025.4.9,26,2:06:00,2025-04-10T02:06:00+09:00,4
盔林,6363,2025.4.9,11,11:46:00,2025-04-09T11:46:00+09:00,2
盔林,6363,2025.4.9,26,2:58:00,2025-04-10T02:58:00+09:00,2
盔林,6363,2025.4.9,15,15:06:00,2025-04-09T15:06:00+09:00,1
盔林,6363,2025.4.9,10,10:23:00,2025-04-09T10:23:00+09:00,1
盔林,6363,2025.4.9,15,15:17:00,2025-04-09T15:17:00+09:00,1
盔林,6363,2025.4.9,15,15:40:00,2025-04-09T15:40:00+09:00,1
盔林,6363,2025.4.9,15,15:46:00,2025-04-09T15:46:00+09:00,2
盔林,6363,2025.4.9,04,4:11:00,2025-04-09T04:11:00+09:00,1
盔林,6363,2025.4.9,19,19:43:00,2025-04-09T19:43:00+09:00,4
盔林,6363,2025.4.9,18,18:18:00,2025-04-09T18:18:00+09:00,5
盔林,6363,2025.4.9,23,23:20:00,2025-04-09T23:20:00+09:00,4
盔林,6363,2025.4.9,21,21:57:00,2025-04-09T21:57:00+09:00,4
盔林,6363,2025.4.9,16,16:29:00,2025-04-09T16:29:00+09:00,2
盔林,6363,2025.4.9,11,11:53:00,2025-04-09T11:53:00+09:00,2
盔林,6363,2025.4.9,24,0:46:00,2025-04-10T00:46:00+09:00,4
盔林,6363,2025.4.9,18,18:09:00,2025-04-09T18:09:00+09:00,5
盔林,6363,2025.4.9,23,23:36:00,2025-04-09T23:36:00+09:00,4
盔林,6363,2025.4.9,21,21:03:00,2025-04-09T21:03:00+09:00,1
盔林,6363,2025.4.9,17,17:03:00,2025-04-09T17:03:00+09:00,3
盔林,6363,2025.4.9,05,5:27:00,2025-04-09T05:27:00+09:00,1
盔林,6363,2025.4.9,17,17:24:00,2025-04-09T17:24:00+09:00,4
盔林,6363,2025.4.9,07,7:54:00,2025-04-09T07:54:00+09:00,4
盔林,6363,2025.4.9,10,10:57:00,2025-04-09T10:57:00+09:00,1
盔林,6363,2025.4.9,22,22:35:00,2025-04-09T22:35:00+09:00,3
盔林,6363,2025.4.9,20,20:27:00,2025-04-09T20:27:00+09:00,4
盔林,6363,2025.4.9,10,10:03:00,2025-04-09T10:03:00+09:00,1
盔林,6363,2025.4.9,17,17:16:00,2025-04-09T17:16:00+09:00,2
盔林,6363,2025.4.9,23,23:27:00,2025-04-09T23:27:00+09:00,4
盔林,6363,2025.4.9,19,19:48:00,2025-04-09T19:48:00+09:00,4
盔林,6363,2025.4.9,21,21:00:00,2025-04-09T21:00:00+09:00,1
盔林,6363,2025.4.9,04,4:07:00,2025-04-09T04:07:00+09:00,1
盔林,6363,2025.4.9,18,18:55:00,2025-04-09T18:55:00+09:00,5
盔林,6363,2025.4.9,16,16:04:00,2025-04-09T16:04:00+09:00,1
盔林,6363,2025.4.9,17,17:09:00,2025-04-09T17:09:00+09:00,3
盔林,6363,2025.4.9,04,4:08:00,2025-04-09T04:08:00+09:00,1
盔林,6363,2025.4.9,22,22:58:00,2025-04-09T22:58:00+09:00,3
盔林,6363,2025.4.9,19,19:31:00,2025-04-09T19:31:00+09:00,5
盔林,6363,2025.4.9,21,21:09:00,2025-04-09T21:09:00+09:00,2
盔林,6363,2025.4.9,08,8:22:00,2025-04-09T08:22:00+09:00,5
盔林,6363,2025.4.9,20,20:53:00,2025-04-09T20:53:00+09:00,2
盔林,6363,2025.4.9,04,4:43:00,2025-04-09T04:43:00+09:00,1
盔林,6363,2025.4.9,21,21:27:00,2025-04-09T21:27:00+09:00,3
盔林,6363,2025.4.9,23,23:33:00,2025-04-09T23:33:00+09:00,4
盔林,6363,2025.4.9,19,19:46:00,2025-04-09T19:46:00+09:00,4
盔林,6363,2025.4.9,13,13:44:00,2025-04-09T13:44:00+09:00,2
盔林,6363,2025.4.9,13,13:29:00,2025-04-09T13:29:00+09:00,1
盔林,6363,2025.4.9,07,7:29:00,2025-04-09T07:29:00+09:00,1
盔林,6363,2025.4.9,22,22:59:00,2025-04-09T22:59:00+09:00,3
盔林,6363,2025.4.9,15,15:44:00,2025-04-09T15:44:00+09:00,2
盔林,6363,2025.4.9,12,12:11:00,2025-04-09T12:11:00+09:00,2
盔林,6363,2025.4.9,24,0:26:00,2025-04-10T00:26:00+09:00,4
盔林,6363,2025.4.9,12,12:29:00,2025-04-09T12:29:00+09:00,1
盔林,6363,2025.4.9,06,6:57:00,2025-04-09T06:57:00+09:00,1
盔林,6363,2025.4.9,05,5:18:00,2025-04-09T05:18:00+09:00,1
盔林,6363,2025.4.9,09,9:47:00,2025-04-09T09:47:00+09:00,1
盔林,6363,2025.4.9,10,10:04:00,2025-04-09T10:04:00+09:00,1
盔林,6363,2025.4.9,23,23:42:00,2025-04-09T23:42:00+09:00,3
盔林,6363,2025.4.9,23,23:13:00,2025-04-09T23:13:00+09:00,3
盔林,6363,2025.4.9,08,8:34:00,2025-04-09T08:34:00+09:00,4
盔林,6363,2025.4.9,14,14:20:00,2025-04-09T14:20:00+09:00,1
盔林,6363,2025.4.9,27,3:55:00,2025-04-10T03:55:00+09:00,1
盔林,6363,2025.4.9,17,17:45:00,2025-04-09T17:45:00+09:00,4
盔林,6363,2025.4.9,26,2:35:00,2025-04-10T02:35:00+09:00,4
盔林,6363,2025.4.9,10,10:51:00,2025-04-09T10:51:00+09:00,2
盔林,6363,2025.4.9,10,10:14:00,2025-04-09T10:14:00+09:00,2
盔林,6363,2025.4.9,18,18:46:00,2025-04-09T18:46:00+09:00,6
盔林,6363,2025.4.9,20,20:07:00,2025-04-09T20:07:00+09:00,3
盔林,6363,2025.4.9,10,10:09:00,2025-04-09T10:09:00+09:00,1
盔林,6363,2025.4.9,13,13:05:00,2025-04-09T13:05:00+09:00,2
盔林,6363,2025.4.9,26,2:46:00,2025-04-10T02:46:00+09:00,2
盔林,6363,2025.4.9,17,17:57:00,2025-04-09T17:57:00+09:00,6
盔林,6363,2025.4.9,15,15:03:00,2025-04-09T15:03:00+09:00,1
盔林,6363,2025.4.9,06,6:37:00,2025-04-09T06:37:00+09:00,7
盔林,6363,2025.4.9,13,13:34:00,2025-04-09T13:34:00+09:00,1
盔林,6363,2025.4.9,16,16:09:00,2025-04-09T16:09:00+09:00,1
盔林,6363,2025.4.9,17,17:42:00,2025-04-09T17:42:00+09:00,4
盔林,6363,2025.4.9,27,3:44:00,2025-04-10T03:44:00+09:00,1
盔林,6363,2025.4.9,21,21:16:00,2025-04-09T21:16:00+09:00,3
盔林,6363,2025.4.9,21,21:23:00,2025-04-09T21:23:00+09:00,3
盔林,6363,2025.4.9,05,5:14:00,2025-04-09T05:14:00+09:00,1
盔林,6363,2025.4.9,24,0:52:00,2025-04-10T00:52:00+09:00,3
盔林,6363,2025.4.9,26,2:13:00,2025-04-10T02:13:00+09:00,4
盔林,6363,2025.4.9,19,19:07:00,2025-04-09T19:07:00+09:00,5
盔林,6363,2025.4.9,07,7:23:00,2025-04-09T07:23:00+09:00,1
盔林,6363,2025.4.9,24,0:19:00,2025-04-10T00:19:00+09:00,2
盔林,6363,2025.4.9,26,2:25:00,2025-04-10T02:25:00+09:00,4
盔林,6363,2025.4.9,26,2:26:00,2025-04-10T02:26:00+09:00,4
盔林,6363,2025.4.9,26,2:27:00,2025-04-10T02:27:00+09:00,4
盔林,6363,2025.4.9,10,10:00:00,2025-04-09T10:00:00+09:00,1
盔林,6363,2025.4.9,16,16:05:00,2025-04-09T16:05:00+09:00,2
盔林,6363,2025.4.9,12,12:40:00,2025-04-09T12:40:00+09:00,1
盔林,6363,2025.4.9,21,21:22:00,2025-04-09T21:22:00+09:00,3
盔林,6363,2025.4.9,20,20:25:00,2025-04-09T20:25:00+09:00,3
盔林,6363,2025.4.9,13,13:00:00,2025-04-09T13:00:00+09:00,1
盔林,6363,2025.4.9,09,9:26:00,2025-04-09T09:26:00+09:00,1
盔林,6363,2025.4.9,27,3:33:00,2025-04-10T03:33:00+09:00,1
盔林,6363,2025.4.9,06,6:49:00,2025-04-09T06:49:00+09:00,1
盔林,6363,2025.4.9,07,7:02:00,2025-04-09T07:02:00+09:00,5
盔林,6363,2025.4.9,24,0:41:00,2025-04-10T00:41:00+09:00,5
盔林,6363,2025.4.9,14,14:52:00,2025-04-09T14:52:00+09:00,1
盔林,6363,2025.4.9,19,19:21:00,2025-04-09T19:21:00+09:00,6
盔林,6363,2025.4.9,16,16:01:00,2025-04-09T16:01:00+09:00,1
盔林,6363,2025.4.9,26,2:37:00,2025-04-10T02:37:00+09:00,3
盔林,6363,2025.4.9,11,11:28:00,2025-04-09T11:28:00+09:00,3
盔林,6363,2025.4.9,05,5:39:00,2025-04-09T05:39:00+09:00,1
盔林,6363,2025.4.9,08,8:40:00,2025-04-09T08:40:00+09:00,2
盔林,6363,2025.4.9,08,8:41:00,2025-04-09T08:41:00+09:00,1
盔林,6363,2025.4.9,22,22:11:00,2025-04-09T22:11:00+09:00,2
盔林,6363,2025.4.9,08,8:51:00,2025-04-09T08:51:00+09:00,5
盔林,6363,2025.4.9,20,20:41:00,2025-04-09T20:41:00+09:00,2
盔林,6363,2025.4.9,27,3:35:00,2025-04-10T03:35:00+09:00,1
盔林,6363,2025.4.9,09,9:37:00,2025-04-09T09:37:00+09:00,2
盔林,6363,2025.4.9,22,22:05:00,2025-04-09T22:05:00+09:00,3
盔林,6363,2025.4.9,12,12:57:00,2025-04-09T12:57:00+09:00,1
盔林,6363,2025.4.9,17,17:21:00,2025-04-09T17:21:00+09:00,3
盔林,6363,2025.4.9,10,10:59:00,2025-04-09T10:59:00+09:00,2
盔林,6363,2025.4.9,11,11:15:00,2025-04-09T11:15:00+09:00,3
盔林,6363,2025.4.9,08,8:11:00,2025-04-09T08:11:00+09:00,4
盔林,6363,2025.4.9,16,16:45:00,2025-04-09T16:45:00+09:00,4
盔林,6363,2025.4.9,04,4:24:00,2025-04-09T04:24:00+09:00,1
盔林,6363,2025.4.9,07,7:59:00,2025-04-09T07:59:00+09:00,3
盔林,6363,2025.4.9,04,4:54:00,2025-04-09T04:54:00+09:00,1
盔林,6363,2025.4.9,06,6:22:00,2025-04-09T06:22:00+09:00,5
盔林,6363,2025.4.9,23,23:31:00,2025-04-09T23:31:00+09:00,3
盔林,6363,2025.4.9,07,7:28:00,2025-04-09T07:28:00+09:00,1
盔林,6363,2025.4.9,18,18:25:00,2025-04-09T18:25:00+09:00,6
盔林,6363,2025.4.9,17,17:58:00,2025-04-09T17:58:00+09:00,6
盔林,6363,2025.4.9,24,0:59:00,2025-04-10T00:59:00+09:00,3
盔林,6363,2025.4.9,27,3:23:00,2025-04-10T03:23:00+09:00,1
盔林,6363,2025.4.9,07,7:24:00,2025-04-09T07:24:00+09:00,1
盔林,6363,2025.4.9,10,10:55:00,2025-04-09T10:55:00+09:00,1
盔林,6363,2025.4.9,24,0:05:00,2025-04-10T00:05:00+09:00,1
盔林,6363,2025.4.9,05,5:19:00,2025-04-09T05:19:00+09:00,1
盔林,6363,2025.4.9,27,3:09:00,2025-04-10T03:09:00+09:00,1
盔林,6363,2025.4.9,25,1:29:00,2025-04-10T01:29:00+09:00,5
盔林,6363,2025.4.9,23,23:38:00,2025-04-09T23:38:00+09:00,4
盔林,6363,2025.4.9,17,17:13:00,2025-04-09T17:13:00+09:00,3
盔林,6363,2025.4.9,12,12:51:00,2025-04-09T12:51:00+09:00,1
盔林,6363,2025.4.9,07,7:49:00,2025-04-09T07:49:00+09:00,2
盔林,6363,2025.4.9,21,21:59:00,2025-04-09T21:59:00+09:00,4
盔林,6363,2025.4.9,10,10:47:00,2025-04-09T10:47:00+09:00,2
盔林,6363,2025.4.9,14,14:17:00,2025-04-09T14:17:00+09:00,1
盔林,6363,2025.4.9,21,21:26:00,2025-04-09T21:26:00+09:00,3
盔林,6363,2025.4.9,19,19:58:00,2025-04-09T19:58:00+09:00,3
盔林,6363,2025.4.9,08,8:00:00,2025-04-09T08:00:00+09:00,3
盔林,6363,2025.4.9,08,8:45:00,2025-04-09T08:45:00+09:00,4
盔林,6363,2025.4.9,16,16:36:00,2025-04-09T16:36:00+09:00,1
盔林,6363,2025.4.9,04,4:58:00,2025-04-09T04:58:00+09:00,1
盔林,6363,2025.4.9,05,5:47:00,2025-04-09T05:47:00+09:00,1
盔林,6363,2025.4.9,27,3:57:00,2025-04-10T03:57:00+09:00,1
盔林,6363,2025.4.9,27,3:19:00,2025-04-10T03:19:00+09:00,1
盔林,6363,2025.4.9,10,10:37:00,2025-04-09T10:37:00+09:00,1
盔林,6363,2025.4.9,13,13:17:00,2025-04-09T13:17:00+09:00,2
盔林,6363,2025.4.9,23,23:26:00,2025-04-09T23:26:00+09:00,4
盔林,6363,2025.4.9,05,5:43:00,2025-04-09T05:43:00+09:00,1
盔林,6363,2025.4.9,12,12:18:00,2025-04-09T12:18:00+09:00,2
盔林,6363,2025.4.9,20,20:49:00,2025-04-09T20:49:00+09:00,3
盔林,6363,2025.4.9,20,20:56:00,2025-04-09T20:56:00+09:00,2
盔林,6363,2025.4.9,19,19:35:00,2025-04-09T19:35:00+09:00,4
盔林,6363,2025.4.9,14,14:02:00,2025-04-09T14:02:00+09:00,1
盔林,6363,2025.4.9,17,17:34:00,2025-04-09T17:34:00+09:00,4
盔林,6363,2025.4.9,26,2:43:00,2025-04-10T02:43:00+09:00,3
盔林,6363,2025.4.9,20,20:30:00,2025-04-09T20:30:00+09:00,4
盔林,6363,2025.4.9,04,4:31:00,2025-04-09T04:31:00+09:00,1
盔林,6363,2025.4.9,05,5:29:00,2025-04-09T05:29:00+09:00,1
盔林,6363,2025.4.9,08,8:57:00,2025-04-09T08:57:00+09:00,1
盔林,6363,2025.4.9,10,10:32:00,2025-04-09T10:32:00+09:00,1
盔林,6363,2025.4.9,24,0:14:00,2025-04-10T00:14:00+09:00,1
盔林,6363,2025.4.9,18,18:32:00,2025-04-09T18:32:00+09:00,6
盔林,6363,2025.4.9,12,12:31:00,2025-04-09T12:31:00+09:00,1
盔林,6363,2025.4.9,10,10:24:00,2025-04-09T10:24:00+09:00,1
盔林,6363,2025.4.9,15,15:53:00,2025-04-09T15:53:00+09:00,1
盔林,6363,2025.4.9,07,7:07:00,2025-04-09T07:07:00+09:00,6
盔林,6363,2025.4.9,06,6:15:00,2025-04-09T06:15:00+09:00,2
盔林,6363,2025.4.9,13,13:25:00,2025-04-09T13:25:00+09:00,1
盔林,6363,2025.4.9,13,13:26:00,2025-04-09T13:26:00+09:00,1
盔林,6363,2025.4.9,04,4:22:00,2025-04-09T04:22:00+09:00,1
盔林,6363,2025.4.9,26,2:41:00,2025-04-10T02:41:00+09:00,3
盔林,6363,2025.4.9,21,21:19:00,2025-04-09T21:19:00+09:00,3
盔林,6363,2025.4.9,15,15:04:00,2025-04-09T15:04:00+09:00,1
盔林,6363,2025.4.9,16,16:25:00,2025-04-09T16:25:00+09:00,2
盔林,6363,2025.4.9,15,15:01:00,2025-04-09T15:01:00+09:00,1
盔林,6363,2025.4.9,26,2:24:00,2025-04-10T02:24:00+09:00,3
盔林,6363,2025.4.9,19,19:29:00,2025-04-09T19:29:00+09:00,5
盔林,6363,2025.4.9,12,12:21:00,2025-04-09T12:21:00+09:00,2
盔林,6363,2025.4.9,27,3:45:00,2025-04-10T03:45:00+09:00,1
盔林,6363,2025.4.9,27,3:29:00,2025-04-10T03:29:00+09:00,1
盔林,6363,2025.4.9,18,18:02:00,2025-04-09T18:02:00+09:00,5
盔林,6363,2025.4.9,06,6:43:00,2025-04-09T06:43:00+09:00,6
盔林,6363,2025.4.9,07,7:56:00,2025-04-09T07:56:00+09:00,4
盔林,6363,2025.4.9,11,11:31:00,2025-04-09T11:31:00+09:00,3
盔林,6363,2025.4.9,25,1:55:00,2025-04-10T01:55:00+09:00,5
盔林,6363,2025.4.9,19,19:01:00,2025-04-09T19:01:00+09:00,4
盔林,6363,2025.4.9,23,23:54:00,2025-04-09T23:54:00+09:00,3
盔林,6363,2025.4.9,25,1:43:00,2025-04-10T01:43:00+09:00,2
盔林,6363,2025.4.9,06,6:52:00,2025-04-09T06:52:00+09:00,1
盔林,6363,2025.4.9,22,22:36:00,2025-04-09T22:36:00+09:00,3
盔林,6363,2025.4.9,13,13:41:00,2025-04-09T13:41:00+09:00,1
盔林,6363,2025.4.9,25,1:14:00,2025-04-10T01:14:00+09:00,4
盔林,6363,2025.4.9,08,8:33:00,2025-04-09T08:33:00+09:00,2
盔林,6363,2025.4.9,27,3:56:00,2025-04-10T03:56:00+09:00,1
盔林,6363,2025.4.9,18,18:40:00,2025-04-09T18:40:00+09:00,6
盔林,6363,2025.4.9,16,16:34:00,2025-04-09T16:34:00+09:00,2
盔林,6363,2025.4.9,20,20:36:00,2025-04-09T20:36:00+09:00,3
盔林,6363,2025.4.9,14,14:36:00,2025-04-09T14:36:00+09:00,1
盔林,6363,2025.4.9,20,20:50:00,2025-04-09T20:50:00+09:00,2
盔林,6363,2025.4.9,20,20:51:00,2025-04-09T20:51:00+09:00,2
盔林,6363,2025.4.9,12,12:44:00,2025-04-09T12:44:00+09:00,1
盔林,6363,2025.4.9,27,3:04:00,2025-04-10T03:04:00+09:00,1
盔林,6363,2025.4.9,25,1:08:00,2025-04-10T01:08:00+09:00,3
盔林,6363,2025.4.9,09,9:15:00,2025-04-09T09:15:00+09:00,1
盔林,6363,2025.4.9,26,2:47:00,2025-04-10T02:47:00+09:00,1
盔林,6363,2025.4.9,10,10:53:00,2025-04-09T10:53:00+09:00,1
盔林,6363,2025.4.9,08,8:09:00,2025-04-09T08:09:00+09:00,2
盔林,6363,2025.4.9,15,15:02:00,2025-04-09T15:02:00+09:00,1
盔林,6363,2025.4.9,10,10:35:00,2025-04-09T10:35:00+09:00,1
盔林,6363,2025.4.9,08,8:20:00,2025-04-09T08:20:00+09:00,4
盔林,6363,2025.4.9,06,6:35:00,2025-04-09T06:35:00+09:00,7
盔林,6363,2025.4.9,10,10:34:00,2025-04-09T10:34:00+09:00,1
盔林,6363,2025.4.9,25,1:53:00,2025-04-10T01:53:00+09:00,4
盔林,6363,2025.4.9,05,5:20:00,2025-04-09T05:20:00+09:00,1
盔林,6363,2025.4.9,07,7:33:00,2025-04-09T07:33:00+09:00,1
盔林,6363,2025.4.9,16,16:26:00,2025-04-09T16:26:00+09:00,2
盔林,6363,2025.4.9,14,14:08:00,2025-04-09T14:08:00+09:00,1
盔林,6363,2025.4.9,22,22:42:00,2025-04-09T22:42:00+09:00,5
盔林,6363,2025.4.9,11,11:32:00,2025-04-09T11:32:00+09:00,3
盔林,6363,2025.4.9,18,18:31:00,2025-04-09T18:31:00+09:00,6
盔林,6363,2025.4.9,27,3:49:00,2025-04-10T03:49:00+09:00,1
盔林,6363,2025.4.9,15,15:27:00,2025-04-09T15:27:00+09:00,1
盔林,6363,2025.4.9,22,22:15:00,2025-04-09T22:15:00+09:00,2
盔林,6363,2025.4.9,23,23:49:00,2025-04-09T23:49:00+09:00,3
盔林,6363,2025.4.9,11,11:44:00,2025-04-09T11:44:00+09:00,2
盔林,6363,2025.4.9,18,18:00:00,2025-04-09T18:00:00+09:00,6
盔林,6363,2025.4.9,07,7:27:00,2025-04-09T07:27:00+09:00,1
盔林,6363,2025.4.9,25,1:28:00,2025-04-10T01:28:00+09:00,6
盔林,6363,2025.4.9,23,23:37:00,2025-04-09T23:37:00+09:00,4
盔林,6363,2025.4.9,11,11:14:00,2025-04-09T11:14:00+09:00,3
盔林,6363,2025.4.9,22,22:00:00,2025-04-09T22:00:00+09:00,4
盔林,6363,2025.4.9,08,8:25:00,2025-04-09T08:25:00+09:00,3
盔林,6363,2025.4.9,20,20:15:00,2025-04-09T20:15:00+09:00,3
盔林,6363,2025.4.9,17,17:53:00,2025-04-09T17:53:00+09:00,6
盔林,6363,2025.4.9,10,10:50:00,2025-04-09T10:50:00+09:00,2
盔林,6363,2025.4.9,22,22:48:00,2025-04-09T22:48:00+09:00,4
盔林,6363,2025.4.9,20,20:33:00,2025-04-09T20:33:00+09:00,3
盔林,6363,2025.4.9,15,15:58:00,2025-04-09T15:58:00+09:00,2
盔林,6363,2025.4.9,18,18:06:00,2025-04-09T18:06:00+09:00,5
盔林,6363,2025.4.9,20,20:29:00,2025-04-09T20:29:00+09:00,4
盔林,6363,2025.4.9,20,20:00:00,2025-04-09T20:00:00+09:00,4
盔林,6363,2025.4.9,20,20:01:00,2025-04-09T20:01:00+09:00,4
盔林,6363,2025.4.9,16,16:19:00,2025-04-09T16:19:00+09:00,2
盔林,6363,2025.4.9,19,19:37:00,2025-04-09T19:37:00+09:00,4
盔林,6363,2025.4.9,10,10:22:00,2025-04-09T10:22:00+09:00,2
盔林,6363,2025.4.9,05,5:36:00,2025-04-09T05:36:00+09:00,1
盔林,6363,2025.4.9,06,6:10:00,2025-04-09T06:10:00+09:00,5
盔林,6363,2025.4.9,21,21:47:00,2025-04-09T21:47:00+09:00,3
盔林,6363,2025.4.9,05,5:28:00,2025-04-09T05:28:00+09:00,1
盔林,6363,2025.4.9,18,18:34:00,2025-04-09T18:34:00+09:00,6
盔林,6363,2025.4.9,21,21:17:00,2025-04-09T21:17:00+09:00,3
盔林,6363,2025.4.9,14,14:30:00,2025-04-09T14:30:00+09:00,1
盔林,6363,2025.4.9,10,10:52:00,2025-04-09T10:52:00+09:00,1
盔林,6363,2025.4.9,23,23:47:00,2025-04-09T23:47:00+09:00,3
盔林,6363,2025.4.9,24,0:27:00,2025-04-10T00:27:00+09:00,3
盔林,6363,2025.4.9,15,15:52:00,2025-04-09T15:52:00+09:00,1
盔林,6363,2025.4.9,15,15:32:00,2025-04-09T15:32:00+09:00,1
盔林,6363,2025.4.9,10,10:49:00,2025-04-09T10:49:00+09:00,2
盔林,6363,2025.4.9,07,7:06:00,2025-04-09T07:06:00+09:00,5
盔林,6363,2025.4.9,05,5:17:00,2025-04-09T05:17:00+09:00,1
盔林,6363,2025.4.9,27,3:43:00,2025-04-10T03:43:00+09:00,1
盔林,6363,2025.4.9,18,18:57:00,2025-04-09T18:57:00+09:00,5
盔林,6363,2025.4.9,23,23:09:00,2025-04-09T23:09:00+09:00,3
盔林,6363,2025.4.9,23,23:03:00,2025-04-09T23:03:00+09:00,2
盔林,6363,2025.4.9,06,6:21:00,2025-04-09T06:21:00+09:00,6
盔林,6363,2025.4.9,19,19:40:00,2025-04-09T19:40:00+09:00,4
盔林,6363,2025.4.9,15,15:14:00,2025-04-09T15:14:00+09:00,1
盔林,6363,2025.4.9,15,15:12:00,2025-04-09T15:12:00+09:00,1
盔林,6363,2025.4.9,14,14:41:00,2025-04-09T14:41:00+09:00,1
盔林,6363,2025.4.9,20,20:22:00,2025-04-09T20:22:00+09:00,3
盔林,6363,2025.4.9,19,19:12:00,2025-04-09T19:12:00+09:00,5
盔林,6363,2025.4.9,12,12:10:00,2025-04-09T12:10:00+09:00,2
盔林,6363,2025.4.9,24,0:01:00,2025-04-10T00:01:00+09:00,1
盔林,6363,2025.4.9,16,16:21:00,2025-04-09T16:21:00+09:00,2
盔林,6363,2025.4.9,23,23:19:00,2025-04-09T23:19:00+09:00,4
盔林,6363,2025.4.9,17,17:43:00,2025-04-09T17:43:00+09:00,5
盔林,6363,2025.4.9,12,12:08:00,2025-04-09T12:08:00+09:00,2
盔林,6363,2025.4.9,24,0:43:00,2025-04-10T00:43:00+09:00,5
盔林,6363,2025.4.9,19,19:19:00,2025-04-09T19:19:00+09:00,5
盔林,6363,2025.4.9,15,15:38:00,2025-04-09T15:38:00+09:00,1
盔林,6363,2025.4.9,12,12:27:00,2025-04-09T12:27:00+09:00,1
盔林,6363,2025.4.9,07,7:45:00,2025-04-09T07:45:00+09:00,2
盔林,6363,2025.4.9,27,3:58:00,2025-04-10T03:58:00+09:00,1
盔林,6363,2025.4.9,25,1:30:00,2025-04-10T01:30:00+09:00,4
盔林,6363,2025.4.9,21,21:37:00,2025-04-09T21:37:00+09:00,3
盔林,6363,2025.4.9,23,23:51:00,2025-04-09T23:51:00+09:00,4
盔林,6363,2025.4.9,09,9:43:00,2025-04-09T09:43:00+09:00,3
盔林,6363,2025.4.9,27,3:52:00,2025-04-10T03:52:00+09:00,1
盔林,6363,2025.4.9,21,21:48:00,2025-04-09T21:48:00+09:00,3
盔林,6363,2025.4.9,08,8:10:00,2025-04-09T08:10:00+09:00,3
盔林,6363,2025.4.9,10,10:33:00,2025-04-09T10:33:00+09:00,1
盔林,6363,2025.4.9,17,17:32:00,2025-04-09T17:32:00+09:00,4
盔林,6363,2025.4.9,26,2:45:00,2025-04-10T02:45:00+09:00,3
盔林,6363,2025.4.9,15,15:49:00,2025-04-09T15:49:00+09:00,2
盔林,6363,2025.4.9,11,11:20:00,2025-04-09T11:20:00+09:00,3
盔林,6363,2025.4.9,11,11:21:00,2025-04-09T11:21:00+09:00,4
盔林,6363,2025.4.9,15,15:45:00,2025-04-09T15:45:00+09:00,2
盔林,6363,2025.4.9,19,19:45:00,2025-04-09T19:45:00+09:00,4
盔林,6363,2025.4.9,21,21:15:00,2025-04-09T21:15:00+09:00,3
盔林,6363,2025.4.9,05,5:21:00,2025-04-09T05:21:00+09:00,1
盔林,6363,2025.4.9,08,8:44:00,2025-04-09T08:44:00+09:00,4
盔林,6363,2025.4.9,25,1:07:00,2025-04-10T01:07:00+09:00,3
盔林,6363,2025.4.9,23,23:06:00,2025-04-09T23:06:00+09:00,2
盔林,6363,2025.4.9,16,16:13:00,2025-04-09T16:13:00+09:00,2
盔林,6363,2025.4.9,19,19:05:00,2025-04-09T19:05:00+09:00,5
盔林,6363,2025.4.9,27,3:00:00,2025-04-10T03:00:00+09:00,2
盔林,6363,2025.4.9,27,3:02:00,2025-04-10T03:02:00+09:00,1
盔林,6363,2025.4.9,26,2:09:00,2025-04-10T02:09:00+09:00,3
盔林,6363,2025.4.9,27,3:39:00,2025-04-10T03:39:00+09:00,1
盔林,6363,2025.4.9,14,14:44:00,2025-04-09T14:44:00+09:00,1
盔林,6363,2025.4.9,04,4:47:00,2025-04-09T04:47:00+09:00,1
盔林,6363,2025.4.9,14,14:13:00,2025-04-09T14:13:00+09:00,1
盔林,6363,2025.4.9,11,11:56:00,2025-04-09T11:56:00+09:00,2
盔林,6363,2025.4.9,12,12:41:00,2025-04-09T12:41:00+09:00,2
盔林,6363,2025.4.9,21,21:36:00,2025-04-09T21:36:00+09:00,4
盔林,6363,2025.4.9,12,12:22:00,2025-04-09T12:22:00+09:00,2
盔林,6363,2025.4.9,05,5:10:00,2025-04-09T05:10:00+09:00,1
盔林,6363,2025.4.9,05,5:11:00,2025-04-09T05:11:00+09:00,1
盔林,6363,2025.4.9,22,22:07:00,2025-04-09T22:07:00+09:00,3
盔林,6363,2025.4.9,11,11:34:00,2025-04-09T11:34:00+09:00,3
盔林,6363,2025.4.9,10,10:46:00,2025-04-09T10:46:00+09:00,2
盔林,6363,2025.4.9,19,19:13:00,2025-04-09T19:13:00+09:00,5
盔林,6363,2025.4.9,06,6:24:00,2025-04-09T06:24:00+09:00,5
盔林,6363,2025.4.9,08,8:35:00,2025-04-09T08:35:00+09:00,3
盔林,6363,2025.4.9,18,18:20:00,2025-04-09T18:20:00+09:00,6
盔林,6363,2025.4.9,27,3:18:00,2025-04-10T03:18:00+09:00,1
盔林,6363,2025.4.9,22,22:09:00,2025-04-09T22:09:00+09:00,3
盔林,6363,2025.4.9,10,10:05:00,2025-04-09T10:05:00+09:00,2
盔林,6363,2025.4.9,13,13:18:00,2025-04-09T13:18:00+09:00,2
盔林,6363,2025.4.9,14,14:47:00,2025-04-09T14:47:00+09:00,2
盔林,6363,2025.4.9,22,22:40:00,2025-04-09T22:40:00+09:00,4
盔林,6363,2025.4.9,15,15:15:00,2025-04-09T15:15:00+09:00,1
盔林,6363,2025.4.9,27,3:51:00,2025-04-10T03:51:00+09:00,1
盔林,6363,2025.4.9,10,10:28:00,2025-04-09T10:28:00+09:00,1
盔林,6363,2025.4.9,17,17:07:00,2025-04-09T17:07:00+09:00,3
盔林,6363,2025.4.9,24,0:56:00,2025-04-10T00:56:00+09:00,4
盔林,6363,2025.4.9,13,13:06:00,2025-04-09T13:06:00+09:00,2
盔林,6363,2025.4.9,11,11:23:00,2025-04-09T11:23:00+09:00,4
盔林,6363,2025.4.9,19,19:53:00,2025-04-09T19:53:00+09:00,4
盔林,6363,2025.4.9,11,11:05:00,2025-04-09T11:05:00+09:00,3
盔林,6363,2025.4.9,16,16:49:00,2025-04-09T16:49:00+09:00,3
盔林,6363,2025.4.9,08,8:18:00,2025-04-09T08:18:00+09:00,3
盔林,6363,2025.4.9,09,9:00:00,2025-04-09T09:00:00+09:00,1
盔林,6363,2025.4.9,16,16:28:00,2025-04-09T16:28:00+09:00,2
盔林,6363,2025.4.9,09,9:39:00,2025-04-09T09:39:00+09:00,2
盔林,6363,2025.4.9,15,15:08:00,2025-04-09T15:08:00+09:00,1
盔林,6363,2025.4.9,24,0:21:00,2025-04-10T00:21:00+09:00,3
盔林,6363,2025.4.9,12,12:20:00,2025-04-09T12:20:00+09:00,2
盔林,6363,2025.4.9,21,21:40:00,2025-04-09T21:40:00+09:00,3
盔林,6363,2025.4.9,04,4:50:00,2025-04-09T04:50:00+09:00,1
盔林,6363,2025.4.9,13,13:36:00,2025-04-09T13:36:00+09:00,1
盔林,6363,2025.4.9,13,13:56:00,2025-04-09T13:56:00+09:00,1
盔林,6363,2025.4.9,27,3:24:00,2025-04-10T03:24:00+09:00,1
盔林,6363,2025.4.9,27,3:38:00,2025-04-10T03:38:00+09:00,1
盔林,6363,2025.4.9,25,1:45:00,2025-04-10T01:45:00+09:00,3
盔林,6363,2025.4.9,10,10:56:00,2025-04-09T10:56:00+09:00,1
盔林,6363,2025.4.9,07,7:55:00,2025-04-09T07:55:00+09:00,4
盔林,6363,2025.4.9,18,18:43:00,2025-04-09T18:43:00+09:00,6
盔林,6363,2025.4.9,27,3:25:00,2025-04-10T03:25:00+09:00,1
盔林,6363,2025.4.9,06,6:19:00,2025-04-09T06:19:00+09:00,5
盔林,6363,2025.4.9,09,9:21:00,2025-04-09T09:21:00+09:00,3
盔林,6363,2025.4.9,22,22:17:00,2025-04-09T22:17:00+09:00,2
盔林,6363,2025.4.9,17,17:31:00,2025-04-09T17:31:00+09:00,4
盔林,6363,2025.4.9,22,22:08:00,2025-04-09T22:08:00+09:00,3
盔林,6363,2025.4.9,06,6:23:00,2025-04-09T06:23:00+09:00,6
盔林,6363,2025.4.9,12,12:16:00,2025-04-09T12:16:00+09:00,2
盔林,6363,2025.4.9,13,13:22:00,2025-04-09T13:22:00+09:00,1
盔林,6363,2025.4.9,17,17:47:00,2025-04-09T17:47:00+09:00,5
盔林,6363,2025.4.9,23,23:18:00,2025-04-09T23:18:00+09:00,4
盔林,6363,2025.4.9,19,19:57:00,2025-04-09T19:57:00+09:00,3
盔林,6363,2025.4.9,24,0:08:00,2025-04-10T00:08:00+09:00,1
盔林,6363,2025.4.9,20,20:35:00,2025-04-09T20:35:00+09:00,3
盔林,6363,2025.4.9,22,22:31:00,2025-04-09T22:31:00+09:00,3
盔林,6363,2025.4.9,17,17:28:00,2025-04-09T17:28:00+09:00,5
盔林,6363,2025.4.9,19,19:54:00,2025-04-09T19:54:00+09:00,4
盔林,6363,2025.4.9,06,6:59:00,2025-04-09T06:59:00+09:00,3
盔林,6363,2025.4.9,04,4:48:00,2025-04-09T04:48:00+09:00,1
盔林,6363,2025.4.9,15,15:21:00,2025-04-09T15:21:00+09:00,1
盔林,6363,2025.4.9,09,9:44:00,2025-04-09T09:44:00+09:00,3
盔林,6363,2025.4.9,27,3:14:00,2025-04-10T03:14:00+09:00,1
盔林,6363,2025.4.9,04,4:26:00,2025-04-09T04:26:00+09:00,1
盔林,6363,2025.4.9,23,23:55:00,2025-04-09T23:55:00+09:00,3
盔林,6363,2025.4.9,10,10:11:00,2025-04-09T10:11:00+09:00,2
盔林,6363,2025.4.9,08,8:58:00,2025-04-09T08:58:00+09:00,1
盔林,6363,2025.4.9,18,18:47:00,2025-04-09T18:47:00+09:00,6
盔林,6363,2025.4.9,19,19:44:00,2025-04-09T19:44:00+09:00,4
盔林,6363,2025.4.9,15,15:50:00,2025-04-09T15:50:00+09:00,2
盔林,6363,2025.4.9,21,21:08:00,2025-04-09T21:08:00+09:00,2
盔林,6363,2025.4.9,13,13:57:00,2025-04-09T13:57:00+09:00,1
盔林,6363,2025.4.9,11,11:57:00,2025-04-09T11:57:00+09:00,1
盔林,6363,2025.4.9,26,2:29:00,2025-04-10T02:29:00+09:00,3
盔林,6363,2025.4.9,25,1:51:00,2025-04-10T01:51:00+09:00,3
盔林,6363,2025.4.9,16,16:24:00,2025-04-09T16:24:00+09:00,2
盔林,6363,2025.4.9,09,9:09:00,2025-04-09T09:09:00+09:00,4
盔林,6363,2025.4.9,09,9:01:00,2025-04-09T09:01:00+09:00,2
盔林,6363,2025.4.9,07,7:18:00,2025-04-09T07:18:00+09:00,4
盔林,6363,2025.4.9,16,16:41:00,2025-04-09T16:41:00+09:00,2
盔林,6363,2025.4.9,20,20:08:00,2025-04-09T20:08:00+09:00,3
盔林,6363,2025.4.9,07,7:09:00,2025-04-09T07:09:00+09:00,6
盔林,6363,2025.4.9,05,5:16:00,2025-04-09T05:16:00+09:00,1
盔林,6363,2025.4.9,14,14:34:00,2025-04-09T14:34:00+09:00,1
盔林,6363,2025.4.9,21,21:29:00,2025-04-09T21:29:00+09:00,3
盔林,6363,2025.4.9,20,20:59:00,2025-04-09T20:59:00+09:00,1
盔林,6363,2025.4.9,05,5:23:00,2025-04-09T05:23:00+09:00,1
盔林,6363,2025.4.9,09,9:28:00,2025-04-09T09:28:00+09:00,1
盔林,6363,2025.4.9,12,12:03:00,2025-04-09T12:03:00+09:00,2
盔林,6363,2025.4.9,23,23:57:00,2025-04-09T23:57:00+09:00,2
盔林,6363,2025.4.9,06,6:26:00,2025-04-09T06:26:00+09:00,6
盔林,6363,2025.4.9,04,4:34:00,2025-04-09T04:34:00+09:00,1
盔林,6363,2025.4.9,19,19:47:00,2025-04-09T19:47:00+09:00,3
盔林,6363,2025.4.9,27,3:41:00,2025-04-10T03:41:00+09:00,1
盔林,6363,2025.4.9,27,3:48:00,2025-04-10T03:48:00+09:00,1
盔林,6363,2025.4.9,04,4:03:00,2025-04-09T04:03:00+09:00,1
盔林,6363,2025.4.9,04,4:04:00,2025-04-09T04:04:00+09:00,1
盔林,6363,2025.4.9,26,2:16:00,2025-04-10T02:16:00+09:00,3
盔林,6363,2025.4.9,20,20:57:00,2025-04-09T20:57:00+09:00,2
盔林,6363,2025.4.9,06,6:56:00,2025-04-09T06:56:00+09:00,1
盔林,6363,2025.4.9,22,22:54:00,2025-04-09T22:54:00+09:00,3
盔林,6363,2025.4.9,17,17:14:00,2025-04-09T17:14:00+09:00,2
盔林,6363,2025.4.9,09,9:25:00,2025-04-09T09:25:00+09:00,1
盔林,6363,2025.4.9,26,2:30:00,2025-04-10T02:30:00+09:00,4
盔林,6363,2025.4.9,26,2:32:00,2025-04-10T02:32:00+09:00,3
盔林,6363,2025.4.9,20,20:10:00,2025-04-09T20:10:00+09:00,3
盔林,6363,2025.4.9,27,3:53:00,2025-04-10T03:53:00+09:00,1
盔林,6363,2025.4.9,07,7:10:00,2025-04-09T07:10:00+09:00,7
盔林,6363,2025.4.9,12,12:52:00,2025-04-09T12:52:00+09:00,1
盔林,6363,2025.4.9,15,15:26:00,2025-04-09T15:26:00+09:00,2
盔林,6363,2025.4.9,07,7:01:00,2025-04-09T07:01:00+09:00,5
盔林,6363,2025.4.9,24,0:44:00,2025-04-10T00:44:00+09:00,4
盔林,6363,2025.4.9,25,1:58:00,2025-04-10T01:58:00+09:00,4
盔林,6363,2025.4.9,13,13:51:00,2025-04-09T13:51:00+09:00,1
盔林,6363,2025.4.9,22,22:39:00,2025-04-09T22:39:00+09:00,4
盔林,6363,2025.4.9,05,5:44:00,2025-04-09T05:44:00+09:00,1
盔林,6363,2025.4.9,25,1:20:00,2025-04-10T01:20:00+09:00,5
盔林,6363,2025.4.9,10,10:27:00,2025-04-09T10:27:00+09:00,1
盔林,6363,2025.4.9,10,10:30:00,2025-04-09T10:30:00+09:00,1
盔林,6363,2025.4.9,17,17:18:00,2025-04-09T17:18:00+09:00,3
盔林,6363,2025.4.9,20,20:32:00,2025-04-09T20:32:00+09:00,3
盔林,6363,2025.4.9,07,7:22:00,2025-04-09T07:22:00+09:00,1
盔林,6363,2025.4.9,16,16:22:00,2025-04-09T16:22:00+09:00,2
盔林,6363,2025.4.9,09,9:16:00,2025-04-09T09:16:00+09:00,1
盔林,6363,2025.4.9,23,23:22:00,2025-04-09T23:22:00+09:00,4
盔林,6363,2025.4.9,23,23:23:00,2025-04-09T23:23:00+09:00,4
盔林,6363,2025.4.9,08,8:17:00,2025-04-09T08:17:00+09:00,3
盔林,6363,2025.4.9,06,6:00:00,2025-04-09T06:00:00+09:00,1
盔林,6363,2025.4.9,07,7:52:00,2025-04-09T07:52:00+09:00,3
盔林,6363,2025.4.9,21,21:39:00,2025-04-09T21:39:00+09:00,3
盔林,6363,2025.4.9,16,16:31:00,2025-04-09T16:31:00+09:00,2
盔林,6363,2025.4.9,18,18:23:00,2025-04-09T18:23:00+09:00,6
盔林,6363,2025.4.9,13,13:31:00,2025-04-09T13:31:00+09:00,1
盔林,6363,2025.4.9,16,16:38:00,2025-04-09T16:38:00+09:00,1
盔林,6363,2025.4.9,22,22:28:00,2025-04-09T22:28:00+09:00,3
盔林,6363,2025.4.9,14,14:07:00,2025-04-09T14:07:00+09:00,1
盔林,6363,2025.4.9,23,23:46:00,2025-04-09T23:46:00+09:00,3
盔林,6363,2025.4.9,20,20:21:00,2025-04-09T20:21:00+09:00,4
盔林,6363,2025.4.9,17,17:27:00,2025-04-09T17:27:00+09:00,4
盔林,6363,2025.4.9,19,19:11:00,2025-04-09T19:11:00+09:00,5
盔林,6363,2025.4.9,15,15:28:00,2025-04-09T15:28:00+09:00,1
盔林,6363,2025.4.9,24,0:47:00,2025-04-10T00:47:00+09:00,4
盔林,6363,2025.4.9,24,0:25:00,2025-04-10T00:25:00+09:00,4
盔林,6363,2025.4.9,25,1:26:00,2025-04-10T01:26:00+09:00,6
盔林,6363,2025.4.9,27,3:26:00,2025-04-10T03:26:00+09:00,1
盔林,6363,2025.4.9,16,16:20:00,2025-04-09T16:20:00+09:00,2
盔林,6363,2025.4.9,14,14:15:00,2025-04-09T14:15:00+09:00,1
盔林,6363,2025.4.9,11,11:36:00,2025-04-09T11:36:00+09:00,3
盔林,6363,2025.4.9,21,21:04:00,2025-04-09T21:04:00+09:00,1
盔林,6363,2025.4.9,19,19:42:00,2025-04-09T19:42:00+09:00,4
盔林,6363,2025.4.9,26,2:00:00,2025-04-10T02:00:00+09:00,3
盔林,6363,2025.4.9,05,5:12:00,2025-04-09T05:12:00+09:00,1
盔林,6363,2025.4.9,11,11:39:00,2025-04-09T11:39:00+09:00,3
盔林,6363,2025.4.9,17,17:52:00,2025-04-09T17:52:00+09:00,5
盔林,6363,2025.4.9,10,10:44:00,2025-04-09T10:44:00+09:00,2
盔林,6363,2025.4.9,20,20:18:00,2025-04-09T20:18:00+09:00,3
盔林,6363,2025.4.9,23,23:53:00,2025-04-09T23:53:00+09:00,3
盔林,6363,2025.4.9,25,1:59:00,2025-04-10T01:59:00+09:00,3
盔林,6363,2025.4.9,12,12:45:00,2025-04-09T12:45:00+09:00,1
盔林,6363,2025.4.9,10,10:13:00,2025-04-09T10:13:00+09:00,2
盔林,6363,2025.4.9,15,15:31:00,2025-04-09T15:31:00+09:00,1
盔林,6363,2025.4.9,15,15:16:00,2025-04-09T15:16:00+09:00,1
盔林,6363,2025.4.9,16,16:53:00,2025-04-09T16:53:00+09:00,2
盔林,6363,2025.4.9,13,13:43:00,2025-04-09T13:43:00+09:00,2
盔林,6363,2025.4.9,05,5:35:00,2025-04-09T05:35:00+09:00,1
盔林,6363,2025.4.9,05,5:49:00,2025-04-09T05:49:00+09:00,1
盔林,6363,2025.4.9,04,4:32:00,2025-04-09T04:32:00+09:00,1
盔林,6363,2025.4.9,06,6:11:00,2025-04-09T06:11:00+09:00,3
盔林,6363,2025.4.9,17,17:22:00,2025-04-09T17:22:00+09:00,3
盔林,6363,2025.4.9,16,16:46:00,2025-04-09T16:46:00+09:00,3
盔林,6363,2025.4.9,22,22:12:00,2025-04-09T22:12:00+09:00,2
盔林,6363,2025.4.9,06,6:02:00,2025-04-09T06:02:00+09:00,1
盔林,6363,2025.4.9,11,11:42:00,2025-04-09T11:42:00+09:00,3
盔林,6363,2025.4.9,27,3:05:00,2025-04-10T03:05:00+09:00,1
盔林,6363,2025.4.9,17,17:39:00,2025-04-09T17:39:00+09:00,4
盔林,6363,2025.4.9,20,20:58:00,2025-04-09T20:58:00+09:00,2
盔林,6363,2025.4.9,23,23:02:00,2025-04-09T23:02:00+09:00,2
盔林,6363,2025.4.9,19,19:39:00,2025-04-09T19:39:00+09:00,4
盔林,6363,2025.4.9,15,15:00:00,2025-04-09T15:00:00+09:00,1
盔林,6363,2025.4.9,18,18:45:00,2025-04-09T18:45:00+09:00,6
盔林,6363,2025.4.9,17,17:35:00,2025-04-09T17:35:00+09:00,4
盔林,6363,2025.4.9,12,12:48:00,2025-04-09T12:48:00+09:00,1
盔林,6363,2025.4.9,17,17:25:00,2025-04-09T17:25:00+09:00,4
盔林,6363,2025.4.9,16,16:59:00,2025-04-09T16:59:00+09:00,3
盔林,6363,2025.4.9,05,5:50:00,2025-04-09T05:50:00+09:00,1
盔林,6363,2025.4.9,19,19:00:00,2025-04-09T19:00:00+09:00,5
盔林,6363,2025.4.9,05,5:30:00,2025-04-09T05:30:00+09:00,1
盔林,6363,2025.4.9,05,5:32:00,2025-04-09T05:32:00+09:00,1
盔林,6363,2025.4.9,10,10:43:00,2025-04-09T10:43:00+09:00,2
盔林,6363,2025.4.9,07,7:57:00,2025-04-09T07:57:00+09:00,3
盔林,6363,2025.4.9,25,1:27:00,2025-04-10T01:27:00+09:00,6
盔林,6363,2025.4.9,14,14:51:00,2025-04-09T14:51:00+09:00,1
盔林,6363,2025.4.9,24,0:00:00,2025-04-10T00:00:00+09:00,2
盔林,6363,2025.4.9,25,1:41:00,2025-04-10T01:41:00+09:00,3
盔林,6363,2025.4.9,06,6:45:00,2025-04-09T06:45:00+09:00,3
盔林,6363,2025.4.9,06,6:46:00,2025-04-09T06:46:00+09:00,1
盔林,6363,2025.4.9,14,14:56:00,2025-04-09T14:56:00+09:00,1
盔林,6363,2025.4.9,11,11:11:00,2025-04-09T11:11:00+09:00,3
盔林,6363,2025.4.9,18,18:07:00,2025-04-09T18:07:00+09:00,6
盔林,6363,2025.4.9,27,3:34:00,2025-04-10T03:34:00+09:00,1
盔林,6363,2025.4.9,19,19:14:00,2025-04-09T19:14:00+09:00,5
盔林,6363,2025.4.9,12,12:13:00,2025-04-09T12:13:00+09:00,2
盔林,6363,2025.4.9,07,7:36:00,2025-04-09T07:36:00+09:00,1
盔林,6363,2025.4.9,08,8:26:00,2025-04-09T08:26:00+09:00,3
盔林,6363,2025.4.9,04,4:59:00,2025-04-09T04:59:00+09:00,1
盔林,6363,2025.4.9,24,0:07:00,2025-04-10T00:07:00+09:00,1
盔林,6363,2025.4.9,04,4:16:00,2025-04-09T04:16:00+09:00,1
盔林,6363,2025.4.9,19,19:10:00,2025-04-09T19:10:00+09:00,5
盔林,6363,2025.4.9,26,2:53:00,2025-04-10T02:53:00+09:00,4
盔林,6363,2025.4.9,11,11:02:00,2025-04-09T11:02:00+09:00,3
盔林,6363,2025.4.9,09,9:36:00,2025-04-09T09:36:00+09:00,1
盔林,6363,2025.4.9,22,22:32:00,2025-04-09T22:32:00+09:00,3
盔林,6363,2025.4.9,05,5:59:00,2025-04-09T05:59:00+09:00,1
盔林,6363,2025.4.9,22,22:25:00,2025-04-09T22:25:00+09:00,3
盔林,6363,2025.4.9,04,4:27:00,2025-04-09T04:27:00+09:00,1
盔林,6363,2025.4.9,14,14:42:00,2025-04-09T14:42:00+09:00,1
盔林,6363,2025.4.9,19,19:50:00,2025-04-09T19:50:00+09:00,4
盔林,6363,2025.4.9,19,19:51:00,2025-04-09T19:51:00+09:00,4
盔林,6363,2025.4.9,15,15:43:00,2025-04-09T15:43:00+09:00,3
盔林,6363,2025.4.9,11,11:50:00,2025-04-09T11:50:00+09:00,2
盔林,6363,2025.4.9,04,4:13:00,2025-04-09T04:13:00+09:00,1
盔林,6363,2025.4.9,12,12:30:00,2025-04-09T12:30:00+09:00,1
盔林,6363,2025.4.9,24,0:29:00,2025-04-10T00:29:00+09:00,3
盔林,6363,2025.4.9,22,22:04:00,2025-04-09T22:04:00+09:00,3
盔林,6363,2025.4.9,19,19:28:00,2025-04-09T19:28:00+09:00,5
盔林,6363,2025.4.9,10,10:18:00,2025-04-09T10:18:00+09:00,2
盔林,6363,2025.4.9,12,12:14:00,2025-04-09T12:14:00+09:00,3
盔林,6363,2025.4.9,09,9:38:00,2025-04-09T09:38:00+09:00,2
盔林,6363,2025.4.9,16,16:56:00,2025-04-09T16:56:00+09:00,2
盔林,6363,2025.4.9,14,14:32:00,2025-04-09T14:32:00+09:00,1
盔林,6363,2025.4.9,06,6:05:00,2025-04-09T06:05:00+09:00,3
盔林,6363,2025.4.9,06,6:07:00,2025-04-09T06:07:00+09:00,5
盔林,6363,2025.4.9,20,20:46:00,2025-04-09T20:46:00+09:00,3
盔林,6363,2025.4.9,18,18:19:00,2025-04-09T18:19:00+09:00,6
盔林,6363,2025.4.9,25,1:40:00,2025-04-10T01:40:00+09:00,3
盔林,6363,2025.4.9,17,17:10:00,2025-04-09T17:10:00+09:00,3
盔林,6363,2025.4.9,05,5:25:00,2025-04-09T05:25:00+09:00,1
盔林,6363,2025.4.9,11,11:48:00,2025-04-09T11:48:00+09:00,2
盔林,6363,2025.4.9,17,17:15:00,2025-04-09T17:15:00+09:00,2
盔林,6363,2025.4.9,15,15:54:00,2025-04-09T15:54:00+09:00,2
盔林,6363,2025.4.9,09,9:55:00,2025-04-09T09:55:00+09:00,1
盔林,6363,2025.4.9,26,2:31:00,2025-04-10T02:31:00+09:00,4
盔林,6363,2025.4.9,08,8:01:00,2025-04-09T08:01:00+09:00,1
盔林,6363,2025.4.9,06,6:48:00,2025-04-09T06:48:00+09:00,1
盔林,6363,2025.4.9,07,7:16:00,2025-04-09T07:16:00+09:00,5
盔林,6363,2025.4.9,05,5:40:00,2025-04-09T05:40:00+09:00,1
盔林,6363,2025.4.9,07,7:12:00,2025-04-09T07:12:00+09:00,6
盔林,6363,2025.4.9,24,0:34:00,2025-04-10T00:34:00+09:00,3
盔林,6363,2025.4.9,21,21:51:00,2025-04-09T21:51:00+09:00,3
盔林,6363,2025.4.9,08,8:36:00,2025-04-09T08:36:00+09:00,3
盔林,6363,2025.4.9,11,11:38:00,2025-04-09T11:38:00+09:00,3
盔林,6363,2025.4.9,22,22:45:00,2025-04-09T22:45:00+09:00,4
盔林,6363,2025.4.9,08,8:42:00,2025-04-09T08:42:00+09:00,1
盔林,6363,2025.4.9,25,1:48:00,2025-04-10T01:48:00+09:00,4
盔林,6363,2025.4.9,26,2:54:00,2025-04-10T02:54:00+09:00,3
盔林,6363,2025.4.9,22,22:57:00,2025-04-09T22:57:00+09:00,3
盔林,6363,2025.4.9,20,20:52:00,2025-04-09T20:52:00+09:00,2
盔林,6363,2025.4.9,24,0:57:00,2025-04-10T00:57:00+09:00,4
盔林,6363,2025.4.9,22,22:26:00,2025-04-09T22:26:00+09:00,3
盔林,6363,2025.4.9,17,17:04:00,2025-04-09T17:04:00+09:00,3
盔林,6363,2025.4.9,12,12:01:00,2025-04-09T12:01:00+09:00,2
盔林,6363,2025.4.9,17,17:05:00,2025-04-09T17:05:00+09:00,3
盔林,6363,2025.4.9,07,7:21:00,2025-04-09T07:21:00+09:00,1
盔林,6363,2025.4.9,19,19:32:00,2025-04-09T19:32:00+09:00,5
盔林,6363,2025.4.9,12,12:25:00,2025-04-09T12:25:00+09:00,1
盔林,6363,2025.4.9,14,14:46:00,2025-04-09T14:46:00+09:00,1
盔林,6363,2025.4.9,08,8:56:00,2025-04-09T08:56:00+09:00,1
盔林,6363,2025.4.9,24,0:48:00,2025-04-10T00:48:00+09:00,4
盔林,6363,2025.4.9,14,14:28:00,2025-04-09T14:28:00+09:00,1
盔林,6363,2025.4.9,16,16:33:00,2025-04-09T16:33:00+09:00,2
盔林,6363,2025.4.9,16,16:23:00,2025-04-09T16:23:00+09:00,2
盔林,6363,2025.4.9,04,4:12:00,2025-04-09T04:12:00+09:00,1
盔林,6363,2025.4.9,07,7:58:00,2025-04-09T07:58:00+09:00,2
盔林,6363,2025.4.9,15,15:22:00,2025-04-09T15:22:00+09:00,1
盔林,6363,2025.4.9,13,13:48:00,2025-04-09T13:48:00+09:00,1
盔林,6363,2025.4.9,27,3:40:00,2025-04-10T03:40:00+09:00,1
盔林,6363,2025.4.9,05,5:52:00,2025-04-09T05:52:00+09:00,1
盔林,6363,2025.4.9,22,22:20:00,2025-04-09T22:20:00+09:00,2
盔林,6363,2025.4.9,20,20:45:00,2025-04-09T20:45:00+09:00,3
盔林,6363,2025.4.9,18,18:01:00,2025-04-09T18:01:00+09:00,6
盔林,6363,2025.4.9,09,9:22:00,2025-04-09T09:22:00+09:00,2
盔林,6363,2025.4.9,08,8:13:00,2025-04-09T08:13:00+09:00,5
盔林,6363,2025.4.9,13,13:27:00,2025-04-09T13:27:00+09:00,1
盔林,6363,2025.4.9,07,7:32:00,2025-04-09T07:32:00+09:00,1
盔林,6363,2025.4.9,10,10:48:00,2025-04-09T10:48:00+09:00,2
盔林,6363,2025.4.9,12,12:07:00,2025-04-09T12:07:00+09:00,2
盔林,6363,2025.4.9,08,8:03:00,2025-04-09T08:03:00+09:00,3
盔林,6363,2025.4.9,21,21:01:00,2025-04-09T21:01:00+09:00,2
盔林,6363,2025.4.9,20,20:37:00,2025-04-09T20:37:00+09:00,3
盔林,6363,2025.4.9,09,9:13:00,2025-04-09T09:13:00+09:00,1
盔林,6363,2025.4.9,26,2:55:00,2025-04-10T02:55:00+09:00,2
盔林,6363,2025.4.9,15,15:57:00,2025-04-09T15:57:00+09:00,2
盔林,6363,2025.4.9,12,12:46:00,2025-04-09T12:46:00+09:00,1
盔林,6363,2025.4.9,25,1:31:00,2025-04-10T01:31:00+09:00,4
盔林,6363,2025.4.9,12,12:49:00,2025-04-09T12:49:00+09:00,1
盔林,6363,2025.4.9,14,14:01:00,2025-04-09T14:01:00+09:00,1
盔林,6363,2025.4.9,22,22:06:00,2025-04-09T22:06:00+09:00,3
盔林,6363,2025.4.9,27,3:15:00,2025-04-10T03:15:00+09:00,1
盔林,6363,2025.4.9,23,23:56:00,2025-04-09T23:56:00+09:00,2
盔林,6363,2025.4.9,06,6:12:00,2025-04-09T06:12:00+09:00,3
盔林,6363,2025.4.9,06,6:41:00,2025-04-09T06:41:00+09:00,7
盔林,6363,2025.4.9,26,2:07:00,2025-04-10T02:07:00+09:00,4
盔林,6363,2025.4.9,13,13:58:00,2025-04-09T13:58:00+09:00,1
盔林,6363,2025.4.9,05,5:53:00,2025-04-09T05:53:00+09:00,1
盔林,6363,2025.4.9,05,5:04:00,2025-04-09T05:04:00+09:00,1
盔林,6363,2025.4.9,23,23:04:00,2025-04-09T23:04:00+09:00,2
盔林,6363,2025.4.9,22,22:49:00,2025-04-09T22:49:00+09:00,3
盔林,6363,2025.4.9,08,8:21:00,2025-04-09T08:21:00+09:00,5
盔林,6363,2025.4.9,15,15:18:00,2025-04-09T15:18:00+09:00,1
盔林,6363,2025.4.9,07,7:13:00,2025-04-09T07:13:00+09:00,5
盔林,6363,2025.4.9,11,11:00:00,2025-04-09T11:00:00+09:00,2
盔林,6363,2025.4.9,04,4:10:00,2025-04-09T04:10:00+09:00,1
盔林,6363,2025.4.9,20,20:19:00,2025-04-09T20:19:00+09:00,3
盔林,6363,2025.4.9,09,9:19:00,2025-04-09T09:19:00+09:00,2
盔林,6363,2025.4.9,20,20:42:00,2025-04-09T20:42:00+09:00,2
盔林,6363,2025.4.9,23,23:59:00,2025-04-09T23:59:00+09:00,2
盔林,6363,2025.4.9,24,0:20:00,2025-04-10T00:20:00+09:00,3
盔林,6363,2025.4.9,22,22:29:00,2025-04-09T22:29:00+09:00,3
盔林,6363,2025.4.9,17,17:40:00,2025-04-09T17:40:00+09:00,4
盔林,6363,2025.4.9,11,11:54:00,2025-04-09T11:54:00+09:00,2
盔林,6363,2025.4.9,27,3:01:00,2025-04-10T03:01:00+09:00,1
盔林,6363,2025.4.9,04,4:33:00,2025-04-09T04:33:00+09:00,1
盔林,6363,2025.4.9,21,21:41:00,2025-04-09T21:41:00+09:00,3
盔林,6363,2025.4.9,24,0:02:00,2025-04-10T00:02:00+09:00,1
盔林,6363,2025.4.9,09,9:07:00,2025-04-09T09:07:00+09:00,4
盔林,6363,2025.4.9,22,22:23:00,2025-04-09T22:23:00+09:00,3
盔林,6363,2025.4.9,08,8:02:00,2025-04-09T08:02:00+09:00,2
盔林,6363,2025.4.9,12,12:12:00,2025-04-09T12:12:00+09:00,2
盔林,6363,2025.4.9,26,2:19:00,2025-04-10T02:19:00+09:00,3
盔林,6363,2025.4.9,14,14:09:00,2025-04-09T14:09:00+09:00,1
盔林,6363,2025.4.9,08,8:46:00,2025-04-09T08:46:00+09:00,4
盔林,6363,2025.4.9,24,0:40:00,2025-04-10T00:40:00+09:00,4
盔林,6363,2025.4.9,07,7:46:00,2025-04-09T07:46:00+09:00,1
盔林,6363,2025.4.9,21,21:46:00,2025-04-09T21:46:00+09:00,3
盔林,6363,2025.4.9,05,5:00:00,2025-04-09T05:00:00+09:00,1
盔林,6363,2025.4.9,10,10:06:00,2025-04-09T10:06:00+09:00,1
盔林,6363,2025.4.9,10,10:07:00,2025-04-09T10:07:00+09:00,1
盔林,6363,2025.4.9,20,20:05:00,2025-04-09T20:05:00+09:00,3
盔林,6363,2025.4.9,20,20:06:00,2025-04-09T20:06:00+09:00,3
盔林,6363,2025.4.9,10,10:12:00,2025-04-09T10:12:00+09:00,2
盔林,6363,2025.4.9,21,21:32:00,2025-04-09T21:32:00+09:00,3
盔林,6363,2025.4.9,27,3:37:00,2025-04-10T03:37:00+09:00,1
盔林,6363,2025.4.9,21,21:52:00,2025-04-09T21:52:00+09:00,3
盔林,6363,2025.4.9,12,12:02:00,2025-04-09T12:02:00+09:00,1
盔林,6363,2025.4.9,24,0:16:00,2025-04-10T00:16:00+09:00,1
盔林,6363,2025.4.9,21,21:10:00,2025-04-09T21:10:00+09:00,3
盔林,6363,2025.4.9,21,21:13:00,2025-04-09T21:13:00+09:00,3
盔林,6363,2025.4.9,19,19:17:00,2025-04-09T19:17:00+09:00,4
盔林,6363,2025.4.9,18,18:26:00,2025-04-09T18:26:00+09:00,6
盔林,6363,2025.4.9,05,5:06:00,2025-04-09T05:06:00+09:00,1
盔林,6363,2025.4.9,21,21:38:00,2025-04-09T21:38:00+09:00,3
盔林,6363,2025.4.9,05,5:15:00,2025-04-09T05:15:00+09:00,1
盔林,6363,2025.4.9,16,16:47:00,2025-04-09T16:47:00+09:00,3
盔林,6363,2025.4.9,09,9:40:00,2025-04-09T09:40:00+09:00,2
盔林,6363,2025.4.9,20,20:38:00,2025-04-09T20:38:00+09:00,3
盔林,6363,2025.4.9,05,5:57:00,2025-04-09T05:57:00+09:00,1
盔林,6363,2025.4.9,21,21:58:00,2025-04-09T21:58:00+09:00,5
盔林,6363,2025.4.9,18,18:50:00,2025-04-09T18:50:00+09:00,7
盔林,6363,2025.4.9,25,1:19:00,2025-04-10T01:19:00+09:00,4
盔林,6363,2025.4.9,18,18:17:00,2025-04-09T18:17:00+09:00,5
盔林,6363,2025.4.9,21,21:12:00,2025-04-09T21:12:00+09:00,3
盔林,6363,2025.4.9,08,8:29:00,2025-04-09T08:29:00+09:00,3
盔林,6363,2025.4.9,17,17:36:00,2025-04-09T17:36:00+09:00,4
盔林,6363,2025.4.9,21,21:20:00,2025-04-09T21:20:00+09:00,3
盔林,6363,2025.4.9,18,18:03:00,2025-04-09T18:03:00+09:00,5
盔林,6363,2025.4.9,06,6:44:00,2025-04-09T06:44:00+09:00,6
盔林,6363,2025.4.9,25,1:46:00,2025-04-10T01:46:00+09:00,3
盔林,6363,2025.4.9,21,21:56:00,2025-04-09T21:56:00+09:00,5
盔林,6363,2025.4.9,27,3:10:00,2025-04-10T03:10:00+09:00,1
盔林,6363,2025.4.9,27,3:12:00,2025-04-10T03:12:00+09:00,1
盔林,6363,2025.4.9,11,11:35:00,2025-04-09T11:35:00+09:00,3
盔林,6363,2025.4.9,27,3:22:00,2025-04-10T03:22:00+09:00,1
盔林,6363,2025.4.9,23,23:10:00,2025-04-09T23:10:00+09:00,3
盔林,6363,2025.4.9,09,9:05:00,2025-04-09T09:05:00+09:00,3
盔林,6363,2025.4.9,17,17:49:00,2025-04-09T17:49:00+09:00,5
盔林,6363,2025.4.9,17,17:30:00,2025-04-09T17:30:00+09:00,4
盔林,6363,2025.4.9,18,18:29:00,2025-04-09T18:29:00+09:00,6
盔林,6363,2025.4.9,26,2:22:00,2025-04-10T02:22:00+09:00,3
盔林,6363,2025.4.9,14,14:23:00,2025-04-09T14:23:00+09:00,1
盔林,6363,2025.4.9,25,1:38:00,2025-04-10T01:38:00+09:00,3
盔林,6363,2025.4.9,08,8:37:00,2025-04-09T08:37:00+09:00,3
盔林,6363,2025.4.9,12,12:37:00,2025-04-09T12:37:00+09:00,1
盔林,6363,2025.4.9,06,6:31:00,2025-04-09T06:31:00+09:00,6
盔林,6363,2025.4.9,23,23:14:00,2025-04-09T23:14:00+09:00,4
盔林,6363,2025.4.9,15,15:24:00,2025-04-09T15:24:00+09:00,1
盔林,6363,2025.4.9,09,9:50:00,2025-04-09T09:50:00+09:00,1
盔林,6363,2025.4.9,09,9:51:00,2025-04-09T09:51:00+09:00,1
盔林,6363,2025.4.9,23,23:00:00,2025-04-09T23:00:00+09:00,3
盔林,6363,2025.4.9,04,4:25:00,2025-04-09T04:25:00+09:00,1
盔林,6363,2025.4.9,10,10:39:00,2025-04-09T10:39:00+09:00,1
盔林,6363,2025.4.9,23,23:34:00,2025-04-09T23:34:00+09:00,4
盔林,6363,2025.4.9,18,18:21:00,2025-04-09T18:21:00+09:00,6
盔林,6363,2025.4.9,18,18:12:00,2025-04-09T18:12:00+09:00,6
盔林,6363,2025.4.9,04,4:35:00,2025-04-09T04:35:00+09:00,1
盔林,6363,2025.4.9,04,4:36:00,2025-04-09T04:36:00+09:00,1
盔林,6363,2025.4.9,06,6:16:00,2025-04-09T06:16:00+09:00,3
盔林,6363,2025.4.9,10,10:41:00,2025-04-09T10:41:00+09:00,1
盔林,6363,2025.4.9,17,17:56:00,2025-04-09T17:56:00+09:00,6
盔林,6363,2025.4.9,09,9:42:00,2025-04-09T09:42:00+09:00,2
盔林,6363,2025.4.9,26,2:40:00,2025-04-10T02:40:00+09:00,3
盔林,6363,2025.4.9,22,22:27:00,2025-04-09T22:27:00+09:00,3
盔林,6363,2025.4.9,11,11:26:00,2025-04-09T11:26:00+09:00,4
盔林,6363,2025.4.9,24,0:22:00,2025-04-10T00:22:00+09:00,3
盔林,6363,2025.4.9,06,6:06:00,2025-04-09T06:06:00+09:00,5
盔林,6363,2025.4.9,24,0:17:00,2025-04-10T00:17:00+09:00,2
盔林,6363,2025.4.9,14,14:50:00,2025-04-09T14:50:00+09:00,1
盔林,6363,2025.4.9,18,18:48:00,2025-04-09T18:48:00+09:00,6
盔林,6363,2025.4.9,18,18:39:00,2025-04-09T18:39:00+09:00,6
盔林,6363,2025.4.9,21,21:05:00,2025-04-09T21:05:00+09:00,1
盔林,6363,2025.4.9,17,17:54:00,2025-04-09T17:54:00+09:00,6
盔林,6363,2025.4.9,21,21:34:00,2025-04-09T21:34:00+09:00,4
盔林,6363,2025.4.9,06,6:13:00,2025-04-09T06:13:00+09:00,3
盔林,6363,2025.4.9,22,22:22:00,2025-04-09T22:22:00+09:00,2
盔林,6363,2025.4.9,11,11:07:00,2025-04-09T11:07:00+09:00,3
盔林,6363,2025.4.9,19,19:41:00,2025-04-09T19:41:00+09:00,4
盔林,6363,2025.4.9,09,9:31:00,2025-04-09T09:31:00+09:00,1
盔林,6363,2025.4.9,23,23:28:00,2025-04-09T23:28:00+09:00,3
盔林,6363,2025.4.9,04,4:06:00,2025-04-09T04:06:00+09:00,1
盔林,6363,2025.4.9,13,13:16:00,2025-04-09T13:16:00+09:00,2
盔林,6363,2025.4.9,04,4:15:00,2025-04-09T04:15:00+09:00,1
盔林,6363,2025.4.9,26,2:57:00,2025-04-10T02:57:00+09:00,1
盔林,6363,2025.4.9,18,18:14:00,2025-04-09T18:14:00+09:00,6
盔林,6363,2025.4.9,18,18:05:00,2025-04-09T18:05:00+09:00,5
盔林,6363,2025.4.9,15,15:30:00,2025-04-09T15:30:00+09:00,1
盔林,6363,2025.4.9,25,1:21:00,2025-04-10T01:21:00+09:00,5
盔林,6363,2025.4.9,23,23:50:00,2025-04-09T23:50:00+09:00,4
盔林,6363,2025.4.9,16,16:58:00,2025-04-09T16:58:00+09:00,2
盔林,6363,2025.4.9,21,21:49:00,2025-04-09T21:49:00+09:00,3
盔林,6363,2025.4.9,14,14:43:00,2025-04-09T14:43:00+09:00,1
盔林,6363,2025.4.9,04,4:30:00,2025-04-09T04:30:00+09:00,1
盔林,6363,2025.4.9,11,11:49:00,2025-04-09T11:49:00+09:00,2
盔林,6363,2025.4.9,26,2:39:00,2025-04-10T02:39:00+09:00,4
盔林,6363,2025.4.9,24,0:12:00,2025-04-10T00:12:00+09:00,1
盔林,6363,2025.4.9,23,23:08:00,2025-04-09T23:08:00+09:00,2
盔林,6363,2025.4.9,09,9:08:00,2025-04-09T09:08:00+09:00,4
盔林,6363,2025.4.9,06,6:17:00,2025-04-09T06:17:00+09:00,4
盔林,6363,2025.4.9,07,7:42:00,2025-04-09T07:42:00+09:00,2
盔林,6363,2025.4.9,23,23:32:00,2025-04-09T23:32:00+09:00,4
盔林,6363,2025.4.9,26,2:12:00,2025-04-10T02:12:00+09:00,4
盔林,6363,2025.4.9,20,20:12:00,2025-04-09T20:12:00+09:00,3
盔林,6363,2025.4.9,13,13:04:00,2025-04-09T13:04:00+09:00,2
盔林,6363,2025.4.9,06,6:20:00,2025-04-09T06:20:00+09:00,6
盔林,6363,2025.4.9,23,23:58:00,2025-04-09T23:58:00+09:00,2
盔林,6363,2025.4.9,14,14:14:00,2025-04-09T14:14:00+09:00,1
盔林,6363,2025.4.9,06,6:27:00,2025-04-09T06:27:00+09:00,6
盔林,6363,2025.4.9,17,17:26:00,2025-04-09T17:26:00+09:00,4
盔林,6363,2025.4.9,22,22:19:00,2025-04-09T22:19:00+09:00,2
盔林,6363,2025.4.9,08,8:05:00,2025-04-09T08:05:00+09:00,2
盔林,6363,2025.4.9,08,8:07:00,2025-04-09T08:07:00+09:00,3
盔林,6363,2025.4.9,23,23:35:00,2025-04-09T23:35:00+09:00,4
盔林,6363,2025.4.9,16,16:17:00,2025-04-09T16:17:00+09:00,2
盔林,6363,2025.4.9,17,17:38:00,2025-04-09T17:38:00+09:00,4
盔林,6363,2025.4.9,26,2:17:00,2025-04-10T02:17:00+09:00,3
盔林,6363,2025.4.9,06,6:47:00,2025-04-09T06:47:00+09:00,1
盔林,6363,2025.4.9,21,21:35:00,2025-04-09T21:35:00+09:00,4
盔林,6363,2025.4.9,12,12:05:00,2025-04-09T12:05:00+09:00,2
盔林,6363,2025.4.9,25,1:36:00,2025-04-10T01:36:00+09:00,3
盔林,6363,2025.4.9,15,15:19:00,2025-04-09T15:19:00+09:00,1
盔林,6363,2025.4.9,20,20:26:00,2025-04-09T20:26:00+09:00,4
盔林,6363,2025.4.9,13,13:01:00,2025-04-09T13:01:00+09:00,2
盔林,6363,2025.4.9,26,2:01:00,2025-04-10T02:01:00+09:00,3
盔林,6363,2025.4.9,24,0:30:00,2025-04-10T00:30:00+09:00,4
盔林,6363,2025.4.9,23,23:12:00,2025-04-09T23:12:00+09:00,3
盔林,6363,2025.4.9,13,13:08:00,2025-04-09T13:08:00+09:00,2
盔林,6363,2025.4.9,21,21:42:00,2025-04-09T21:42:00+09:00,3
盔林,6363,2025.4.9,12,12:34:00,2025-04-09T12:34:00+09:00,2
盔林,6363,2025.4.9,05,5:38:00,2025-04-09T05:38:00+09:00,1
盔林,6363,2025.4.9,05,5:02:00,2025-04-09T05:02:00+09:00,1
盔林,6363,2025.4.9,20,20:17:00,2025-04-09T20:17:00+09:00,3
盔林,6363,2025.4.9,17,17:08:00,2025-04-09T17:08:00+09:00,3
盔林,6363,2025.4.9,05,5:33:00,2025-04-09T05:33:00+09:00,1
盔林,6363,2025.4.9,20,20:31:00,2025-04-09T20:31:00+09:00,4
盔林,6363,2025.4.9,08,8:39:00,2025-04-09T08:39:00+09:00,3
盔林,6363,2025.4.9,24,0:15:00,2025-04-10T00:15:00+09:00,1
盔林,6363,2025.4.9,08,8:54:00,2025-04-09T08:54:00+09:00,1
盔林,6363,2025.4.9,23,23:07:00,2025-04-09T23:07:00+09:00,2
盔林,6363,2025.4.9,24,0:28:00,2025-04-10T00:28:00+09:00,3
盔林,6363,2025.4.9,07,7:05:00,2025-04-09T07:05:00+09:00,5
盔林,6363,2025.4.9,06,6:36:00,2025-04-09T06:36:00+09:00,7
盔林,6363,2025.4.9,26,2:48:00,2025-04-10T02:48:00+09:00,2
盔林,6363,2025.4.9,13,13:30:00,2025-04-09T13:30:00+09:00,1
盔林,6363,2025.4.9,15,15:10:00,2025-04-09T15:10:00+09:00,2
盔林,6363,2025.4.9,21,21:31:00,2025-04-09T21:31:00+09:00,3
盔林,6363,2025.4.9,23,23:45:00,2025-04-09T23:45:00+09:00,2
盔林,6363,2025.4.9,06,6:34:00,2025-04-09T06:34:00+09:00,6
盔林,6363,2025.4.9,26,2:08:00,2025-04-10T02:08:00+09:00,4
盔林,6363,2025.4.9,15,15:55:00,2025-04-09T15:55:00+09:00,2
盔林,6363,2025.4.9,27,3:42:00,2025-04-10T03:42:00+09:00,1
盔林,6363,2025.4.9,04,4:51:00,2025-04-09T04:51:00+09:00,1
盔林,6363,2025.4.9,04,4:52:00,2025-04-09T04:52:00+09:00,1
盔林,6363,2025.4.9,24,0:50:00,2025-04-10T00:50:00+09:00,4
盔林,6363,2025.4.9,25,1:25:00,2025-04-10T01:25:00+09:00,6
盔林,6363,2025.4.9,27,3:27:00,2025-04-10T03:27:00+09:00,1
盔林,6363,2025.4.9,14,14:12:00,2025-04-09T14:12:00+09:00,1
盔林,6363,2025.4.9,25,1:56:00,2025-04-10T01:56:00+09:00,5
盔林,6363,2025.4.9,05,5:26:00,2025-04-09T05:26:00+09:00,1
盔林,6363,2025.4.9,11,11:40:00,2025-04-09T11:40:00+09:00,3
盔林,6363,2025.4.9,14,14:57:00,2025-04-09T14:57:00+09:00,1
盔林,6363,2025.4.9,12,12:53:00,2025-04-09T12:53:00+09:00,1
盔林,6363,2025.4.9,07,7:53:00,2025-04-09T07:53:00+09:00,4
盔林,6363,2025.4.9,26,2:18:00,2025-04-10T02:18:00+09:00,3
盔林,6363,2025.4.9,26,2:52:00,2025-04-10T02:52:00+09:00,4
盔林,6363,2025.4.9,20,20:23:00,2025-04-09T20:23:00+09:00,3
盔林,6363,2025.4.9,16,16:10:00,2025-04-09T16:10:00+09:00,2
盔林,6363,2025.4.9,24,0:53:00,2025-04-10T00:53:00+09:00,4
盔林,6363,2025.4.9,07,7:00:00,2025-04-09T07:00:00+09:00,4
盔林,6363,2025.4.9,14,14:53:00,2025-04-09T14:53:00+09:00,1
盔林,6363,2025.4.9,17,17:46:00,2025-04-09T17:46:00+09:00,4
盔林,6363,2025.4.9,19,19:56:00,2025-04-09T19:56:00+09:00,4
盔林,6363,2025.4.9,07,7:04:00,2025-04-09T07:04:00+09:00,5
盔林,6363,2025.4.9,25,1:24:00,2025-04-10T01:24:00+09:00,5
盔林,6363,2025.4.9,09,9:12:00,2025-04-09T09:12:00+09:00,2
盔林,6363,2025.4.9,13,13:53:00,2025-04-09T13:53:00+09:00,1
盔林,6363,2025.4.9,22,22:44:00,2025-04-09T22:44:00+09:00,4
盔林,6363,2025.4.9,14,14:48:00,2025-04-09T14:48:00+09:00,2
盔林,6363,2025.4.9,16,16:57:00,2025-04-09T16:57:00+09:00,2
盔林,6363,2025.4.9,10,10:20:00,2025-04-09T10:20:00+09:00,2
盔林,6363,2025.4.9,17,17:59:00,2025-04-09T17:59:00+09:00,6
盔林,6363,2025.4.9,11,11:06:00,2025-04-09T11:06:00+09:00,3
盔林,6363,2025.4.9,22,22:37:00,2025-04-09T22:37:00+09:00,3
盔林,6363,2025.4.9,26,2:05:00,2025-04-10T02:05:00+09:00,3
盔林,6363,2025.4.9,05,5:54:00,2025-04-09T05:54:00+09:00,1
盔林,6363,2025.4.9,20,20:24:00,2025-04-09T20:24:00+09:00,3
盔林,6363,2025.4.9,04,4:37:00,2025-04-09T04:37:00+09:00,1
盔林,6363,2025.4.9,05,5:07:00,2025-04-09T05:07:00+09:00,1
盔林,6363,2025.4.9,04,4:44:00,2025-04-09T04:44:00+09:00,1
盔林,6363,2025.4.9,16,16:48:00,2025-04-09T16:48:00+09:00,3
盔林,6363,2025.4.9,27,3:06:00,2025-04-10T03:06:00+09:00,1
盔林,6363,2025.4.9,21,21:18:00,2025-04-09T21:18:00+09:00,3
盔林,6363,2025.4.9,18,18:53:00,2025-04-09T18:53:00+09:00,6
盔林,6363,2025.4.9,10,10:19:00,2025-04-09T10:19:00+09:00,2
盔林,6363,2025.4.9,05,5:22:00,2025-04-09T05:22:00+09:00,1
盔林,6363,2025.4.9,13,13:47:00,2025-04-09T13:47:00+09:00,1
盔林,6363,2025.4.9,15,15:07:00,2025-04-09T15:07:00+09:00,1
盔林,6363,2025.4.9,13,13:46:00,2025-04-09T13:46:00+09:00,2
盔林,6363,2025.4.9,22,22:56:00,2025-04-09T22:56:00+09:00,3
盔林,6363,2025.4.9,13,13:33:00,2025-04-09T13:33:00+09:00,1
盔林,6363,2025.4.9,04,4:40:00,2025-04-09T04:40:00+09:00,1
盔林,6363,2025.4.9,04,4:45:00,2025-04-09T04:45:00+09:00,1
盔林,6363,2025.4.9,24,0:11:00,2025-04-10T00:11:00+09:00,1
盔林,6363,2025.4.9,09,9:49:00,2025-04-09T09:49:00+09:00,1
盔林,6363,2025.4.9,09,9:33:00,2025-04-09T09:33:00+09:00,2
盔林,6363,2025.4.9,23,23:24:00,2025-04-09T23:24:00+09:00,4
盔林,6363,2025.4.9,21,21:25:00,2025-04-09T21:25:00+09:00,3
盔林,6363,2025.4.9,24,0:31:00,2025-04-10T00:31:00+09:00,3
盔林,6363,2025.4.9,07,7:15:00,2025-04-09T07:15:00+09:00,5
盔林,6363,2025.4.9,12,12:15:00,2025-04-09T12:15:00+09:00,3
盔林,6363,2025.4.9,20,20:16:00,2025-04-09T20:16:00+09:00,3
盔林,6363,2025.4.9,20,20:43:00,2025-04-09T20:43:00+09:00,3
盔林,6363,2025.4.9,16,16:16:00,2025-04-09T16:16:00+09:00,2
盔林,6363,2025.4.9,13,13:13:00,2025-04-09T13:13:00+09:00,1
盔林,6363,2025.4.9,13,13:52:00,2025-04-09T13:52:00+09:00,1
盔林,6363,2025.4.9,22,22:30:00,2025-04-09T22:30:00+09:00,3
盔林,6363,2025.4.9,13,13:15:00,2025-04-09T13:15:00+09:00,2
盔林,6363,2025.4.9,11,11:37:00,2025-04-09T11:37:00+09:00,3
盔林,6363,2025.4.9,10,10:38:00,2025-04-09T10:38:00+09:00,1
盔林,6363,2025.4.9,17,17:48:00,2025-04-09T17:48:00+09:00,5
盔林,6363,2025.4.9,04,4:17:00,2025-04-09T04:17:00+09:00,1
盔林,6363,2025.4.9,04,4:09:00,2025-04-09T04:09:00+09:00,1
盔林,6363,2025.4.9,08,8:50:00,2025-04-09T08:50:00+09:00,5
盔林,6363,2025.4.9,25,1:34:00,2025-04-10T01:34:00+09:00,2
盔林,6363,2025.4.9,08,8:38:00,2025-04-09T08:38:00+09:00,3
盔林,6363,2025.4.9,05,5:58:00,2025-04-09T05:58:00+09:00,1
盔林,6363,2025.4.9,15,15:59:00,2025-04-09T15:59:00+09:00,2
盔林,6363,2025.4.9,19,19:27:00,2025-04-09T19:27:00+09:00,5
盔林,6363,2025.4.9,10,10:31:00,2025-04-09T10:31:00+09:00,1
盔林,6363,2025.4.9,25,1:04:00,2025-04-10T01:04:00+09:00,3
盔林,6363,2025.4.9,11,11:16:00,2025-04-09T11:16:00+09:00,3
盔林,6363,2025.4.9,14,14:31:00,2025-04-09T14:31:00+09:00,1
盔林,6363,2025.4.9,25,1:00:00,2025-04-10T01:00:00+09:00,4
盔林,6363,2025.4.9,21,21:11:00,2025-04-09T21:11:00+09:00,3
盔林,6363,2025.4.9,15,15:39:00,2025-04-09T15:39:00+09:00,1
盔林,6363,2025.4.9,26,2:28:00,2025-04-10T02:28:00+09:00,4
盔林,6363,2025.4.9,14,14:49:00,2025-04-09T14:49:00+09:00,1
盔林,6363,2025.4.9,19,19:49:00,2025-04-09T19:49:00+09:00,4
盔林,6363,2025.4.9,07,7:43:00,2025-04-09T07:43:00+09:00,3
盔林,6363,2025.4.9,08,8:32:00,2025-04-09T08:32:00+09:00,1
盔林,6363,2025.4.9,11,11:24:00,2025-04-09T11:24:00+09:00,4
盔林,6363,2025.4.9,23,23:21:00,2025-04-09T23:21:00+09:00,3
盔林,6363,2025.4.9,11,11:19:00,2025-04-09T11:19:00+09:00,3
盔林,6363,2025.4.9,22,22:55:00,2025-04-09T22:55:00+09:00,3
盔林,6363,2025.4.9,18,18:28:00,2025-04-09T18:28:00+09:00,6
盔林,6363,2025.4.9,23,23:40:00,2025-04-09T23:40:00+09:00,3
盔林,6363,2025.4.9,09,9:45:00,2025-04-09T09:45:00+09:00,2
盔林,6363,2025.4.9,11,11:55:00,2025-04-09T11:55:00+09:00,1
盔林,6363,2025.4.9,17,17:11:00,2025-04-09T17:11:00+09:00,3
盔林,6363,2025.4.9,10,10:16:00,2025-04-09T10:16:00+09:00,2
盔林,6363,2025.4.9,10,10:17:00,2025-04-09T10:17:00+09:00,2
盔林,6363,2025.4.9,09,9:57:00,2025-04-09T09:57:00+09:00,2
盔林,6363,2025.4.9,13,13:28:00,2025-04-09T13:28:00+09:00,1
盔林,6363,2025.4.9,14,14:29:00,2025-04-09T14:29:00+09:00,1
盔林,6363,2025.4.9,17,17:00:00,2025-04-09T17:00:00+09:00,3
盔林,6363,2025.4.9,13,13:49:00,2025-04-09T13:49:00+09:00,2
盔林,6363,2025.4.9,16,16:50:00,2025-04-09T16:50:00+09:00,3
盔林,6363,2025.4.9,15,15:25:00,2025-04-09T15:25:00+09:00,1
盔林,6363,2025.4.9,06,6:50:00,2025-04-09T06:50:00+09:00,1
盔林,6363,2025.4.9,23,23:43:00,2025-04-09T23:43:00+09:00,2
盔林,6363,2025.4.9,20,20:03:00,2025-04-09T20:03:00+09:00,4
盔林,6363,2025.4.9,16,16:35:00,2025-04-09T16:35:00+09:00,1
盔林,6363,2025.4.9,16,16:15:00,2025-04-09T16:15:00+09:00,2
盔林,6363,2025.4.9,24,0:33:00,2025-04-10T00:33:00+09:00,3
盔林,6363,2025.4.9,05,5:46:00,2025-04-09T05:46:00+09:00,1
盔林,6363,2025.4.9,19,19:59:00,2025-04-09T19:59:00+09:00,3
盔林,6363,2025.4.9,13,13:09:00,2025-04-09T13:09:00+09:00,2
盔林,6363,2025.4.9,14,14:00:00,2025-04-09T14:00:00+09:00,1
盔林,6363,2025.4.9,24,0:55:00,2025-04-10T00:55:00+09:00,3
盔林,6363,2025.4.9,12,12:39:00,2025-04-09T12:39:00+09:00,1
盔林,6363,2025.4.9,27,3:50:00,2025-04-10T03:50:00+09:00,1
盔林,6363,2025.4.9,14,14:26:00,2025-04-09T14:26:00+09:00,1
盔林,6363,2025.4.9,11,11:51:00,2025-04-09T11:51:00+09:00,2
盔林,6363,2025.4.9,14,14:39:00,2025-04-09T14:39:00+09:00,1
盔林,6363,2025.4.9,08,8:24:00,2025-04-09T08:24:00+09:00,3
盔林,6363,2025.4.9,08,8:55:00,2025-04-09T08:55:00+09:00,1
盔林,6363,2025.4.9,14,14:38:00,2025-04-09T14:38:00+09:00,1
盔林,6363,2025.4.9,06,6:40:00,2025-04-09T06:40:00+09:00,7
盔林,6363,2025.4.9,18,18:08:00,2025-04-09T18:08:00+09:00,6
盔林,6363,2025.4.9,14,14:24:00,2025-04-09T14:24:00+09:00,1
盔林,6363,2025.4.9,08,8:19:00,2025-04-09T08:19:00+09:00,3
盔林,6363,2025.4.9,16,16:42:00,2025-04-09T16:42:00+09:00,3
盔林,6363,2025.4.9,10,10:40:00,2025-04-09T10:40:00+09:00,1
盔林,6363,2025.4.9,20,20:39:00,2025-04-09T20:39:00+09:00,2
盔林,6363,2025.4.9,12,12:43:00,2025-04-09T12:43:00+09:00,1
盔林,6363,2025.4.9,17,17:55:00,2025-04-09T17:55:00+09:00,6
盔林,6363,2025.4.9,04,4:20:00,2025-04-09T04:20:00+09:00,1
盔林,6363,2025.4.9,10,10:54:00,2025-04-09T10:54:00+09:00,1
盔林,6363,2025.4.9,25,1:11:00,2025-04-10T01:11:00+09:00,3
盔林,6363,2025.4.9,08,8:49:00,2025-04-09T08:49:00+09:00,5
盔林,6363,2025.4.9,27,3:32:00,2025-04-10T03:32:00+09:00,1
盔林,6363,2025.4.9,19,19:18:00,2025-04-09T19:18:00+09:00,5
盔林,6363,2025.4.9,16,16:37:00,2025-04-09T16:37:00+09:00,1
盔林,6363,2025.4.9,23,23:05:00,2025-04-09T23:05:00+09:00,2
盔林,6363,2025.4.9,15,15:13:00,2025-04-09T15:13:00+09:00,2
盔林,6363,2025.4.9,11,11:33:00,2025-04-09T11:33:00+09:00,3
盔林,6363,2025.4.9,19,19:08:00,2025-04-09T19:08:00+09:00,5
盔林,6363,2025.4.9,19,19:06:00,2025-04-09T19:06:00+09:00,5
盔林,6363,2025.4.9,18,18:04:00,2025-04-09T18:04:00+09:00,5
盔林,6363,2025.4.9,19,19:34:00,2025-04-09T19:34:00+09:00,5
盔林,6363,2025.4.9,24,0:45:00,2025-04-10T00:45:00+09:00,4
盔林,6363,2025.4.9,23,23:41:00,2025-04-09T23:41:00+09:00,3
盔林,6363,2025.4.9,26,2:15:00,2025-04-10T02:15:00+09:00,3
盔林,6363,2025.4.9,07,7:25:00,2025-04-09T07:25:00+09:00,1
盔林,6363,2025.4.9,27,3:08:00,2025-04-10T03:08:00+09:00,1
开伙,202,2025.4.9,08,8:33:00,2025-04-09T08:33:00+09:00,1
开伙,202,2025.4.9,16,16:01:00,2025-04-09T16:01:00+09:00,1
开伙,202,2025.4.9,18,18:05:00,2025-04-09T18:05:00+09:00,2
开伙,202,2025.4.9,10,10:39:00,2025-04-09T10:39:00+09:00,3
开伙,202,2025.4.9,10,10:17:00,2025-04-09T10:17:00+09:00,2
开伙,202,2025.4.9,26,2:00:00,2025-04-10T02:00:00+09:00,2
开伙,202,2025.4.9,24,0:36:00,2025-04-10T00:36:00+09:00,2
开伙,202,2025.4.9,06,6:12:00,2025-04-09T06:12:00+09:00,6
开伙,202,2025.4.9,20,20:07:00,2025-04-09T20:07:00+09:00,4
开伙,202,2025.4.9,07,7:33:00,2025-04-09T07:33:00+09:00,1
开伙,202,2025.4.9,10,10:25:00,2025-04-09T10:25:00+09:00,2
开伙,202,2025.4.9,22,22:24:00,2025-04-09T22:24:00+09:00,3
开伙,202,2025.4.9,12,12:32:00,2025-04-09T12:32:00+09:00,1
开伙,202,2025.4.9,19,19:38:00,2025-04-09T19:38:00+09:00,6
开伙,202,2025.4.9,11,11:30:00,2025-04-09T11:30:00+09:00,4
开伙,202,2025.4.9,06,6:34:00,2025-04-09T06:34:00+09:00,4
开伙,202,2025.4.9,11,11:01:00,2025-04-09T11:01:00+09:00,2
开伙,202,2025.4.9,16,16:35:00,2025-04-09T16:35:00+09:00,1
开伙,202,2025.4.9,20,20:57:00,2025-04-09T20:57:00+09:00,1
开伙,202,2025.4.9,13,13:03:00,2025-04-09T13:03:00+09:00,1
开伙,202,2025.4.9,22,22:34:00,2025-04-09T22:34:00+09:00,4
开伙,202,2025.4.9,27,3:56:00,2025-04-10T03:56:00+09:00,1
开伙,202,2025.4.9,23,23:23:00,2025-04-09T23:23:00+09:00,3
开伙,202,2025.4.9,04,4:13:00,2025-04-09T04:13:00+09:00,1
开伙,202,2025.4.9,24,0:17:00,2025-04-10T00:17:00+09:00,2
开伙,202,2025.4.9,24,0:30:00,2025-04-10T00:30:00+09:00,3
开伙,202,2025.4.9,08,8:44:00,2025-04-09T08:44:00+09:00,2
开伙,202,2025.4.9,14,14:22:00,2025-04-09T14:22:00+09:00,1
开伙,202,2025.4.9,18,18:50:00,2025-04-09T18:50:00+09:00,6
开伙,202,2025.4.9,07,7:37:00,2025-04-09T07:37:00+09:00,1
开伙,202,2025.4.9,20,20:08:00,2025-04-09T20:08:00+09:00,4
开伙,202,2025.4.9,17,17:03:00,2025-04-09T17:03:00+09:00,1
开伙,202,2025.4.9,12,12:38:00,2025-04-09T12:38:00+09:00,1
开伙,202,2025.4.9,09,9:27:00,2025-04-09T09:27:00+09:00,1
开伙,202,2025.4.9,14,14:48:00,2025-04-09T14:48:00+09:00,1
开伙,202,2025.4.9,24,0:08:00,2025-04-10T00:08:00+09:00,2
开伙,202,2025.4.9,12,12:23:00,2025-04-09T12:23:00+09:00,2
开伙,202,2025.4.9,26,2:55:00,2025-04-10T02:55:00+09:00,3
开伙,202,2025.4.9,27,3:43:00,2025-04-10T03:43:00+09:00,1
开伙,202,2025.4.9,12,12:15:00,2025-04-09T12:15:00+09:00,2
开伙,202,2025.4.9,20,20:45:00,2025-04-09T20:45:00+09:00,3
开伙,202,2025.4.9,27,3:30:00,2025-04-10T03:30:00+09:00,1
开伙,202,2025.4.9,24,0:06:00,2025-04-10T00:06:00+09:00,1
开伙,202,2025.4.9,08,8:01:00,2025-04-09T08:01:00+09:00,1
开伙,202,2025.4.9,20,20:00:00,2025-04-09T20:00:00+09:00,5
开伙,202,2025.4.9,19,19:09:00,2025-04-09T19:09:00+09:00,7
开伙,202,2025.4.9,13,13:11:00,2025-04-09T13:11:00+09:00,1
开伙,202,2025.4.9,21,21:09:00,2025-04-09T21:09:00+09:00,2
开伙,202,2025.4.9,17,17:54:00,2025-04-09T17:54:00+09:00,2
开伙,202,2025.4.9,05,5:02:00,2025-04-09T05:02:00+09:00,1
开伙,202,2025.4.9,22,22:18:00,2025-04-09T22:18:00+09:00,4
开伙,202,2025.4.9,05,5:14:00,2025-04-09T05:14:00+09:00,1
开伙,202,2025.4.9,18,18:01:00,2025-04-09T18:01:00+09:00,2
开伙,202,2025.4.9,23,23:57:00,2025-04-09T23:57:00+09:00,2
开伙,202,2025.4.9,19,19:02:00,2025-04-09T19:02:00+09:00,7
开伙,202,2025.4.9,21,21:38:00,2025-04-09T21:38:00+09:00,3
开伙,202,2025.4.9,06,6:59:00,2025-04-09T06:59:00+09:00,1
开伙,202,2025.4.9,27,3:07:00,2025-04-10T03:07:00+09:00,1
开伙,202,2025.4.9,11,11:39:00,2025-04-09T11:39:00+09:00,3
开伙,202,2025.4.9,15,15:44:00,2025-04-09T15:44:00+09:00,1
开伙,202,2025.4.9,07,7:59:00,2025-04-09T07:59:00+09:00,1
开伙,202,2025.4.9,25,1:46:00,2025-04-10T01:46:00+09:00,3
开伙,202,2025.4.9,08,8:40:00,2025-04-09T08:40:00+09:00,2
开伙,202,2025.4.9,25,1:00:00,2025-04-10T01:00:00+09:00,2
开伙,202,2025.4.9,19,19:29:00,2025-04-09T19:29:00+09:00,6
开伙,202,2025.4.9,05,5:05:00,2025-04-09T05:05:00+09:00,1
开伙,202,2025.4.9,22,22:15:00,2025-04-09T22:15:00+09:00,4
开伙,202,2025.4.9,07,7:40:00,2025-04-09T07:40:00+09:00,1
开伙,202,2025.4.9,26,2:14:00,2025-04-10T02:14:00+09:00,3
开伙,202,2025.4.9,26,2:26:00,2025-04-10T02:26:00+09:00,3
开伙,202,2025.4.9,24,0:53:00,2025-04-10T00:53:00+09:00,3
开伙,202,2025.4.9,13,13:22:00,2025-04-09T13:22:00+09:00,1
开伙,202,2025.4.9,12,12:28:00,2025-04-09T12:28:00+09:00,1
开伙,202,2025.4.9,04,4:00:00,2025-04-09T04:00:00+09:00,1
开伙,202,2025.4.9,05,5:54:00,2025-04-09T05:54:00+09:00,1
开伙,202,2025.4.9,22,22:25:00,2025-04-09T22:25:00+09:00,4
开伙,202,2025.4.9,21,21:05:00,2025-04-09T21:05:00+09:00,2
开伙,202,2025.4.9,09,9:56:00,2025-04-09T09:56:00+09:00,1
开伙,202,2025.4.9,08,8:25:00,2025-04-09T08:25:00+09:00,3
开伙,202,2025.4.9,13,13:38:00,2025-04-09T13:38:00+09:00,1
开伙,202,2025.4.9,17,17:12:00,2025-04-09T17:12:00+09:00,1
开伙,202,2025.4.9,16,16:40:00,2025-04-09T16:40:00+09:00,1
开伙,202,2025.4.9,09,9:47:00,2025-04-09T09:47:00+09:00,1
开伙,202,2025.4.9,08,8:28:00,2025-04-09T08:28:00+09:00,2
开伙,202,2025.4.9,09,9:24:00,2025-04-09T09:24:00+09:00,1
开伙,202,2025.4.9,13,13:02:00,2025-04-09T13:02:00+09:00,1
开伙,202,2025.4.9,05,5:29:00,2025-04-09T05:29:00+09:00,1
开伙,202,2025.4.9,15,15:18:00,2025-04-09T15:18:00+09:00,1
开伙,202,2025.4.9,17,17:51:00,2025-04-09T17:51:00+09:00,2
开伙,202,2025.4.9,26,2:19:00,2025-04-10T02:19:00+09:00,3
开伙,202,2025.4.9,13,13:12:00,2025-04-09T13:12:00+09:00,1
开伙,202,2025.4.9,19,19:56:00,2025-04-09T19:56:00+09:00,5
开伙,202,2025.4.9,07,7:26:00,2025-04-09T07:26:00+09:00,1
开伙,202,2025.4.9,10,10:26:00,2025-04-09T10:26:00+09:00,2
开伙,202,2025.4.9,12,12:47:00,2025-04-09T12:47:00+09:00,1
开伙,202,2025.4.9,16,16:55:00,2025-04-09T16:55:00+09:00,1
开伙,202,2025.4.9,13,13:36:00,2025-04-09T13:36:00+09:00,1
开伙,202,2025.4.9,26,2:13:00,2025-04-10T02:13:00+09:00,3
开伙,202,2025.4.9,25,1:13:00,2025-04-10T01:13:00+09:00,3
开伙,202,2025.4.9,09,9:54:00,2025-04-09T09:54:00+09:00,1
开伙,202,2025.4.9,04,4:02:00,2025-04-09T04:02:00+09:00,1
开伙,202,2025.4.9,17,17:45:00,2025-04-09T17:45:00+09:00,2
开伙,202,2025.4.9,08,8:04:00,2025-04-09T08:04:00+09:00,1
开伙,202,2025.4.9,09,9:20:00,2025-04-09T09:20:00+09:00,1
开伙,202,2025.4.9,14,14:39:00,2025-04-09T14:39:00+09:00,1
开伙,202,2025.4.9,15,15:16:00,2025-04-09T15:16:00+09:00,1
开伙,202,2025.4.9,13,13:28:00,2025-04-09T13:28:00+09:00,1
开伙,202,2025.4.9,13,13:51:00,2025-04-09T13:51:00+09:00,1
开伙,202,2025.4.9,12,12:21:00,2025-04-09T12:21:00+09:00,1
开伙,202,2025.4.9,12,12:16:00,2025-04-09T12:16:00+09:00,2
开伙,202,2025.4.9,25,1:45:00,2025-04-10T01:45:00+09:00,2
开伙,202,2025.4.9,22,22:07:00,2025-04-09T22:07:00+09:00,4
开伙,202,2025.4.9,23,23:25:00,2025-04-09T23:25:00+09:00,3
开伙,202,2025.4.9,17,17:02:00,2025-04-09T17:02:00+09:00,1
开伙,202,2025.4.9,25,1:33:00,2025-04-10T01:33:00+09:00,2
开伙,202,2025.4.9,14,14:57:00,2025-04-09T14:57:00+09:00,1
开伙,202,2025.4.9,19,19:25:00,2025-04-09T19:25:00+09:00,6
开伙,202,2025.4.9,27,3:26:00,2025-04-10T03:26:00+09:00,1
开伙,202,2025.4.9,20,20:41:00,2025-04-09T20:41:00+09:00,3
开伙,202,2025.4.9,20,20:28:00,2025-04-09T20:28:00+09:00,2
开伙,202,2025.4.9,04,4:06:00,2025-04-09T04:06:00+09:00,1
开伙,202,2025.4.9,27,3:34:00,2025-04-10T03:34:00+09:00,1
开伙,202,2025.4.9,04,4:26:00,2025-04-09T04:26:00+09:00,1
开伙,202,2025.4.9,14,14:23:00,2025-04-09T14:23:00+09:00,1
开伙,202,2025.4.9,22,22:52:00,2025-04-09T22:52:00+09:00,3
开伙,202,2025.4.9,16,16:00:00,2025-04-09T16:00:00+09:00,1
开伙,202,2025.4.9,23,23:36:00,2025-04-09T23:36:00+09:00,2
开伙,202,2025.4.9,23,23:38:00,2025-04-09T23:38:00+09:00,2
开伙,202,2025.4.9,21,21:27:00,2025-04-09T21:27:00+09:00,2
开伙,202,2025.4.9,27,3:27:00,2025-04-10T03:27:00+09:00,1
开伙,202,2025.4.9,23,23:00:00,2025-04-09T23:00:00+09:00,1
开伙,202,2025.4.9,24,0:35:00,2025-04-10T00:35:00+09:00,2
开伙,202,2025.4.9,10,10:32:00,2025-04-09T10:32:00+09:00,2
开伙,202,2025.4.9,23,23:11:00,2025-04-09T23:11:00+09:00,3
开伙,202,2025.4.9,06,6:50:00,2025-04-09T06:50:00+09:00,2
开伙,202,2025.4.9,27,3:37:00,2025-04-10T03:37:00+09:00,1
开伙,202,2025.4.9,24,0:01:00,2025-04-10T00:01:00+09:00,1
开伙,202,2025.4.9,10,10:19:00,2025-04-09T10:19:00+09:00,3
开伙,202,2025.4.9,09,9:00:00,2025-04-09T09:00:00+09:00,1
开伙,202,2025.4.9,15,15:17:00,2025-04-09T15:17:00+09:00,1
开伙,202,2025.4.9,04,4:49:00,2025-04-09T04:49:00+09:00,1
开伙,202,2025.4.9,16,16:17:00,2025-04-09T16:17:00+09:00,2
开伙,202,2025.4.9,11,11:14:00,2025-04-09T11:14:00+09:00,3
开伙,202,2025.4.9,16,16:04:00,2025-04-09T16:04:00+09:00,1
开伙,202,2025.4.9,21,21:16:00,2025-04-09T21:16:00+09:00,2
开伙,202,2025.4.9,07,7:45:00,2025-04-09T07:45:00+09:00,1
开伙,202,2025.4.9,17,17:10:00,2025-04-09T17:10:00+09:00,1
开伙,202,2025.4.9,08,8:12:00,2025-04-09T08:12:00+09:00,1
开伙,202,2025.4.9,14,14:41:00,2025-04-09T14:41:00+09:00,1
开伙,202,2025.4.9,15,15:35:00,2025-04-09T15:35:00+09:00,1
开伙,202,2025.4.9,26,2:17:00,2025-04-10T02:17:00+09:00,3
开伙,202,2025.4.9,16,16:59:00,2025-04-09T16:59:00+09:00,1
开伙,202,2025.4.9,06,6:19:00,2025-04-09T06:19:00+09:00,5
开伙,202,2025.4.9,24,0:14:00,2025-04-10T00:14:00+09:00,2
开伙,202,2025.4.9,12,12:10:00,2025-04-09T12:10:00+09:00,3
开伙,202,2025.4.9,22,22:20:00,2025-04-09T22:20:00+09:00,3
开伙,202,2025.4.9,09,9:04:00,2025-04-09T09:04:00+09:00,1
开伙,202,2025.4.9,14,14:01:00,2025-04-09T14:01:00+09:00,1
开伙,202,2025.4.9,04,4:15:00,2025-04-09T04:15:00+09:00,1
开伙,202,2025.4.9,05,5:47:00,2025-04-09T05:47:00+09:00,1
开伙,202,2025.4.9,16,16:12:00,2025-04-09T16:12:00+09:00,3
开伙,202,2025.4.9,18,18:40:00,2025-04-09T18:40:00+09:00,4
开伙,202,2025.4.9,07,7:05:00,2025-04-09T07:05:00+09:00,3
开伙,202,2025.4.9,27,3:02:00,2025-04-10T03:02:00+09:00,2
开伙,202,2025.4.9,20,20:58:00,2025-04-09T20:58:00+09:00,1
开伙,202,2025.4.9,15,15:07:00,2025-04-09T15:07:00+09:00,1
开伙,202,2025.4.9,10,10:15:00,2025-04-09T10:15:00+09:00,1
开伙,202,2025.4.9,23,23:17:00,2025-04-09T23:17:00+09:00,3
开伙,202,2025.4.9,27,3:32:00,2025-04-10T03:32:00+09:00,1
开伙,202,2025.4.9,27,3:33:00,2025-04-10T03:33:00+09:00,1
开伙,202,2025.4.9,12,12:42:00,2025-04-09T12:42:00+09:00,1
开伙,202,2025.4.9,22,22:27:00,2025-04-09T22:27:00+09:00,4
开伙,202,2025.4.9,13,13:56:00,2025-04-09T13:56:00+09:00,1
开伙,202,2025.4.9,04,4:53:00,2025-04-09T04:53:00+09:00,1
开伙,202,2025.4.9,18,18:51:00,2025-04-09T18:51:00+09:00,6
开伙,202,2025.4.9,20,20:06:00,2025-04-09T20:06:00+09:00,5
开伙,202,2025.4.9,17,17:11:00,2025-04-09T17:11:00+09:00,1
开伙,202,2025.4.9,08,8:48:00,2025-04-09T08:48:00+09:00,1
开伙,202,2025.4.9,06,6:15:00,2025-04-09T06:15:00+09:00,5
开伙,202,2025.4.9,06,6:13:00,2025-04-09T06:13:00+09:00,6
开伙,202,2025.4.9,26,2:58:00,2025-04-10T02:58:00+09:00,3
开伙,202,2025.4.9,20,20:38:00,2025-04-09T20:38:00+09:00,2
开伙,202,2025.4.9,26,2:29:00,2025-04-10T02:29:00+09:00,3
开伙,202,2025.4.9,11,11:13:00,2025-04-09T11:13:00+09:00,3
开伙,202,2025.4.9,11,11:53:00,2025-04-09T11:53:00+09:00,3
开伙,202,2025.4.9,21,21:56:00,2025-04-09T21:56:00+09:00,3
开伙,202,2025.4.9,24,0:13:00,2025-04-10T00:13:00+09:00,2
开伙,202,2025.4.9,24,0:21:00,2025-04-10T00:21:00+09:00,3
开伙,202,2025.4.9,22,22:08:00,2025-04-09T22:08:00+09:00,4
开伙,202,2025.4.9,19,19:41:00,2025-04-09T19:41:00+09:00,5
开伙,202,2025.4.9,21,21:46:00,2025-04-09T21:46:00+09:00,2
开伙,202,2025.4.9,17,17:59:00,2025-04-09T17:59:00+09:00,3
开伙,202,2025.4.9,20,20:25:00,2025-04-09T20:25:00+09:00,2
开伙,202,2025.4.9,05,5:10:00,2025-04-09T05:10:00+09:00,1
开伙,202,2025.4.9,21,21:36:00,2025-04-09T21:36:00+09:00,3
开伙,202,2025.4.9,19,19:03:00,2025-04-09T19:03:00+09:00,7
开伙,202,2025.4.9,20,20:35:00,2025-04-09T20:35:00+09:00,2
开伙,202,2025.4.9,15,15:10:00,2025-04-09T15:10:00+09:00,2
开伙,202,2025.4.9,18,18:17:00,2025-04-09T18:17:00+09:00,3
开伙,202,2025.4.9,10,10:28:00,2025-04-09T10:28:00+09:00,2
开伙,202,2025.4.9,12,12:22:00,2025-04-09T12:22:00+09:00,1
开伙,202,2025.4.9,20,20:55:00,2025-04-09T20:55:00+09:00,2
开伙,202,2025.4.9,09,9:58:00,2025-04-09T09:58:00+09:00,1
开伙,202,2025.4.9,21,21:53:00,2025-04-09T21:53:00+09:00,3
开伙,202,2025.4.9,18,18:03:00,2025-04-09T18:03:00+09:00,2
开伙,202,2025.4.9,18,18:06:00,2025-04-09T18:06:00+09:00,2
开伙,202,2025.4.9,07,7:20:00,2025-04-09T07:20:00+09:00,2
开伙,202,2025.4.9,19,19:05:00,2025-04-09T19:05:00+09:00,7
开伙,202,2025.4.9,06,6:45:00,2025-04-09T06:45:00+09:00,3
开伙,202,2025.4.9,16,16:33:00,2025-04-09T16:33:00+09:00,1
开伙,202,2025.4.9,22,22:29:00,2025-04-09T22:29:00+09:00,4
开伙,202,2025.4.9,21,21:50:00,2025-04-09T21:50:00+09:00,2
开伙,202,2025.4.9,04,4:05:00,2025-04-09T04:05:00+09:00,1
开伙,202,2025.4.9,04,4:25:00,2025-04-09T04:25:00+09:00,1
开伙,202,2025.4.9,25,1:20:00,2025-04-10T01:20:00+09:00,4
开伙,202,2025.4.9,07,7:12:00,2025-04-09T07:12:00+09:00,2
开伙,202,2025.4.9,15,15:52:00,2025-04-09T15:52:00+09:00,1
开伙,202,2025.4.9,21,21:48:00,2025-04-09T21:48:00+09:00,2
开伙,202,2025.4.9,06,6:25:00,2025-04-09T06:25:00+09:00,4
开伙,202,2025.4.9,19,19:14:00,2025-04-09T19:14:00+09:00,7
开伙,202,2025.4.9,23,23:10:00,2025-04-09T23:10:00+09:00,2
开伙,202,2025.4.9,08,8:58:00,2025-04-09T08:58:00+09:00,1
开伙,202,2025.4.9,11,11:43:00,2025-04-09T11:43:00+09:00,4
开伙,202,2025.4.9,23,23:19:00,2025-04-09T23:19:00+09:00,3
开伙,202,2025.4.9,12,12:27:00,2025-04-09T12:27:00+09:00,1
开伙,202,2025.4.9,09,9:15:00,2025-04-09T09:15:00+09:00,2
开伙,202,2025.4.9,22,22:57:00,2025-04-09T22:57:00+09:00,2
开伙,202,2025.4.9,07,7:46:00,2025-04-09T07:46:00+09:00,1
开伙,202,2025.4.9,11,11:48:00,2025-04-09T11:48:00+09:00,3
开伙,202,2025.4.9,19,19:59:00,2025-04-09T19:59:00+09:00,5
开伙,202,2025.4.9,14,14:21:00,2025-04-09T14:21:00+09:00,1
开伙,202,2025.4.9,23,23:15:00,2025-04-09T23:15:00+09:00,3
开伙,202,2025.4.9,23,23:16:00,2025-04-09T23:16:00+09:00,3
开伙,202,2025.4.9,17,17:15:00,2025-04-09T17:15:00+09:00,1
开伙,202,2025.4.9,17,17:28:00,2025-04-09T17:28:00+09:00,1
开伙,202,2025.4.9,27,3:21:00,2025-04-10T03:21:00+09:00,1
开伙,202,2025.4.9,08,8:10:00,2025-04-09T08:10:00+09:00,1
开伙,202,2025.4.9,06,6:28:00,2025-04-09T06:28:00+09:00,3
开伙,202,2025.4.9,14,14:28:00,2025-04-09T14:28:00+09:00,1
开伙,202,2025.4.9,09,9:22:00,2025-04-09T09:22:00+09:00,1
开伙,202,2025.4.9,06,6:11:00,2025-04-09T06:11:00+09:00,7
开伙,202,2025.4.9,16,16:29:00,2025-04-09T16:29:00+09:00,2
开伙,202,2025.4.9,04,4:17:00,2025-04-09T04:17:00+09:00,1
开伙,202,2025.4.9,04,4:19:00,2025-04-09T04:19:00+09:00,1
开伙,202,2025.4.9,12,12:51:00,2025-04-09T12:51:00+09:00,1
开伙,202,2025.4.9,25,1:10:00,2025-04-10T01:10:00+09:00,2
开伙,202,2025.4.9,25,1:11:00,2025-04-10T01:11:00+09:00,2
开伙,202,2025.4.9,27,3:46:00,2025-04-10T03:46:00+09:00,1
开伙,202,2025.4.9,15,15:05:00,2025-04-09T15:05:00+09:00,1
开伙,202,2025.4.9,15,15:06:00,2025-04-09T15:06:00+09:00,1
开伙,202,2025.4.9,11,11:36:00,2025-04-09T11:36:00+09:00,4
开伙,202,2025.4.9,20,20:05:00,2025-04-09T20:05:00+09:00,5
开伙,202,2025.4.9,14,14:47:00,2025-04-09T14:47:00+09:00,2
开伙,202,2025.4.9,21,21:11:00,2025-04-09T21:11:00+09:00,2
开伙,202,2025.4.9,16,16:34:00,2025-04-09T16:34:00+09:00,1
开伙,202,2025.4.9,04,4:35:00,2025-04-09T04:35:00+09:00,1
开伙,202,2025.4.9,12,12:04:00,2025-04-09T12:04:00+09:00,3
开伙,202,2025.4.9,09,9:35:00,2025-04-09T09:35:00+09:00,1
开伙,202,2025.4.9,24,0:22:00,2025-04-10T00:22:00+09:00,3
开伙,202,2025.4.9,23,23:32:00,2025-04-09T23:32:00+09:00,3
开伙,202,2025.4.9,25,1:50:00,2025-04-10T01:50:00+09:00,3
开伙,202,2025.4.9,11,11:02:00,2025-04-09T11:02:00+09:00,2
开伙,202,2025.4.9,22,22:35:00,2025-04-09T22:35:00+09:00,4
开伙,202,2025.4.9,19,19:23:00,2025-04-09T19:23:00+09:00,7
开伙,202,2025.4.9,16,16:48:00,2025-04-09T16:48:00+09:00,1
开伙,202,2025.4.9,11,11:41:00,2025-04-09T11:41:00+09:00,4
开伙,202,2025.4.9,11,11:42:00,2025-04-09T11:42:00+09:00,4
开伙,202,2025.4.9,24,0:26:00,2025-04-10T00:26:00+09:00,3
开伙,202,2025.4.9,26,2:06:00,2025-04-10T02:06:00+09:00,2
开伙,202,2025.4.9,17,17:47:00,2025-04-09T17:47:00+09:00,2
开伙,202,2025.4.9,05,5:16:00,2025-04-09T05:16:00+09:00,1
开伙,202,2025.4.9,25,1:31:00,2025-04-10T01:31:00+09:00,1
开伙,202,2025.4.9,21,21:06:00,2025-04-09T21:06:00+09:00,2
开伙,202,2025.4.9,27,3:04:00,2025-04-10T03:04:00+09:00,1
开伙,202,2025.4.9,15,15:46:00,2025-04-09T15:46:00+09:00,1
开伙,202,2025.4.9,17,17:53:00,2025-04-09T17:53:00+09:00,2
开伙,202,2025.4.9,05,5:20:00,2025-04-09T05:20:00+09:00,1
开伙,202,2025.4.9,11,11:28:00,2025-04-09T11:28:00+09:00,4
开伙,202,2025.4.9,23,23:12:00,2025-04-09T23:12:00+09:00,3
开伙,202,2025.4.9,05,5:08:00,2025-04-09T05:08:00+09:00,1
开伙,202,2025.4.9,08,8:02:00,2025-04-09T08:02:00+09:00,1
开伙,202,2025.4.9,17,17:00:00,2025-04-09T17:00:00+09:00,1
开伙,202,2025.4.9,21,21:00:00,2025-04-09T21:00:00+09:00,1
开伙,202,2025.4.9,12,12:59:00,2025-04-09T12:59:00+09:00,1
开伙,202,2025.4.9,23,23:37:00,2025-04-09T23:37:00+09:00,2
开伙,202,2025.4.9,22,22:46:00,2025-04-09T22:46:00+09:00,3
开伙,202,2025.4.9,11,11:31:00,2025-04-09T11:31:00+09:00,4
开伙,202,2025.4.9,07,7:57:00,2025-04-09T07:57:00+09:00,1
开伙,202,2025.4.9,07,7:17:00,2025-04-09T07:17:00+09:00,3
开伙,202,2025.4.9,11,11:07:00,2025-04-09T11:07:00+09:00,3
开伙,202,2025.4.9,06,6:18:00,2025-04-09T06:18:00+09:00,5
开伙,202,2025.4.9,23,23:05:00,2025-04-09T23:05:00+09:00,2
开伙,202,2025.4.9,27,3:11:00,2025-04-10T03:11:00+09:00,1
开伙,202,2025.4.9,13,13:20:00,2025-04-09T13:20:00+09:00,1
开伙,202,2025.4.9,23,23:48:00,2025-04-09T23:48:00+09:00,3
开伙,202,2025.4.9,19,19:40:00,2025-04-09T19:40:00+09:00,5
开伙,202,2025.4.9,13,13:58:00,2025-04-09T13:58:00+09:00,1
开伙,202,2025.4.9,18,18:55:00,2025-04-09T18:55:00+09:00,6
开伙,202,2025.4.9,09,9:49:00,2025-04-09T09:49:00+09:00,1
开伙,202,2025.4.9,13,13:34:00,2025-04-09T13:34:00+09:00,1
开伙,202,2025.4.9,25,1:36:00,2025-04-10T01:36:00+09:00,3
开伙,202,2025.4.9,05,5:19:00,2025-04-09T05:19:00+09:00,1
开伙,202,2025.4.9,14,14:31:00,2025-04-09T14:31:00+09:00,1
开伙,202,2025.4.9,25,1:25:00,2025-04-10T01:25:00+09:00,3
开伙,202,2025.4.9,22,22:28:00,2025-04-09T22:28:00+09:00,4
开伙,202,2025.4.9,21,21:15:00,2025-04-09T21:15:00+09:00,2
开伙,202,2025.4.9,14,14:32:00,2025-04-09T14:32:00+09:00,2
开伙,202,2025.4.9,13,13:23:00,2025-04-09T13:23:00+09:00,1
开伙,202,2025.4.9,24,0:45:00,2025-04-10T00:45:00+09:00,2
开伙,202,2025.4.9,15,15:03:00,2025-04-09T15:03:00+09:00,1
开伙,202,2025.4.9,10,10:59:00,2025-04-09T10:59:00+09:00,3
开伙,202,2025.4.9,21,21:26:00,2025-04-09T21:26:00+09:00,3
开伙,202,2025.4.9,15,15:09:00,2025-04-09T15:09:00+09:00,2
开伙,202,2025.4.9,07,7:36:00,2025-04-09T07:36:00+09:00,2
开伙,202,2025.4.9,27,3:23:00,2025-04-10T03:23:00+09:00,1
开伙,202,2025.4.9,07,7:30:00,2025-04-09T07:30:00+09:00,1
开伙,202,2025.4.9,08,8:30:00,2025-04-09T08:30:00+09:00,2
开伙,202,2025.4.9,04,4:20:00,2025-04-09T04:20:00+09:00,1
开伙,202,2025.4.9,05,5:03:00,2025-04-09T05:03:00+09:00,1
开伙,202,2025.4.9,05,5:04:00,2025-04-09T05:04:00+09:00,1
开伙,202,2025.4.9,13,13:14:00,2025-04-09T13:14:00+09:00,1
开伙,202,2025.4.9,12,12:01:00,2025-04-09T12:01:00+09:00,3
开伙,202,2025.4.9,09,9:03:00,2025-04-09T09:03:00+09:00,1
开伙,202,2025.4.9,17,17:29:00,2025-04-09T17:29:00+09:00,1
开伙,202,2025.4.9,10,10:10:00,2025-04-09T10:10:00+09:00,1
开伙,202,2025.4.9,12,12:48:00,2025-04-09T12:48:00+09:00,1
开伙,202,2025.4.9,06,6:05:00,2025-04-09T06:05:00+09:00,6
开伙,202,2025.4.9,26,2:46:00,2025-04-10T02:46:00+09:00,3
开伙,202,2025.4.9,10,10:51:00,2025-04-09T10:51:00+09:00,2
开伙,202,2025.4.9,22,22:03:00,2025-04-09T22:03:00+09:00,3
开伙,202,2025.4.9,15,15:22:00,2025-04-09T15:22:00+09:00,1
开伙,202,2025.4.9,18,18:26:00,2025-04-09T18:26:00+09:00,5
开伙,202,2025.4.9,05,5:07:00,2025-04-09T05:07:00+09:00,1
开伙,202,2025.4.9,20,20:56:00,2025-04-09T20:56:00+09:00,2
开伙,202,2025.4.9,14,14:27:00,2025-04-09T14:27:00+09:00,1
开伙,202,2025.4.9,18,18:43:00,2025-04-09T18:43:00+09:00,5
开伙,202,2025.4.9,24,0:58:00,2025-04-10T00:58:00+09:00,2
开伙,202,2025.4.9,14,14:34:00,2025-04-09T14:34:00+09:00,1
开伙,202,2025.4.9,21,21:19:00,2025-04-09T21:19:00+09:00,2
开伙,202,2025.4.9,25,1:42:00,2025-04-10T01:42:00+09:00,2
开伙,202,2025.4.9,25,1:43:00,2025-04-10T01:43:00+09:00,2
开伙,202,2025.4.9,12,12:40:00,2025-04-09T12:40:00+09:00,1
开伙,202,2025.4.9,18,18:11:00,2025-04-09T18:11:00+09:00,3
开伙,202,2025.4.9,24,0:40:00,2025-04-10T00:40:00+09:00,3
开伙,202,2025.4.9,16,16:28:00,2025-04-09T16:28:00+09:00,2
开伙,202,2025.4.9,04,4:12:00,2025-04-09T04:12:00+09:00,1
开伙,202,2025.4.9,18,18:13:00,2025-04-09T18:13:00+09:00,3
开伙,202,2025.4.9,07,7:58:00,2025-04-09T07:58:00+09:00,1
开伙,202,2025.4.9,11,11:35:00,2025-04-09T11:35:00+09:00,4
开伙,202,2025.4.9,04,4:37:00,2025-04-09T04:37:00+09:00,1
开伙,202,2025.4.9,22,22:42:00,2025-04-09T22:42:00+09:00,3
开伙,202,2025.4.9,14,14:12:00,2025-04-09T14:12:00+09:00,1
开伙,202,2025.4.9,14,14:00:00,2025-04-09T14:00:00+09:00,1
开伙,202,2025.4.9,13,13:49:00,2025-04-09T13:49:00+09:00,1
开伙,202,2025.4.9,18,18:54:00,2025-04-09T18:54:00+09:00,6
开伙,202,2025.4.9,04,4:23:00,2025-04-09T04:23:00+09:00,1
开伙,202,2025.4.9,15,15:00:00,2025-04-09T15:00:00+09:00,1
开伙,202,2025.4.9,14,14:16:00,2025-04-09T14:16:00+09:00,1
开伙,202,2025.4.9,11,11:24:00,2025-04-09T11:24:00+09:00,3
开伙,202,2025.4.9,22,22:11:00,2025-04-09T22:11:00+09:00,4
开伙,202,2025.4.9,17,17:20:00,2025-04-09T17:20:00+09:00,1
开伙,202,2025.4.9,07,7:51:00,2025-04-09T07:51:00+09:00,2
开伙,202,2025.4.9,04,4:36:00,2025-04-09T04:36:00+09:00,1
开伙,202,2025.4.9,09,9:36:00,2025-04-09T09:36:00+09:00,1
开伙,202,2025.4.9,23,23:18:00,2025-04-09T23:18:00+09:00,4
开伙,202,2025.4.9,21,21:28:00,2025-04-09T21:28:00+09:00,2
开伙,202,2025.4.9,13,13:06:00,2025-04-09T13:06:00+09:00,1
开伙,202,2025.4.9,09,9:30:00,2025-04-09T09:30:00+09:00,1
开伙,202,2025.4.9,17,17:31:00,2025-04-09T17:31:00+09:00,2
开伙,202,2025.4.9,27,3:05:00,2025-04-10T03:05:00+09:00,1
开伙,202,2025.4.9,19,19:12:00,2025-04-09T19:12:00+09:00,7
开伙,202,2025.4.9,18,18:49:00,2025-04-09T18:49:00+09:00,5
开伙,202,2025.4.9,04,4:40:00,2025-04-09T04:40:00+09:00,1
开伙,202,2025.4.9,23,23:01:00,2025-04-09T23:01:00+09:00,1
开伙,202,2025.4.9,23,23:54:00,2025-04-09T23:54:00+09:00,3
开伙,202,2025.4.9,27,3:42:00,2025-04-10T03:42:00+09:00,1
开伙,202,2025.4.9,25,1:23:00,2025-04-10T01:23:00+09:00,3
开伙,202,2025.4.9,09,9:44:00,2025-04-09T09:44:00+09:00,1
开伙,202,2025.4.9,22,22:36:00,2025-04-09T22:36:00+09:00,4
开伙,202,2025.4.9,06,6:14:00,2025-04-09T06:14:00+09:00,5
开伙,202,2025.4.9,26,2:57:00,2025-04-10T02:57:00+09:00,3
开伙,202,2025.4.9,25,1:40:00,2025-04-10T01:40:00+09:00,3
开伙,202,2025.4.9,15,15:24:00,2025-04-09T15:24:00+09:00,1
开伙,202,2025.4.9,05,5:27:00,2025-04-09T05:27:00+09:00,1
开伙,202,2025.4.9,09,9:50:00,2025-04-09T09:50:00+09:00,1
开伙,202,2025.4.9,07,7:34:00,2025-04-09T07:34:00+09:00,1
开伙,202,2025.4.9,05,5:30:00,2025-04-09T05:30:00+09:00,1
开伙,202,2025.4.9,12,12:02:00,2025-04-09T12:02:00+09:00,3
开伙,202,2025.4.9,17,17:18:00,2025-04-09T17:18:00+09:00,1
开伙,202,2025.4.9,12,12:26:00,2025-04-09T12:26:00+09:00,1
开伙,202,2025.4.9,20,20:21:00,2025-04-09T20:21:00+09:00,3
开伙,202,2025.4.9,05,5:43:00,2025-04-09T05:43:00+09:00,1
开伙,202,2025.4.9,15,15:45:00,2025-04-09T15:45:00+09:00,1
开伙,202,2025.4.9,07,7:42:00,2025-04-09T07:42:00+09:00,2
开伙,202,2025.4.9,06,6:30:00,2025-04-09T06:30:00+09:00,3
开伙,202,2025.4.9,11,11:55:00,2025-04-09T11:55:00+09:00,3
开伙,202,2025.4.9,14,14:54:00,2025-04-09T14:54:00+09:00,1
开伙,202,2025.4.9,04,4:27:00,2025-04-09T04:27:00+09:00,1
开伙,202,2025.4.9,07,7:02:00,2025-04-09T07:02:00+09:00,2
开伙,202,2025.4.9,13,13:46:00,2025-04-09T13:46:00+09:00,1
开伙,202,2025.4.9,24,0:41:00,2025-04-10T00:41:00+09:00,3
开伙,202,2025.4.9,22,22:13:00,2025-04-09T22:13:00+09:00,3
开伙,202,2025.4.9,26,2:25:00,2025-04-10T02:25:00+09:00,3
开伙,202,2025.4.9,16,16:14:00,2025-04-09T16:14:00+09:00,2
开伙,202,2025.4.9,20,20:18:00,2025-04-09T20:18:00+09:00,3
开伙,202,2025.4.9,24,0:52:00,2025-04-10T00:52:00+09:00,3
开伙,202,2025.4.9,07,7:48:00,2025-04-09T07:48:00+09:00,1
开伙,202,2025.4.9,10,10:40:00,2025-04-09T10:40:00+09:00,3
开伙,202,2025.4.9,17,17:41:00,2025-04-09T17:41:00+09:00,2
开伙,202,2025.4.9,22,22:26:00,2025-04-09T22:26:00+09:00,4
开伙,202,2025.4.9,24,0:47:00,2025-04-10T00:47:00+09:00,2
开伙,202,2025.4.9,07,7:52:00,2025-04-09T07:52:00+09:00,1
开伙,202,2025.4.9,26,2:32:00,2025-04-10T02:32:00+09:00,4
开伙,202,2025.4.9,13,13:52:00,2025-04-09T13:52:00+09:00,1
开伙,202,2025.4.9,15,15:28:00,2025-04-09T15:28:00+09:00,1
开伙,202,2025.4.9,04,4:08:00,2025-04-09T04:08:00+09:00,1
开伙,202,2025.4.9,15,15:48:00,2025-04-09T15:48:00+09:00,1
开伙,202,2025.4.9,27,3:44:00,2025-04-10T03:44:00+09:00,1
开伙,202,2025.4.9,16,16:22:00,2025-04-09T16:22:00+09:00,1
开伙,202,2025.4.9,16,16:11:00,2025-04-09T16:11:00+09:00,2
开伙,202,2025.4.9,27,3:58:00,2025-04-10T03:58:00+09:00,1
开伙,202,2025.4.9,05,5:23:00,2025-04-09T05:23:00+09:00,1
开伙,202,2025.4.9,09,9:01:00,2025-04-09T09:01:00+09:00,1
开伙,202,2025.4.9,20,20:47:00,2025-04-09T20:47:00+09:00,3
开伙,202,2025.4.9,12,12:18:00,2025-04-09T12:18:00+09:00,2
开伙,202,2025.4.9,26,2:35:00,2025-04-10T02:35:00+09:00,4
开伙,202,2025.4.9,26,2:36:00,2025-04-10T02:36:00+09:00,4
开伙,202,2025.4.9,15,15:57:00,2025-04-09T15:57:00+09:00,1
开伙,202,2025.4.9,13,13:47:00,2025-04-09T13:47:00+09:00,1
开伙,202,2025.4.9,09,9:07:00,2025-04-09T09:07:00+09:00,1
开伙,202,2025.4.9,27,3:52:00,2025-04-10T03:52:00+09:00,1
开伙,202,2025.4.9,10,10:11:00,2025-04-09T10:11:00+09:00,1
开伙,202,2025.4.9,16,16:23:00,2025-04-09T16:23:00+09:00,1
开伙,202,2025.4.9,08,8:11:00,2025-04-09T08:11:00+09:00,1
开伙,202,2025.4.9,18,18:20:00,2025-04-09T18:20:00+09:00,3
开伙,202,2025.4.9,20,20:50:00,2025-04-09T20:50:00+09:00,3
开伙,202,2025.4.9,16,16:36:00,2025-04-09T16:36:00+09:00,1
开伙,202,2025.4.9,12,12:35:00,2025-04-09T12:35:00+09:00,1
开伙,202,2025.4.9,09,9:39:00,2025-04-09T09:39:00+09:00,1
开伙,202,2025.4.9,27,3:55:00,2025-04-10T03:55:00+09:00,1
开伙,202,2025.4.9,15,15:11:00,2025-04-09T15:11:00+09:00,2
开伙,202,2025.4.9,19,19:31:00,2025-04-09T19:31:00+09:00,6
开伙,202,2025.4.9,10,10:45:00,2025-04-09T10:45:00+09:00,3
开伙,202,2025.4.9,22,22:44:00,2025-04-09T22:44:00+09:00,3
开伙,202,2025.4.9,07,7:16:00,2025-04-09T07:16:00+09:00,2
开伙,202,2025.4.9,16,16:52:00,2025-04-09T16:52:00+09:00,1
开伙,202,2025.4.9,13,13:21:00,2025-04-09T13:21:00+09:00,1
开伙,202,2025.4.9,13,13:32:00,2025-04-09T13:32:00+09:00,1
开伙,202,2025.4.9,14,14:15:00,2025-04-09T14:15:00+09:00,1
开伙,202,2025.4.9,11,11:12:00,2025-04-09T11:12:00+09:00,3
开伙,202,2025.4.9,07,7:47:00,2025-04-09T07:47:00+09:00,1
开伙,202,2025.4.9,07,7:49:00,2025-04-09T07:49:00+09:00,2
开伙,202,2025.4.9,20,20:27:00,2025-04-09T20:27:00+09:00,2
开伙,202,2025.4.9,25,1:58:00,2025-04-10T01:58:00+09:00,3
开伙,202,2025.4.9,10,10:23:00,2025-04-09T10:23:00+09:00,2
开伙,202,2025.4.9,11,11:49:00,2025-04-09T11:49:00+09:00,3
开伙,202,2025.4.9,05,5:52:00,2025-04-09T05:52:00+09:00,1
开伙,202,2025.4.9,25,1:55:00,2025-04-10T01:55:00+09:00,3
开伙,202,2025.4.9,08,8:56:00,2025-04-09T08:56:00+09:00,1
开伙,202,2025.4.9,18,18:53:00,2025-04-09T18:53:00+09:00,6
开伙,202,2025.4.9,16,16:19:00,2025-04-09T16:19:00+09:00,1
开伙,202,2025.4.9,05,5:46:00,2025-04-09T05:46:00+09:00,1
开伙,202,2025.4.9,18,18:39:00,2025-04-09T18:39:00+09:00,4
开伙,202,2025.4.9,23,23:30:00,2025-04-09T23:30:00+09:00,3
开伙,202,2025.4.9,15,15:34:00,2025-04-09T15:34:00+09:00,1
开伙,202,2025.4.9,20,20:17:00,2025-04-09T20:17:00+09:00,3
开伙,202,2025.4.9,12,12:20:00,2025-04-09T12:20:00+09:00,1
开伙,202,2025.4.9,17,17:25:00,2025-04-09T17:25:00+09:00,2
开伙,202,2025.4.9,08,8:20:00,2025-04-09T08:20:00+09:00,2
开伙,202,2025.4.9,26,2:22:00,2025-04-10T02:22:00+09:00,3
开伙,202,2025.4.9,26,2:11:00,2025-04-10T02:11:00+09:00,2
开伙,202,2025.4.9,25,1:59:00,2025-04-10T01:59:00+09:00,2
开伙,202,2025.4.9,27,3:20:00,2025-04-10T03:20:00+09:00,1
开伙,202,2025.4.9,16,16:31:00,2025-04-09T16:31:00+09:00,1
开伙,202,2025.4.9,25,1:19:00,2025-04-10T01:19:00+09:00,3
开伙,202,2025.4.9,19,19:21:00,2025-04-09T19:21:00+09:00,7
开伙,202,2025.4.9,26,2:40:00,2025-04-10T02:40:00+09:00,4
开伙,202,2025.4.9,26,2:07:00,2025-04-10T02:07:00+09:00,1
开伙,202,2025.4.9,06,6:38:00,2025-04-09T06:38:00+09:00,5
开伙,202,2025.4.9,20,20:53:00,2025-04-09T20:53:00+09:00,2
开伙,202,2025.4.9,12,12:55:00,2025-04-09T12:55:00+09:00,1
开伙,202,2025.4.9,14,14:59:00,2025-04-09T14:59:00+09:00,1
开伙,202,2025.4.9,22,22:51:00,2025-04-09T22:51:00+09:00,3
开伙,202,2025.4.9,23,23:51:00,2025-04-09T23:51:00+09:00,3
开伙,202,2025.4.9,09,9:21:00,2025-04-09T09:21:00+09:00,1
开伙,202,2025.4.9,19,19:46:00,2025-04-09T19:46:00+09:00,5
开伙,202,2025.4.9,06,6:03:00,2025-04-09T06:03:00+09:00,1
开伙,202,2025.4.9,06,6:21:00,2025-04-09T06:21:00+09:00,5
开伙,202,2025.4.9,21,21:20:00,2025-04-09T21:20:00+09:00,2
开伙,202,2025.4.9,21,21:55:00,2025-04-09T21:55:00+09:00,2
开伙,202,2025.4.9,20,20:01:00,2025-04-09T20:01:00+09:00,5
开伙,202,2025.4.9,24,0:56:00,2025-04-10T00:56:00+09:00,3
开伙,202,2025.4.9,07,7:22:00,2025-04-09T07:22:00+09:00,1
开伙,202,2025.4.9,07,7:23:00,2025-04-09T07:23:00+09:00,1
开伙,202,2025.4.9,16,16:45:00,2025-04-09T16:45:00+09:00,1
开伙,202,2025.4.9,10,10:03:00,2025-04-09T10:03:00+09:00,1
开伙,202,2025.4.9,26,2:34:00,2025-04-10T02:34:00+09:00,4
开伙,202,2025.4.9,23,23:55:00,2025-04-09T23:55:00+09:00,3
开伙,202,2025.4.9,25,1:52:00,2025-04-10T01:52:00+09:00,3
开伙,202,2025.4.9,27,3:19:00,2025-04-10T03:19:00+09:00,1
开伙,202,2025.4.9,14,14:24:00,2025-04-09T14:24:00+09:00,1
开伙,202,2025.4.9,22,22:47:00,2025-04-09T22:47:00+09:00,3
开伙,202,2025.4.9,21,21:14:00,2025-04-09T21:14:00+09:00,2
开伙,202,2025.4.9,11,11:03:00,2025-04-09T11:03:00+09:00,2
开伙,202,2025.4.9,05,5:59:00,2025-04-09T05:59:00+09:00,1
开伙,202,2025.4.9,26,2:53:00,2025-04-10T02:53:00+09:00,3
开伙,202,2025.4.9,12,12:36:00,2025-04-09T12:36:00+09:00,1
开伙,202,2025.4.9,08,8:37:00,2025-04-09T08:37:00+09:00,1
开伙,202,2025.4.9,25,1:22:00,2025-04-10T01:22:00+09:00,3
开伙,202,2025.4.9,27,3:38:00,2025-04-10T03:38:00+09:00,1
开伙,202,2025.4.9,05,5:24:00,2025-04-09T05:24:00+09:00,1
开伙,202,2025.4.9,08,8:53:00,2025-04-09T08:53:00+09:00,1
开伙,202,2025.4.9,12,12:03:00,2025-04-09T12:03:00+09:00,3
开伙,202,2025.4.9,12,12:13:00,2025-04-09T12:13:00+09:00,2
开伙,202,2025.4.9,13,13:10:00,2025-04-09T13:10:00+09:00,1
开伙,202,2025.4.9,11,11:10:00,2025-04-09T11:10:00+09:00,3
开伙,202,2025.4.9,11,11:11:00,2025-04-09T11:11:00+09:00,3
开伙,202,2025.4.9,24,0:29:00,2025-04-10T00:29:00+09:00,2
开伙,202,2025.4.9,15,15:59:00,2025-04-09T15:59:00+09:00,1
开伙,202,2025.4.9,07,7:25:00,2025-04-09T07:25:00+09:00,1
开伙,202,2025.4.9,16,16:32:00,2025-04-09T16:32:00+09:00,1
开伙,202,2025.4.9,05,5:56:00,2025-04-09T05:56:00+09:00,1
开伙,202,2025.4.9,09,9:16:00,2025-04-09T09:16:00+09:00,2
开伙,202,2025.4.9,16,16:21:00,2025-04-09T16:21:00+09:00,1
开伙,202,2025.4.9,09,9:37:00,2025-04-09T09:37:00+09:00,1
开伙,202,2025.4.9,08,8:13:00,2025-04-09T08:13:00+09:00,1
开伙,202,2025.4.9,06,6:33:00,2025-04-09T06:33:00+09:00,3
开伙,202,2025.4.9,06,6:31:00,2025-04-09T06:31:00+09:00,3
开伙,202,2025.4.9,08,8:46:00,2025-04-09T08:46:00+09:00,1
开伙,202,2025.4.9,04,4:44:00,2025-04-09T04:44:00+09:00,1
开伙,202,2025.4.9,10,10:01:00,2025-04-09T10:01:00+09:00,1
开伙,202,2025.4.9,04,4:03:00,2025-04-09T04:03:00+09:00,1
开伙,202,2025.4.9,17,17:55:00,2025-04-09T17:55:00+09:00,2
开伙,202,2025.4.9,17,17:43:00,2025-04-09T17:43:00+09:00,2
开伙,202,2025.4.9,19,19:36:00,2025-04-09T19:36:00+09:00,6
开伙,202,2025.4.9,16,16:54:00,2025-04-09T16:54:00+09:00,1
开伙,202,2025.4.9,06,6:08:00,2025-04-09T06:08:00+09:00,7
开伙,202,2025.4.9,06,6:57:00,2025-04-09T06:57:00+09:00,2
开伙,202,2025.4.9,16,16:58:00,2025-04-09T16:58:00+09:00,1
开伙,202,2025.4.9,07,7:18:00,2025-04-09T07:18:00+09:00,2
开伙,202,2025.4.9,10,10:09:00,2025-04-09T10:09:00+09:00,1
开伙,202,2025.4.9,23,23:26:00,2025-04-09T23:26:00+09:00,3
开伙,202,2025.4.9,17,17:33:00,2025-04-09T17:33:00+09:00,1
开伙,202,2025.4.9,19,19:51:00,2025-04-09T19:51:00+09:00,4
开伙,202,2025.4.9,12,12:05:00,2025-04-09T12:05:00+09:00,3
开伙,202,2025.4.9,14,14:05:00,2025-04-09T14:05:00+09:00,2
开伙,202,2025.4.9,21,21:22:00,2025-04-09T21:22:00+09:00,2
开伙,202,2025.4.9,10,10:02:00,2025-04-09T10:02:00+09:00,1
开伙,202,2025.4.9,08,8:24:00,2025-04-09T08:24:00+09:00,2
开伙,202,2025.4.9,27,3:25:00,2025-04-10T03:25:00+09:00,1
开伙,202,2025.4.9,08,8:36:00,2025-04-09T08:36:00+09:00,1
开伙,202,2025.4.9,24,0:49:00,2025-04-10T00:49:00+09:00,2
开伙,202,2025.4.9,08,8:05:00,2025-04-09T08:05:00+09:00,1
开伙,202,2025.4.9,20,20:09:00,2025-04-09T20:09:00+09:00,4
开伙,202,2025.4.9,25,1:02:00,2025-04-10T01:02:00+09:00,2
开伙,202,2025.4.9,10,10:13:00,2025-04-09T10:13:00+09:00,1
开伙,202,2025.4.9,27,3:41:00,2025-04-10T03:41:00+09:00,1
开伙,202,2025.4.9,07,7:53:00,2025-04-09T07:53:00+09:00,1
开伙,202,2025.4.9,21,21:23:00,2025-04-09T21:23:00+09:00,2
开伙,202,2025.4.9,16,16:50:00,2025-04-09T16:50:00+09:00,1
开伙,202,2025.4.9,04,4:54:00,2025-04-09T04:54:00+09:00,1
开伙,202,2025.4.9,13,13:18:00,2025-04-09T13:18:00+09:00,1
开伙,202,2025.4.9,21,21:49:00,2025-04-09T21:49:00+09:00,2
开伙,202,2025.4.9,13,13:15:00,2025-04-09T13:15:00+09:00,1
开伙,202,2025.4.9,26,2:09:00,2025-04-10T02:09:00+09:00,2
开伙,202,2025.4.9,26,2:02:00,2025-04-10T02:02:00+09:00,2
开伙,202,2025.4.9,06,6:54:00,2025-04-09T06:54:00+09:00,2
开伙,202,2025.4.9,24,0:11:00,2025-04-10T00:11:00+09:00,2
开伙,202,2025.4.9,04,4:55:00,2025-04-09T04:55:00+09:00,1
开伙,202,2025.4.9,12,12:14:00,2025-04-09T12:14:00+09:00,2
开伙,202,2025.4.9,19,19:44:00,2025-04-09T19:44:00+09:00,5
开伙,202,2025.4.9,16,16:16:00,2025-04-09T16:16:00+09:00,2
开伙,202,2025.4.9,21,21:44:00,2025-04-09T21:44:00+09:00,2
开伙,202,2025.4.9,11,11:22:00,2025-04-09T11:22:00+09:00,4
开伙,202,2025.4.9,16,16:27:00,2025-04-09T16:27:00+09:00,1
开伙,202,2025.4.9,23,23:13:00,2025-04-09T23:13:00+09:00,3
开伙,202,2025.4.9,22,22:49:00,2025-04-09T22:49:00+09:00,3
开伙,202,2025.4.9,18,18:18:00,2025-04-09T18:18:00+09:00,3
开伙,202,2025.4.9,18,18:16:00,2025-04-09T18:16:00+09:00,3
开伙,202,2025.4.9,27,3:49:00,2025-04-10T03:49:00+09:00,1
开伙,202,2025.4.9,15,15:25:00,2025-04-09T15:25:00+09:00,1
开伙,202,2025.4.9,22,22:50:00,2025-04-09T22:50:00+09:00,3
开伙,202,2025.4.9,17,17:42:00,2025-04-09T17:42:00+09:00,2
开伙,202,2025.4.9,08,8:22:00,2025-04-09T08:22:00+09:00,2
开伙,202,2025.4.9,08,8:23:00,2025-04-09T08:23:00+09:00,2
开伙,202,2025.4.9,16,16:56:00,2025-04-09T16:56:00+09:00,2
开伙,202,2025.4.9,12,12:57:00,2025-04-09T12:57:00+09:00,1
开伙,202,2025.4.9,07,7:15:00,2025-04-09T07:15:00+09:00,2
开伙,202,2025.4.9,23,23:40:00,2025-04-09T23:40:00+09:00,2
开伙,202,2025.4.9,23,23:24:00,2025-04-09T23:24:00+09:00,3
开伙,202,2025.4.9,04,4:34:00,2025-04-09T04:34:00+09:00,1
开伙,202,2025.4.9,12,12:19:00,2025-04-09T12:19:00+09:00,2
开伙,202,2025.4.9,18,18:24:00,2025-04-09T18:24:00+09:00,5
开伙,202,2025.4.9,20,20:10:00,2025-04-09T20:10:00+09:00,4
开伙,202,2025.4.9,17,17:08:00,2025-04-09T17:08:00+09:00,1
开伙,202,2025.4.9,15,15:31:00,2025-04-09T15:31:00+09:00,1
开伙,202,2025.4.9,09,9:46:00,2025-04-09T09:46:00+09:00,1
开伙,202,2025.4.9,27,3:24:00,2025-04-10T03:24:00+09:00,1
开伙,202,2025.4.9,26,2:24:00,2025-04-10T02:24:00+09:00,3
开伙,202,2025.4.9,25,1:26:00,2025-04-10T01:26:00+09:00,2
开伙,202,2025.4.9,21,21:31:00,2025-04-09T21:31:00+09:00,3
开伙,202,2025.4.9,11,11:59:00,2025-04-09T11:59:00+09:00,3
开伙,202,2025.4.9,10,10:30:00,2025-04-09T10:30:00+09:00,2
开伙,202,2025.4.9,07,7:13:00,2025-04-09T07:13:00+09:00,1
开伙,202,2025.4.9,26,2:39:00,2025-04-10T02:39:00+09:00,4
开伙,202,2025.4.9,13,13:07:00,2025-04-09T13:07:00+09:00,1
开伙,202,2025.4.9,24,0:50:00,2025-04-10T00:50:00+09:00,2
开伙,202,2025.4.9,06,6:26:00,2025-04-09T06:26:00+09:00,5
开伙,202,2025.4.9,27,3:09:00,2025-04-10T03:09:00+09:00,1
开伙,202,2025.4.9,27,3:31:00,2025-04-10T03:31:00+09:00,1
开伙,202,2025.4.9,25,1:54:00,2025-04-10T01:54:00+09:00,3
开伙,202,2025.4.9,24,0:00:00,2025-04-10T00:00:00+09:00,2
开伙,202,2025.4.9,14,14:46:00,2025-04-09T14:46:00+09:00,2
开伙,202,2025.4.9,20,20:33:00,2025-04-09T20:33:00+09:00,2
开伙,202,2025.4.9,11,11:19:00,2025-04-09T11:19:00+09:00,3
开伙,202,2025.4.9,24,0:34:00,2025-04-10T00:34:00+09:00,3
开伙,202,2025.4.9,09,9:02:00,2025-04-09T09:02:00+09:00,1
开伙,202,2025.4.9,24,0:12:00,2025-04-10T00:12:00+09:00,2
开伙,202,2025.4.9,14,14:36:00,2025-04-09T14:36:00+09:00,1
开伙,202,2025.4.9,20,20:20:00,2025-04-09T20:20:00+09:00,3
开伙,202,2025.4.9,09,9:19:00,2025-04-09T09:19:00+09:00,2
开伙,202,2025.4.9,18,18:46:00,2025-04-09T18:46:00+09:00,5
开伙,202,2025.4.9,08,8:50:00,2025-04-09T08:50:00+09:00,1
开伙,202,2025.4.9,08,8:51:00,2025-04-09T08:51:00+09:00,1
开伙,202,2025.4.9,11,11:00:00,2025-04-09T11:00:00+09:00,3
开伙,202,2025.4.9,13,13:04:00,2025-04-09T13:04:00+09:00,1
开伙,202,2025.4.9,13,13:08:00,2025-04-09T13:08:00+09:00,1
开伙,202,2025.4.9,14,14:33:00,2025-04-09T14:33:00+09:00,1
开伙,202,2025.4.9,04,4:28:00,2025-04-09T04:28:00+09:00,1
开伙,202,2025.4.9,17,17:35:00,2025-04-09T17:35:00+09:00,2
开伙,202,2025.4.9,17,17:19:00,2025-04-09T17:19:00+09:00,1
开伙,202,2025.4.9,17,17:16:00,2025-04-09T17:16:00+09:00,1
开伙,202,2025.4.9,17,17:06:00,2025-04-09T17:06:00+09:00,1
开伙,202,2025.4.9,06,6:07:00,2025-04-09T06:07:00+09:00,7
开伙,202,2025.4.9,26,2:16:00,2025-04-10T02:16:00+09:00,3
开伙,202,2025.4.9,04,4:14:00,2025-04-09T04:14:00+09:00,1
开伙,202,2025.4.9,04,4:18:00,2025-04-09T04:18:00+09:00,1
开伙,202,2025.4.9,27,3:10:00,2025-04-10T03:10:00+09:00,1
开伙,202,2025.4.9,25,1:01:00,2025-04-10T01:01:00+09:00,2
开伙,202,2025.4.9,15,15:51:00,2025-04-09T15:51:00+09:00,1
开伙,202,2025.4.9,17,17:30:00,2025-04-09T17:30:00+09:00,1
开伙,202,2025.4.9,11,11:51:00,2025-04-09T11:51:00+09:00,4
开伙,202,2025.4.9,09,9:43:00,2025-04-09T09:43:00+09:00,1
开伙,202,2025.4.9,05,5:49:00,2025-04-09T05:49:00+09:00,1
开伙,202,2025.4.9,05,5:35:00,2025-04-09T05:35:00+09:00,1
开伙,202,2025.4.9,24,0:44:00,2025-04-10T00:44:00+09:00,2
开伙,202,2025.4.9,25,1:35:00,2025-04-10T01:35:00+09:00,3
开伙,202,2025.4.9,11,11:20:00,2025-04-09T11:20:00+09:00,4
开伙,202,2025.4.9,10,10:41:00,2025-04-09T10:41:00+09:00,3
开伙,202,2025.4.9,21,21:12:00,2025-04-09T21:12:00+09:00,2
开伙,202,2025.4.9,08,8:06:00,2025-04-09T08:06:00+09:00,1
开伙,202,2025.4.9,10,10:44:00,2025-04-09T10:44:00+09:00,3
开伙,202,2025.4.9,19,19:33:00,2025-04-09T19:33:00+09:00,6
开伙,202,2025.4.9,21,21:32:00,2025-04-09T21:32:00+09:00,3
开伙,202,2025.4.9,17,17:58:00,2025-04-09T17:58:00+09:00,3
开伙,202,2025.4.9,04,4:07:00,2025-04-09T04:07:00+09:00,1
开伙,202,2025.4.9,24,0:28:00,2025-04-10T00:28:00+09:00,2
开伙,202,2025.4.9,08,8:26:00,2025-04-09T08:26:00+09:00,3
开伙,202,2025.4.9,25,1:21:00,2025-04-10T01:21:00+09:00,4
开伙,202,2025.4.9,05,5:57:00,2025-04-09T05:57:00+09:00,1
开伙,202,2025.4.9,15,15:33:00,2025-04-09T15:33:00+09:00,1
开伙,202,2025.4.9,06,6:44:00,2025-04-09T06:44:00+09:00,4
开伙,202,2025.4.9,06,6:40:00,2025-04-09T06:40:00+09:00,4
开伙,202,2025.4.9,15,15:21:00,2025-04-09T15:21:00+09:00,1
开伙,202,2025.4.9,19,19:17:00,2025-04-09T19:17:00+09:00,7
开伙,202,2025.4.9,09,9:13:00,2025-04-09T09:13:00+09:00,2
开伙,202,2025.4.9,11,11:21:00,2025-04-09T11:21:00+09:00,4
开伙,202,2025.4.9,05,5:13:00,2025-04-09T05:13:00+09:00,1
开伙,202,2025.4.9,08,8:45:00,2025-04-09T08:45:00+09:00,1
开伙,202,2025.4.9,17,17:49:00,2025-04-09T17:49:00+09:00,2
开伙,202,2025.4.9,21,21:45:00,2025-04-09T21:45:00+09:00,2
开伙,202,2025.4.9,21,21:37:00,2025-04-09T21:37:00+09:00,3
开伙,202,2025.4.9,21,21:18:00,2025-04-09T21:18:00+09:00,2
开伙,202,2025.4.9,13,13:17:00,2025-04-09T13:17:00+09:00,1
开伙,202,2025.4.9,15,15:02:00,2025-04-09T15:02:00+09:00,1
开伙,202,2025.4.9,15,15:12:00,2025-04-09T15:12:00+09:00,1
开伙,202,2025.4.9,19,19:08:00,2025-04-09T19:08:00+09:00,7
开伙,202,2025.4.9,24,0:18:00,2025-04-10T00:18:00+09:00,2
开伙,202,2025.4.9,18,18:42:00,2025-04-09T18:42:00+09:00,5
开伙,202,2025.4.9,11,11:44:00,2025-04-09T11:44:00+09:00,4
开伙,202,2025.4.9,24,0:42:00,2025-04-10T00:42:00+09:00,3
开伙,202,2025.4.9,05,5:48:00,2025-04-09T05:48:00+09:00,1
开伙,202,2025.4.9,17,17:09:00,2025-04-09T17:09:00+09:00,1
开伙,202,2025.4.9,16,16:41:00,2025-04-09T16:41:00+09:00,1
开伙,202,2025.4.9,18,18:10:00,2025-04-09T18:10:00+09:00,3
开伙,202,2025.4.9,07,7:38:00,2025-04-09T07:38:00+09:00,1
开伙,202,2025.4.9,26,2:43:00,2025-04-10T02:43:00+09:00,4
开伙,202,2025.4.9,19,19:57:00,2025-04-09T19:57:00+09:00,4
开伙,202,2025.4.9,20,20:31:00,2025-04-09T20:31:00+09:00,2
开伙,202,2025.4.9,04,4:01:00,2025-04-09T04:01:00+09:00,1
开伙,202,2025.4.9,16,16:15:00,2025-04-09T16:15:00+09:00,2
开伙,202,2025.4.9,26,2:50:00,2025-04-10T02:50:00+09:00,4
开伙,202,2025.4.9,10,10:54:00,2025-04-09T10:54:00+09:00,2
开伙,202,2025.4.9,22,22:31:00,2025-04-09T22:31:00+09:00,4
开伙,202,2025.4.9,04,4:09:00,2025-04-09T04:09:00+09:00,1
开伙,202,2025.4.9,25,1:51:00,2025-04-10T01:51:00+09:00,3
开伙,202,2025.4.9,12,12:41:00,2025-04-09T12:41:00+09:00,1
开伙,202,2025.4.9,19,19:00:00,2025-04-09T19:00:00+09:00,7
开伙,202,2025.4.9,04,4:41:00,2025-04-09T04:41:00+09:00,1
开伙,202,2025.4.9,08,8:54:00,2025-04-09T08:54:00+09:00,1
开伙,202,2025.4.9,25,1:41:00,2025-04-10T01:41:00+09:00,3
开伙,202,2025.4.9,15,15:20:00,2025-04-09T15:20:00+09:00,1
开伙,202,2025.4.9,19,19:32:00,2025-04-09T19:32:00+09:00,6
开伙,202,2025.4.9,26,2:37:00,2025-04-10T02:37:00+09:00,4
开伙,202,2025.4.9,16,16:06:00,2025-04-09T16:06:00+09:00,1
开伙,202,2025.4.9,16,16:38:00,2025-04-09T16:38:00+09:00,1
开伙,202,2025.4.9,24,0:24:00,2025-04-10T00:24:00+09:00,3
开伙,202,2025.4.9,04,4:57:00,2025-04-09T04:57:00+09:00,1
开伙,202,2025.4.9,12,12:54:00,2025-04-09T12:54:00+09:00,1
开伙,202,2025.4.9,14,14:37:00,2025-04-09T14:37:00+09:00,1
开伙,202,2025.4.9,18,18:35:00,2025-04-09T18:35:00+09:00,4
开伙,202,2025.4.9,27,3:13:00,2025-04-10T03:13:00+09:00,1
开伙,202,2025.4.9,25,1:49:00,2025-04-10T01:49:00+09:00,3
开伙,202,2025.4.9,23,23:59:00,2025-04-09T23:59:00+09:00,2
开伙,202,2025.4.9,21,21:43:00,2025-04-09T21:43:00+09:00,2
开伙,202,2025.4.9,22,22:56:00,2025-04-09T22:56:00+09:00,3
开伙,202,2025.4.9,07,7:04:00,2025-04-09T07:04:00+09:00,3
开伙,202,2025.4.9,06,6:22:00,2025-04-09T06:22:00+09:00,5
开伙,202,2025.4.9,19,19:11:00,2025-04-09T19:11:00+09:00,7
开伙,202,2025.4.9,19,19:26:00,2025-04-09T19:26:00+09:00,6
开伙,202,2025.4.9,14,14:51:00,2025-04-09T14:51:00+09:00,1
开伙,202,2025.4.9,24,0:59:00,2025-04-10T00:59:00+09:00,2
开伙,202,2025.4.9,04,4:24:00,2025-04-09T04:24:00+09:00,1
开伙,202,2025.4.9,11,11:52:00,2025-04-09T11:52:00+09:00,4
开伙,202,2025.4.9,09,9:42:00,2025-04-09T09:42:00+09:00,1
开伙,202,2025.4.9,22,22:22:00,2025-04-09T22:22:00+09:00,3
开伙,202,2025.4.9,14,14:44:00,2025-04-09T14:44:00+09:00,1
开伙,202,2025.4.9,19,19:39:00,2025-04-09T19:39:00+09:00,5
开伙,202,2025.4.9,14,14:58:00,2025-04-09T14:58:00+09:00,1
开伙,202,2025.4.9,26,2:42:00,2025-04-10T02:42:00+09:00,4
开伙,202,2025.4.9,25,1:24:00,2025-04-10T01:24:00+09:00,3
开伙,202,2025.4.9,26,2:51:00,2025-04-10T02:51:00+09:00,4
开伙,202,2025.4.9,26,2:47:00,2025-04-10T02:47:00+09:00,4
开伙,202,2025.4.9,25,1:34:00,2025-04-10T01:34:00+09:00,2
开伙,202,2025.4.9,09,9:17:00,2025-04-09T09:17:00+09:00,2
开伙,202,2025.4.9,27,3:22:00,2025-04-10T03:22:00+09:00,1
开伙,202,2025.4.9,25,1:28:00,2025-04-10T01:28:00+09:00,1
开伙,202,2025.4.9,09,9:48:00,2025-04-09T09:48:00+09:00,1
开伙,202,2025.4.9,13,13:25:00,2025-04-09T13:25:00+09:00,1
开伙,202,2025.4.9,04,4:56:00,2025-04-09T04:56:00+09:00,1
开伙,202,2025.4.9,05,5:28:00,2025-04-09T05:28:00+09:00,1
开伙,202,2025.4.9,18,18:38:00,2025-04-09T18:38:00+09:00,4
开伙,202,2025.4.9,20,20:46:00,2025-04-09T20:46:00+09:00,3
开伙,202,2025.4.9,18,18:14:00,2025-04-09T18:14:00+09:00,3
开伙,202,2025.4.9,04,4:47:00,2025-04-09T04:47:00+09:00,1
开伙,202,2025.4.9,04,4:31:00,2025-04-09T04:31:00+09:00,1
开伙,202,2025.4.9,21,21:02:00,2025-04-09T21:02:00+09:00,1
开伙,202,2025.4.9,07,7:10:00,2025-04-09T07:10:00+09:00,2
开伙,202,2025.4.9,08,8:19:00,2025-04-09T08:19:00+09:00,2
开伙,202,2025.4.9,20,20:49:00,2025-04-09T20:49:00+09:00,3
开伙,202,2025.4.9,13,13:13:00,2025-04-09T13:13:00+09:00,1
开伙,202,2025.4.9,26,2:23:00,2025-04-10T02:23:00+09:00,3
开伙,202,2025.4.9,14,14:03:00,2025-04-09T14:03:00+09:00,1
开伙,202,2025.4.9,12,12:33:00,2025-04-09T12:33:00+09:00,1
开伙,202,2025.4.9,17,17:48:00,2025-04-09T17:48:00+09:00,2
开伙,202,2025.4.9,25,1:09:00,2025-04-10T01:09:00+09:00,2
开伙,202,2025.4.9,20,20:54:00,2025-04-09T20:54:00+09:00,2
开伙,202,2025.4.9,10,10:35:00,2025-04-09T10:35:00+09:00,2
开伙,202,2025.4.9,24,0:32:00,2025-04-10T00:32:00+09:00,3
开伙,202,2025.4.9,13,13:30:00,2025-04-09T13:30:00+09:00,1
开伙,202,2025.4.9,13,13:42:00,2025-04-09T13:42:00+09:00,1
开伙,202,2025.4.9,19,19:58:00,2025-04-09T19:58:00+09:00,5
开伙,202,2025.4.9,19,19:16:00,2025-04-09T19:16:00+09:00,7
开伙,202,2025.4.9,23,23:20:00,2025-04-09T23:20:00+09:00,4
开伙,202,2025.4.9,05,5:11:00,2025-04-09T05:11:00+09:00,1
开伙,202,2025.4.9,10,10:07:00,2025-04-09T10:07:00+09:00,1
开伙,202,2025.4.9,04,4:46:00,2025-04-09T04:46:00+09:00,1
开伙,202,2025.4.9,16,16:53:00,2025-04-09T16:53:00+09:00,2
开伙,202,2025.4.9,22,22:37:00,2025-04-09T22:37:00+09:00,4
开伙,202,2025.4.9,22,22:39:00,2025-04-09T22:39:00+09:00,4
开伙,202,2025.4.9,22,22:45:00,2025-04-09T22:45:00+09:00,3
开伙,202,2025.4.9,18,18:33:00,2025-04-09T18:33:00+09:00,5
开伙,202,2025.4.9,11,11:15:00,2025-04-09T11:15:00+09:00,3
开伙,202,2025.4.9,24,0:43:00,2025-04-10T00:43:00+09:00,3
开伙,202,2025.4.9,22,22:02:00,2025-04-09T22:02:00+09:00,3
开伙,202,2025.4.9,05,5:36:00,2025-04-09T05:36:00+09:00,1
开伙,202,2025.4.9,17,17:24:00,2025-04-09T17:24:00+09:00,2
开伙,202,2025.4.9,07,7:27:00,2025-04-09T07:27:00+09:00,1
开伙,202,2025.4.9,14,14:25:00,2025-04-09T14:25:00+09:00,1
开伙,202,2025.4.9,27,3:03:00,2025-04-10T03:03:00+09:00,1
开伙,202,2025.4.9,07,7:21:00,2025-04-09T07:21:00+09:00,1
开伙,202,2025.4.9,05,5:17:00,2025-04-09T05:17:00+09:00,1
开伙,202,2025.4.9,27,3:36:00,2025-04-10T03:36:00+09:00,1
开伙,202,2025.4.9,23,23:27:00,2025-04-09T23:27:00+09:00,3
开伙,202,2025.4.9,20,20:36:00,2025-04-09T20:36:00+09:00,2
开伙,202,2025.4.9,16,16:09:00,2025-04-09T16:09:00+09:00,2
开伙,202,2025.4.9,05,5:00:00,2025-04-09T05:00:00+09:00,1
开伙,202,2025.4.9,17,17:32:00,2025-04-09T17:32:00+09:00,1
开伙,202,2025.4.9,15,15:04:00,2025-04-09T15:04:00+09:00,1
开伙,202,2025.4.9,13,13:39:00,2025-04-09T13:39:00+09:00,1
开伙,202,2025.4.9,08,8:09:00,2025-04-09T08:09:00+09:00,1
开伙,202,2025.4.9,27,3:16:00,2025-04-10T03:16:00+09:00,1
开伙,202,2025.4.9,26,2:56:00,2025-04-10T02:56:00+09:00,3
开伙,202,2025.4.9,05,5:25:00,2025-04-09T05:25:00+09:00,1
开伙,202,2025.4.9,06,6:42:00,2025-04-09T06:42:00+09:00,5
开伙,202,2025.4.9,23,23:31:00,2025-04-09T23:31:00+09:00,3
开伙,202,2025.4.9,20,20:37:00,2025-04-09T20:37:00+09:00,2
开伙,202,2025.4.9,14,14:11:00,2025-04-09T14:11:00+09:00,1
开伙,202,2025.4.9,09,9:12:00,2025-04-09T09:12:00+09:00,1
开伙,202,2025.4.9,12,12:43:00,2025-04-09T12:43:00+09:00,1
开伙,202,2025.4.9,26,2:38:00,2025-04-10T02:38:00+09:00,4
开伙,202,2025.4.9,27,3:18:00,2025-04-10T03:18:00+09:00,1
开伙,202,2025.4.9,11,11:56:00,2025-04-09T11:56:00+09:00,3
开伙,202,2025.4.9,23,23:42:00,2025-04-09T23:42:00+09:00,3
开伙,202,2025.4.9,23,23:53:00,2025-04-09T23:53:00+09:00,2
开伙,202,2025.4.9,09,9:08:00,2025-04-09T09:08:00+09:00,1
开伙,202,2025.4.9,21,21:04:00,2025-04-09T21:04:00+09:00,2
开伙,202,2025.4.9,22,22:40:00,2025-04-09T22:40:00+09:00,3
开伙,202,2025.4.9,17,17:13:00,2025-04-09T17:13:00+09:00,1
开伙,202,2025.4.9,26,2:08:00,2025-04-10T02:08:00+09:00,1
开伙,202,2025.4.9,06,6:37:00,2025-04-09T06:37:00+09:00,5
开伙,202,2025.4.9,10,10:05:00,2025-04-09T10:05:00+09:00,1
开伙,202,2025.4.9,18,18:04:00,2025-04-09T18:04:00+09:00,2
开伙,202,2025.4.9,14,14:17:00,2025-04-09T14:17:00+09:00,1
开伙,202,2025.4.9,13,13:09:00,2025-04-09T13:09:00+09:00,1
开伙,202,2025.4.9,14,14:56:00,2025-04-09T14:56:00+09:00,1
开伙,202,2025.4.9,18,18:12:00,2025-04-09T18:12:00+09:00,2
开伙,202,2025.4.9,09,9:40:00,2025-04-09T09:40:00+09:00,1
开伙,202,2025.4.9,21,21:24:00,2025-04-09T21:24:00+09:00,2
开伙,202,2025.4.9,05,5:34:00,2025-04-09T05:34:00+09:00,1
开伙,202,2025.4.9,07,7:24:00,2025-04-09T07:24:00+09:00,1
开伙,202,2025.4.9,13,13:33:00,2025-04-09T13:33:00+09:00,1
开伙,202,2025.4.9,21,21:41:00,2025-04-09T21:41:00+09:00,2
开伙,202,2025.4.9,07,7:28:00,2025-04-09T07:28:00+09:00,1
开伙,202,2025.4.9,09,9:45:00,2025-04-09T09:45:00+09:00,1
开伙,202,2025.4.9,20,20:26:00,2025-04-09T20:26:00+09:00,2
开伙,202,2025.4.9,20,20:34:00,2025-04-09T20:34:00+09:00,2
开伙,202,2025.4.9,10,10:12:00,2025-04-09T10:12:00+09:00,1
开伙,202,2025.4.9,10,10:16:00,2025-04-09T10:16:00+09:00,2
开伙,202,2025.4.9,13,13:27:00,2025-04-09T13:27:00+09:00,1
开伙,202,2025.4.9,13,13:55:00,2025-04-09T13:55:00+09:00,1
开伙,202,2025.4.9,10,10:31:00,2025-04-09T10:31:00+09:00,2
开伙,202,2025.4.9,05,5:26:00,2025-04-09T05:26:00+09:00,1
开伙,202,2025.4.9,15,15:08:00,2025-04-09T15:08:00+09:00,2
开伙,202,2025.4.9,20,20:02:00,2025-04-09T20:02:00+09:00,5
开伙,202,2025.4.9,08,8:52:00,2025-04-09T08:52:00+09:00,1
开伙,202,2025.4.9,15,15:23:00,2025-04-09T15:23:00+09:00,1
开伙,202,2025.4.9,18,18:25:00,2025-04-09T18:25:00+09:00,5
开伙,202,2025.4.9,09,9:05:00,2025-04-09T09:05:00+09:00,1
开伙,202,2025.4.9,27,3:17:00,2025-04-10T03:17:00+09:00,1
开伙,202,2025.4.9,08,8:39:00,2025-04-09T08:39:00+09:00,2
开伙,202,2025.4.9,25,1:30:00,2025-04-10T01:30:00+09:00,1
开伙,202,2025.4.9,19,19:43:00,2025-04-09T19:43:00+09:00,5
开伙,202,2025.4.9,22,22:41:00,2025-04-09T22:41:00+09:00,3
开伙,202,2025.4.9,09,9:38:00,2025-04-09T09:38:00+09:00,1
开伙,202,2025.4.9,19,19:15:00,2025-04-09T19:15:00+09:00,7
开伙,202,2025.4.9,06,6:47:00,2025-04-09T06:47:00+09:00,2
开伙,202,2025.4.9,10,10:34:00,2025-04-09T10:34:00+09:00,2
开伙,202,2025.4.9,19,19:22:00,2025-04-09T19:22:00+09:00,7
开伙,202,2025.4.9,15,15:15:00,2025-04-09T15:15:00+09:00,1
开伙,202,2025.4.9,06,6:10:00,2025-04-09T06:10:00+09:00,7
开伙,202,2025.4.9,15,15:43:00,2025-04-09T15:43:00+09:00,1
开伙,202,2025.4.9,19,19:10:00,2025-04-09T19:10:00+09:00,7
开伙,202,2025.4.9,11,11:06:00,2025-04-09T11:06:00+09:00,3
开伙,202,2025.4.9,26,2:54:00,2025-04-10T02:54:00+09:00,4
开伙,202,2025.4.9,09,9:57:00,2025-04-09T09:57:00+09:00,1
开伙,202,2025.4.9,21,21:54:00,2025-04-09T21:54:00+09:00,3
开伙,202,2025.4.9,22,22:21:00,2025-04-09T22:21:00+09:00,3
开伙,202,2025.4.9,13,13:48:00,2025-04-09T13:48:00+09:00,1
开伙,202,2025.4.9,04,4:22:00,2025-04-09T04:22:00+09:00,1
开伙,202,2025.4.9,15,15:56:00,2025-04-09T15:56:00+09:00,1
开伙,202,2025.4.9,15,15:01:00,2025-04-09T15:01:00+09:00,1
开伙,202,2025.4.9,10,10:52:00,2025-04-09T10:52:00+09:00,2
开伙,202,2025.4.9,12,12:39:00,2025-04-09T12:39:00+09:00,1
开伙,202,2025.4.9,11,11:23:00,2025-04-09T11:23:00+09:00,4
开伙,202,2025.4.9,07,7:39:00,2025-04-09T07:39:00+09:00,2
开伙,202,2025.4.9,11,11:25:00,2025-04-09T11:25:00+09:00,4
开伙,202,2025.4.9,25,1:53:00,2025-04-10T01:53:00+09:00,3
开伙,202,2025.4.9,26,2:49:00,2025-04-10T02:49:00+09:00,3
开伙,202,2025.4.9,18,18:45:00,2025-04-09T18:45:00+09:00,5
开伙,202,2025.4.9,27,3:35:00,2025-04-10T03:35:00+09:00,1
开伙,202,2025.4.9,23,23:03:00,2025-04-09T23:03:00+09:00,2
开伙,202,2025.4.9,26,2:33:00,2025-04-10T02:33:00+09:00,4
开伙,202,2025.4.9,09,9:55:00,2025-04-09T09:55:00+09:00,1
开伙,202,2025.4.9,27,3:06:00,2025-04-10T03:06:00+09:00,1
开伙,202,2025.4.9,12,12:24:00,2025-04-09T12:24:00+09:00,1
开伙,202,2025.4.9,08,8:07:00,2025-04-09T08:07:00+09:00,1
开伙,202,2025.4.9,08,8:08:00,2025-04-09T08:08:00+09:00,1
开伙,202,2025.4.9,19,19:28:00,2025-04-09T19:28:00+09:00,6
开伙,202,2025.4.9,10,10:38:00,2025-04-09T10:38:00+09:00,3
开伙,202,2025.4.9,09,9:34:00,2025-04-09T09:34:00+09:00,1
开伙,202,2025.4.9,27,3:29:00,2025-04-10T03:29:00+09:00,1
开伙,202,2025.4.9,26,2:44:00,2025-04-10T02:44:00+09:00,4
开伙,202,2025.4.9,18,18:21:00,2025-04-09T18:21:00+09:00,4
开伙,202,2025.4.9,22,22:32:00,2025-04-09T22:32:00+09:00,4
开伙,202,2025.4.9,17,17:37:00,2025-04-09T17:37:00+09:00,1
开伙,202,2025.4.9,22,22:59:00,2025-04-09T22:59:00+09:00,2
开伙,202,2025.4.9,08,8:18:00,2025-04-09T08:18:00+09:00,1
开伙,202,2025.4.9,06,6:06:00,2025-04-09T06:06:00+09:00,7
开伙,202,2025.4.9,17,17:52:00,2025-04-09T17:52:00+09:00,2
开伙,202,2025.4.9,16,16:02:00,2025-04-09T16:02:00+09:00,1
开伙,202,2025.4.9,10,10:48:00,2025-04-09T10:48:00+09:00,3
开伙,202,2025.4.9,10,10:06:00,2025-04-09T10:06:00+09:00,1
开伙,202,2025.4.9,04,4:43:00,2025-04-09T04:43:00+09:00,1
开伙,202,2025.4.9,24,0:57:00,2025-04-10T00:57:00+09:00,3
开伙,202,2025.4.9,22,22:06:00,2025-04-09T22:06:00+09:00,4
开伙,202,2025.4.9,18,18:29:00,2025-04-09T18:29:00+09:00,5
开伙,202,2025.4.9,12,12:25:00,2025-04-09T12:25:00+09:00,1
开伙,202,2025.4.9,10,10:49:00,2025-04-09T10:49:00+09:00,3
开伙,202,2025.4.9,08,8:34:00,2025-04-09T08:34:00+09:00,1
开伙,202,2025.4.9,06,6:02:00,2025-04-09T06:02:00+09:00,1
开伙,202,2025.4.9,06,6:04:00,2025-04-09T06:04:00+09:00,3
开伙,202,2025.4.9,10,10:57:00,2025-04-09T10:57:00+09:00,2
开伙,202,2025.4.9,18,18:52:00,2025-04-09T18:52:00+09:00,6
开伙,202,2025.4.9,22,22:12:00,2025-04-09T22:12:00+09:00,3
开伙,202,2025.4.9,19,19:45:00,2025-04-09T19:45:00+09:00,5
开伙,202,2025.4.9,13,13:43:00,2025-04-09T13:43:00+09:00,1
开伙,202,2025.4.9,12,12:52:00,2025-04-09T12:52:00+09:00,1
开伙,202,2025.4.9,07,7:54:00,2025-04-09T07:54:00+09:00,1
开伙,202,2025.4.9,23,23:29:00,2025-04-09T23:29:00+09:00,3
开伙,202,2025.4.9,18,18:30:00,2025-04-09T18:30:00+09:00,5
开伙,202,2025.4.9,04,4:50:00,2025-04-09T04:50:00+09:00,1
开伙,202,2025.4.9,21,21:25:00,2025-04-09T21:25:00+09:00,2
开伙,202,2025.4.9,26,2:59:00,2025-04-10T02:59:00+09:00,3
开伙,202,2025.4.9,25,1:57:00,2025-04-10T01:57:00+09:00,3
开伙,202,2025.4.9,24,0:02:00,2025-04-10T00:02:00+09:00,1
开伙,202,2025.4.9,24,0:39:00,2025-04-10T00:39:00+09:00,3
开伙,202,2025.4.9,13,13:24:00,2025-04-09T13:24:00+09:00,1
开伙,202,2025.4.9,13,13:53:00,2025-04-09T13:53:00+09:00,1
开伙,202,2025.4.9,17,17:57:00,2025-04-09T17:57:00+09:00,3
开伙,202,2025.4.9,04,4:52:00,2025-04-09T04:52:00+09:00,1
开伙,202,2025.4.9,07,7:31:00,2025-04-09T07:31:00+09:00,1
开伙,202,2025.4.9,09,9:29:00,2025-04-09T09:29:00+09:00,1
开伙,202,2025.4.9,08,8:49:00,2025-04-09T08:49:00+09:00,2
开伙,202,2025.4.9,26,2:03:00,2025-04-10T02:03:00+09:00,2
开伙,202,2025.4.9,06,6:52:00,2025-04-09T06:52:00+09:00,2
开伙,202,2025.4.9,27,3:57:00,2025-04-10T03:57:00+09:00,1
开伙,202,2025.4.9,11,11:08:00,2025-04-09T11:08:00+09:00,3
开伙,202,2025.4.9,24,0:05:00,2025-04-10T00:05:00+09:00,2
开伙,202,2025.4.9,25,1:08:00,2025-04-10T01:08:00+09:00,2
开伙,202,2025.4.9,08,8:00:00,2025-04-09T08:00:00+09:00,1
开伙,202,2025.4.9,18,18:34:00,2025-04-09T18:34:00+09:00,5
开伙,202,2025.4.9,26,2:04:00,2025-04-10T02:04:00+09:00,2
开伙,202,2025.4.9,07,7:32:00,2025-04-09T07:32:00+09:00,1
开伙,202,2025.4.9,11,11:38:00,2025-04-09T11:38:00+09:00,4
开伙,202,2025.4.9,26,2:10:00,2025-04-10T02:10:00+09:00,2
开伙,202,2025.4.9,23,23:44:00,2025-04-09T23:44:00+09:00,3
开伙,202,2025.4.9,22,22:17:00,2025-04-09T22:17:00+09:00,4
开伙,202,2025.4.9,22,22:09:00,2025-04-09T22:09:00+09:00,3
开伙,202,2025.4.9,13,13:31:00,2025-04-09T13:31:00+09:00,1
开伙,202,2025.4.9,22,22:04:00,2025-04-09T22:04:00+09:00,3
开伙,202,2025.4.9,17,17:39:00,2025-04-09T17:39:00+09:00,2
开伙,202,2025.4.9,27,3:00:00,2025-04-10T03:00:00+09:00,3
开伙,202,2025.4.9,23,23:34:00,2025-04-09T23:34:00+09:00,3
开伙,202,2025.4.9,25,1:48:00,2025-04-10T01:48:00+09:00,3
开伙,202,2025.4.9,15,15:42:00,2025-04-09T15:42:00+09:00,1
开伙,202,2025.4.9,09,9:41:00,2025-04-09T09:41:00+09:00,1
开伙,202,2025.4.9,15,15:40:00,2025-04-09T15:40:00+09:00,1
开伙,202,2025.4.9,12,12:50:00,2025-04-09T12:50:00+09:00,1
开伙,202,2025.4.9,07,7:55:00,2025-04-09T07:55:00+09:00,1
开伙,202,2025.4.9,18,18:07:00,2025-04-09T18:07:00+09:00,2
开伙,202,2025.4.9,12,12:45:00,2025-04-09T12:45:00+09:00,1
开伙,202,2025.4.9,05,5:33:00,2025-04-09T05:33:00+09:00,1
开伙,202,2025.4.9,19,19:04:00,2025-04-09T19:04:00+09:00,7
开伙,202,2025.4.9,08,8:35:00,2025-04-09T08:35:00+09:00,1
开伙,202,2025.4.9,07,7:08:00,2025-04-09T07:08:00+09:00,3
开伙,202,2025.4.9,12,12:09:00,2025-04-09T12:09:00+09:00,2
开伙,202,2025.4.9,08,8:15:00,2025-04-09T08:15:00+09:00,1
开伙,202,2025.4.9,20,20:43:00,2025-04-09T20:43:00+09:00,3
开伙,202,2025.4.9,05,5:38:00,2025-04-09T05:38:00+09:00,1
开伙,202,2025.4.9,10,10:21:00,2025-04-09T10:21:00+09:00,2
开伙,202,2025.4.9,25,1:44:00,2025-04-10T01:44:00+09:00,2
开伙,202,2025.4.9,24,0:23:00,2025-04-10T00:23:00+09:00,3
开伙,202,2025.4.9,23,23:39:00,2025-04-09T23:39:00+09:00,2
开伙,202,2025.4.9,07,7:35:00,2025-04-09T07:35:00+09:00,2
开伙,202,2025.4.9,05,5:45:00,2025-04-09T05:45:00+09:00,1
开伙,202,2025.4.9,15,15:47:00,2025-04-09T15:47:00+09:00,1
开伙,202,2025.4.9,06,6:51:00,2025-04-09T06:51:00+09:00,2
开伙,202,2025.4.9,27,3:59:00,2025-04-10T03:59:00+09:00,1
开伙,202,2025.4.9,05,5:22:00,2025-04-09T05:22:00+09:00,1
开伙,202,2025.4.9,25,1:07:00,2025-04-10T01:07:00+09:00,2
开伙,202,2025.4.9,19,19:53:00,2025-04-09T19:53:00+09:00,4
开伙,202,2025.4.9,19,19:55:00,2025-04-09T19:55:00+09:00,4
开伙,202,2025.4.9,09,9:51:00,2025-04-09T09:51:00+09:00,1
开伙,202,2025.4.9,11,11:40:00,2025-04-09T11:40:00+09:00,3
开伙,202,2025.4.9,09,9:06:00,2025-04-09T09:06:00+09:00,1
开伙,202,2025.4.9,07,7:11:00,2025-04-09T07:11:00+09:00,2
开伙,202,2025.4.9,26,2:21:00,2025-04-10T02:21:00+09:00,2
开伙,202,2025.4.9,12,12:53:00,2025-04-09T12:53:00+09:00,1
开伙,202,2025.4.9,05,5:15:00,2025-04-09T05:15:00+09:00,1
开伙,202,2025.4.9,12,12:46:00,2025-04-09T12:46:00+09:00,1
开伙,202,2025.4.9,19,19:06:00,2025-04-09T19:06:00+09:00,7
开伙,202,2025.4.9,26,2:45:00,2025-04-10T02:45:00+09:00,4
开伙,202,2025.4.9,26,2:28:00,2025-04-10T02:28:00+09:00,3
开伙,202,2025.4.9,24,0:33:00,2025-04-10T00:33:00+09:00,3
开伙,202,2025.4.9,15,15:14:00,2025-04-09T15:14:00+09:00,1
开伙,202,2025.4.9,09,9:53:00,2025-04-09T09:53:00+09:00,1
开伙,202,2025.4.9,07,7:43:00,2025-04-09T07:43:00+09:00,1
开伙,202,2025.4.9,26,2:30:00,2025-04-10T02:30:00+09:00,4
开伙,202,2025.4.9,11,11:58:00,2025-04-09T11:58:00+09:00,3
开伙,202,2025.4.9,20,20:04:00,2025-04-09T20:04:00+09:00,5
开伙,202,2025.4.9,15,15:26:00,2025-04-09T15:26:00+09:00,1
开伙,202,2025.4.9,09,9:14:00,2025-04-09T09:14:00+09:00,2
开伙,202,2025.4.9,10,10:00:00,2025-04-09T10:00:00+09:00,1
开伙,202,2025.4.9,18,18:08:00,2025-04-09T18:08:00+09:00,2
开伙,202,2025.4.9,04,4:11:00,2025-04-09T04:11:00+09:00,1
开伙,202,2025.4.9,09,9:09:00,2025-04-09T09:09:00+09:00,1
开伙,202,2025.4.9,08,8:03:00,2025-04-09T08:03:00+09:00,1
开伙,202,2025.4.9,14,14:04:00,2025-04-09T14:04:00+09:00,2
开伙,202,2025.4.9,09,9:33:00,2025-04-09T09:33:00+09:00,1
开伙,202,2025.4.9,14,14:38:00,2025-04-09T14:38:00+09:00,1
开伙,202,2025.4.9,15,15:55:00,2025-04-09T15:55:00+09:00,1
开伙,202,2025.4.9,18,18:58:00,2025-04-09T18:58:00+09:00,6
开伙,202,2025.4.9,18,18:41:00,2025-04-09T18:41:00+09:00,5
开伙,202,2025.4.9,13,13:59:00,2025-04-09T13:59:00+09:00,1
开伙,202,2025.4.9,21,21:21:00,2025-04-09T21:21:00+09:00,2
开伙,202,2025.4.9,12,12:29:00,2025-04-09T12:29:00+09:00,1
开伙,202,2025.4.9,07,7:09:00,2025-04-09T07:09:00+09:00,2
开伙,202,2025.4.9,15,15:30:00,2025-04-09T15:30:00+09:00,1
开伙,202,2025.4.9,20,20:23:00,2025-04-09T20:23:00+09:00,2
开伙,202,2025.4.9,14,14:30:00,2025-04-09T14:30:00+09:00,1
开伙,202,2025.4.9,20,20:32:00,2025-04-09T20:32:00+09:00,2
开伙,202,2025.4.9,22,22:53:00,2025-04-09T22:53:00+09:00,3
开伙,202,2025.4.9,06,6:46:00,2025-04-09T06:46:00+09:00,2
开伙,202,2025.4.9,16,16:37:00,2025-04-09T16:37:00+09:00,1
开伙,202,2025.4.9,18,18:37:00,2025-04-09T18:37:00+09:00,4
开伙,202,2025.4.9,13,13:54:00,2025-04-09T13:54:00+09:00,1
开伙,202,2025.4.9,24,0:48:00,2025-04-10T00:48:00+09:00,2
开伙,202,2025.4.9,16,16:08:00,2025-04-09T16:08:00+09:00,2
开伙,202,2025.4.9,05,5:01:00,2025-04-09T05:01:00+09:00,1
开伙,202,2025.4.9,13,13:19:00,2025-04-09T13:19:00+09:00,1
开伙,202,2025.4.9,10,10:58:00,2025-04-09T10:58:00+09:00,3
开伙,202,2025.4.9,25,1:14:00,2025-04-10T01:14:00+09:00,3
开伙,202,2025.4.9,23,23:08:00,2025-04-09T23:08:00+09:00,2
开伙,202,2025.4.9,20,20:24:00,2025-04-09T20:24:00+09:00,3
开伙,202,2025.4.9,12,12:07:00,2025-04-09T12:07:00+09:00,2
开伙,202,2025.4.9,19,19:24:00,2025-04-09T19:24:00+09:00,6
开伙,202,2025.4.9,21,21:29:00,2025-04-09T21:29:00+09:00,2
开伙,202,2025.4.9,26,2:20:00,2025-04-10T02:20:00+09:00,3
开伙,202,2025.4.9,16,16:05:00,2025-04-09T16:05:00+09:00,1
开伙,202,2025.4.9,23,23:52:00,2025-04-09T23:52:00+09:00,3
开伙,202,2025.4.9,22,22:23:00,2025-04-09T22:23:00+09:00,4
开伙,202,2025.4.9,23,23:45:00,2025-04-09T23:45:00+09:00,3
开伙,202,2025.4.9,23,23:46:00,2025-04-09T23:46:00+09:00,3
开伙,202,2025.4.9,20,20:15:00,2025-04-09T20:15:00+09:00,4
开伙,202,2025.4.9,19,19:19:00,2025-04-09T19:19:00+09:00,7
开伙,202,2025.4.9,23,23:21:00,2025-04-09T23:21:00+09:00,3
开伙,202,2025.4.9,04,4:42:00,2025-04-09T04:42:00+09:00,1
开伙,202,2025.4.9,04,4:10:00,2025-04-09T04:10:00+09:00,1
开伙,202,2025.4.9,15,15:36:00,2025-04-09T15:36:00+09:00,1
开伙,202,2025.4.9,08,8:29:00,2025-04-09T08:29:00+09:00,2
开伙,202,2025.4.9,13,13:50:00,2025-04-09T13:50:00+09:00,1
开伙,202,2025.4.9,21,21:30:00,2025-04-09T21:30:00+09:00,2
开伙,202,2025.4.9,16,16:43:00,2025-04-09T16:43:00+09:00,2
开伙,202,2025.4.9,25,1:04:00,2025-04-10T01:04:00+09:00,2
开伙,202,2025.4.9,22,22:14:00,2025-04-09T22:14:00+09:00,3
开伙,202,2025.4.9,14,14:13:00,2025-04-09T14:13:00+09:00,1
开伙,202,2025.4.9,27,3:45:00,2025-04-10T03:45:00+09:00,1
开伙,202,2025.4.9,10,10:53:00,2025-04-09T10:53:00+09:00,2
开伙,202,2025.4.9,14,14:06:00,2025-04-09T14:06:00+09:00,2
开伙,202,2025.4.9,04,4:51:00,2025-04-09T04:51:00+09:00,1
开伙,202,2025.4.9,20,20:22:00,2025-04-09T20:22:00+09:00,3
开伙,202,2025.4.9,21,21:34:00,2025-04-09T21:34:00+09:00,3
开伙,202,2025.4.9,16,16:46:00,2025-04-09T16:46:00+09:00,1
开伙,202,2025.4.9,08,8:55:00,2025-04-09T08:55:00+09:00,1
开伙,202,2025.4.9,13,13:41:00,2025-04-09T13:41:00+09:00,1
开伙,202,2025.4.9,25,1:17:00,2025-04-10T01:17:00+09:00,4
开伙,202,2025.4.9,09,9:18:00,2025-04-09T09:18:00+09:00,2
开伙,202,2025.4.9,25,1:15:00,2025-04-10T01:15:00+09:00,3
开伙,202,2025.4.9,16,16:18:00,2025-04-09T16:18:00+09:00,2
开伙,202,2025.4.9,08,8:57:00,2025-04-09T08:57:00+09:00,1
开伙,202,2025.4.9,08,8:31:00,2025-04-09T08:31:00+09:00,2
开伙,202,2025.4.9,13,13:01:00,2025-04-09T13:01:00+09:00,1
开伙,202,2025.4.9,16,16:07:00,2025-04-09T16:07:00+09:00,1
开伙,202,2025.4.9,11,11:57:00,2025-04-09T11:57:00+09:00,3
开伙,202,2025.4.9,24,0:54:00,2025-04-10T00:54:00+09:00,3
开伙,202,2025.4.9,12,12:34:00,2025-04-09T12:34:00+09:00,1
开伙,202,2025.4.9,16,16:20:00,2025-04-09T16:20:00+09:00,1
开伙,202,2025.4.9,19,19:35:00,2025-04-09T19:35:00+09:00,6
开伙,202,2025.4.9,14,14:35:00,2025-04-09T14:35:00+09:00,1
开伙,202,2025.4.9,05,5:41:00,2025-04-09T05:41:00+09:00,1
开伙,202,2025.4.9,25,1:38:00,2025-04-10T01:38:00+09:00,3
开伙,202,2025.4.9,05,5:42:00,2025-04-09T05:42:00+09:00,1
开伙,202,2025.4.9,14,14:20:00,2025-04-09T14:20:00+09:00,1
开伙,202,2025.4.9,10,10:43:00,2025-04-09T10:43:00+09:00,3
开伙,202,2025.4.9,16,16:30:00,2025-04-09T16:30:00+09:00,1
开伙,202,2025.4.9,06,6:01:00,2025-04-09T06:01:00+09:00,1
开伙,202,2025.4.9,06,6:27:00,2025-04-09T06:27:00+09:00,3
开伙,202,2025.4.9,25,1:47:00,2025-04-10T01:47:00+09:00,3
开伙,202,2025.4.9,24,0:37:00,2025-04-10T00:37:00+09:00,2
开伙,202,2025.4.9,22,22:48:00,2025-04-09T22:48:00+09:00,3
开伙,202,2025.4.9,18,18:22:00,2025-04-09T18:22:00+09:00,4
开伙,202,2025.4.9,17,17:17:00,2025-04-09T17:17:00+09:00,1
开伙,202,2025.4.9,14,14:55:00,2025-04-09T14:55:00+09:00,1
开伙,202,2025.4.9,22,22:55:00,2025-04-09T22:55:00+09:00,2
开伙,202,2025.4.9,19,19:01:00,2025-04-09T19:01:00+09:00,7
开伙,202,2025.4.9,12,12:56:00,2025-04-09T12:56:00+09:00,1
开伙,202,2025.4.9,14,14:50:00,2025-04-09T14:50:00+09:00,1
开伙,202,2025.4.9,12,12:12:00,2025-04-09T12:12:00+09:00,2
开伙,202,2025.4.9,06,6:09:00,2025-04-09T06:09:00+09:00,7
开伙,202,2025.4.9,06,6:35:00,2025-04-09T06:35:00+09:00,4
开伙,202,2025.4.9,27,3:08:00,2025-04-10T03:08:00+09:00,1
开伙,202,2025.4.9,20,20:40:00,2025-04-09T20:40:00+09:00,3
开伙,202,2025.4.9,16,16:44:00,2025-04-09T16:44:00+09:00,1
开伙,202,2025.4.9,11,11:34:00,2025-04-09T11:34:00+09:00,4
开伙,202,2025.4.9,18,18:02:00,2025-04-09T18:02:00+09:00,2
开伙,202,2025.4.9,18,18:56:00,2025-04-09T18:56:00+09:00,6
开伙,202,2025.4.9,20,20:11:00,2025-04-09T20:11:00+09:00,4
开伙,202,2025.4.9,19,19:07:00,2025-04-09T19:07:00+09:00,7
开伙,202,2025.4.9,18,18:47:00,2025-04-09T18:47:00+09:00,5
开伙,202,2025.4.9,17,17:22:00,2025-04-09T17:22:00+09:00,2
开伙,202,2025.4.9,18,18:31:00,2025-04-09T18:31:00+09:00,5
开伙,202,2025.4.9,20,20:14:00,2025-04-09T20:14:00+09:00,4
开伙,202,2025.4.9,24,0:15:00,2025-04-10T00:15:00+09:00,2
开伙,202,2025.4.9,25,1:03:00,2025-04-10T01:03:00+09:00,2
开伙,202,2025.4.9,23,23:28:00,2025-04-09T23:28:00+09:00,2
开伙,202,2025.4.9,27,3:40:00,2025-04-10T03:40:00+09:00,1
开伙,202,2025.4.9,19,19:30:00,2025-04-09T19:30:00+09:00,6
开伙,202,2025.4.9,08,8:32:00,2025-04-09T08:32:00+09:00,1
开伙,202,2025.4.9,24,0:27:00,2025-04-10T00:27:00+09:00,2
开伙,202,2025.4.9,15,15:29:00,2025-04-09T15:29:00+09:00,1
开伙,202,2025.4.9,14,14:49:00,2025-04-09T14:49:00+09:00,1
开伙,202,2025.4.9,09,9:31:00,2025-04-09T09:31:00+09:00,1
开伙,202,2025.4.9,10,10:20:00,2025-04-09T10:20:00+09:00,3
开伙,202,2025.4.9,17,17:34:00,2025-04-09T17:34:00+09:00,1
开伙,202,2025.4.9,20,20:19:00,2025-04-09T20:19:00+09:00,3
开伙,202,2025.4.9,10,10:33:00,2025-04-09T10:33:00+09:00,2
开伙,202,2025.4.9,09,9:59:00,2025-04-09T09:59:00+09:00,1
开伙,202,2025.4.9,12,12:44:00,2025-04-09T12:44:00+09:00,1
开伙,202,2025.4.9,24,0:25:00,2025-04-10T00:25:00+09:00,3
开伙,202,2025.4.9,21,21:01:00,2025-04-09T21:01:00+09:00,2
开伙,202,2025.4.9,27,3:51:00,2025-04-10T03:51:00+09:00,1
开伙,202,2025.4.9,27,3:53:00,2025-04-10T03:53:00+09:00,1
开伙,202,2025.4.9,27,3:54:00,2025-04-10T03:54:00+09:00,1
开伙,202,2025.4.9,12,12:49:00,2025-04-09T12:49:00+09:00,1
开伙,202,2025.4.9,10,10:36:00,2025-04-09T10:36:00+09:00,2
开伙,202,2025.4.9,19,19:37:00,2025-04-09T19:37:00+09:00,6
开伙,202,2025.4.9,18,18:57:00,2025-04-09T18:57:00+09:00,6
开伙,202,2025.4.9,16,16:24:00,2025-04-09T16:24:00+09:00,1
开伙,202,2025.4.9,23,23:58:00,2025-04-09T23:58:00+09:00,2
开伙,202,2025.4.9,05,5:09:00,2025-04-09T05:09:00+09:00,1
开伙,202,2025.4.9,10,10:47:00,2025-04-09T10:47:00+09:00,3
开伙,202,2025.4.9,24,0:19:00,2025-04-10T00:19:00+09:00,3
开伙,202,2025.4.9,20,20:13:00,2025-04-09T20:13:00+09:00,4
开伙,202,2025.4.9,04,4:45:00,2025-04-09T04:45:00+09:00,1
开伙,202,2025.4.9,22,22:05:00,2025-04-09T22:05:00+09:00,3
开伙,202,2025.4.9,12,12:08:00,2025-04-09T12:08:00+09:00,2
开伙,202,2025.4.9,21,21:13:00,2025-04-09T21:13:00+09:00,2
开伙,202,2025.4.9,23,23:50:00,2025-04-09T23:50:00+09:00,3
开伙,202,2025.4.9,06,6:23:00,2025-04-09T06:23:00+09:00,4
开伙,202,2025.4.9,16,16:57:00,2025-04-09T16:57:00+09:00,2
开伙,202,2025.4.9,14,14:09:00,2025-04-09T14:09:00+09:00,1
开伙,202,2025.4.9,22,22:43:00,2025-04-09T22:43:00+09:00,3
开伙,202,2025.4.9,21,21:08:00,2025-04-09T21:08:00+09:00,1
开伙,202,2025.4.9,07,7:19:00,2025-04-09T07:19:00+09:00,1
开伙,202,2025.4.9,23,23:06:00,2025-04-09T23:06:00+09:00,2
开伙,202,2025.4.9,09,9:26:00,2025-04-09T09:26:00+09:00,1
开伙,202,2025.4.9,21,21:42:00,2025-04-09T21:42:00+09:00,2
开伙,202,2025.4.9,16,16:25:00,2025-04-09T16:25:00+09:00,1
开伙,202,2025.4.9,21,21:33:00,2025-04-09T21:33:00+09:00,3
开伙,202,2025.4.9,07,7:50:00,2025-04-09T07:50:00+09:00,2
开伙,202,2025.4.9,20,20:51:00,2025-04-09T20:51:00+09:00,3
开伙,202,2025.4.9,12,12:30:00,2025-04-09T12:30:00+09:00,1
开伙,202,2025.4.9,26,2:52:00,2025-04-10T02:52:00+09:00,3
开伙,202,2025.4.9,09,9:28:00,2025-04-09T09:28:00+09:00,1
开伙,202,2025.4.9,24,0:07:00,2025-04-10T00:07:00+09:00,2
开伙,202,2025.4.9,14,14:08:00,2025-04-09T14:08:00+09:00,1
开伙,202,2025.4.9,09,9:10:00,2025-04-09T09:10:00+09:00,1
开伙,202,2025.4.9,09,9:11:00,2025-04-09T09:11:00+09:00,1
开伙,202,2025.4.9,23,23:35:00,2025-04-09T23:35:00+09:00,3
开伙,202,2025.4.9,17,17:27:00,2025-04-09T17:27:00+09:00,2
开伙,202,2025.4.9,23,23:04:00,2025-04-09T23:04:00+09:00,3
开伙,202,2025.4.9,10,10:37:00,2025-04-09T10:37:00+09:00,2
开伙,202,2025.4.9,26,2:01:00,2025-04-10T02:01:00+09:00,2
开伙,202,2025.4.9,08,8:27:00,2025-04-09T08:27:00+09:00,2
开伙,202,2025.4.9,25,1:39:00,2025-04-10T01:39:00+09:00,3
开伙,202,2025.4.9,13,13:37:00,2025-04-09T13:37:00+09:00,1
开伙,202,2025.4.9,15,15:37:00,2025-04-09T15:37:00+09:00,1
开伙,202,2025.4.9,08,8:21:00,2025-04-09T08:21:00+09:00,2
开伙,202,2025.4.9,27,3:50:00,2025-04-10T03:50:00+09:00,1
开伙,202,2025.4.9,16,16:39:00,2025-04-09T16:39:00+09:00,1
开伙,202,2025.4.9,05,5:50:00,2025-04-09T05:50:00+09:00,1
开伙,202,2025.4.9,16,16:03:00,2025-04-09T16:03:00+09:00,1
开伙,202,2025.4.9,22,22:58:00,2025-04-09T22:58:00+09:00,2
开伙,202,2025.4.9,12,12:31:00,2025-04-09T12:31:00+09:00,1
开伙,202,2025.4.9,24,0:20:00,2025-04-10T00:20:00+09:00,3
开伙,202,2025.4.9,10,10:50:00,2025-04-09T10:50:00+09:00,3
开伙,202,2025.4.9,10,10:42:00,2025-04-09T10:42:00+09:00,3
开伙,202,2025.4.9,06,6:32:00,2025-04-09T06:32:00+09:00,3
开伙,202,2025.4.9,26,2:31:00,2025-04-10T02:31:00+09:00,4
开伙,202,2025.4.9,15,15:27:00,2025-04-09T15:27:00+09:00,1
开伙,202,2025.4.9,14,14:40:00,2025-04-09T14:40:00+09:00,1
开伙,202,2025.4.9,27,3:48:00,2025-04-10T03:48:00+09:00,1
开伙,202,2025.4.9,13,13:45:00,2025-04-09T13:45:00+09:00,1
开伙,202,2025.4.9,10,10:46:00,2025-04-09T10:46:00+09:00,3
开伙,202,2025.4.9,09,9:23:00,2025-04-09T09:23:00+09:00,1
开伙,202,2025.4.9,06,6:36:00,2025-04-09T06:36:00+09:00,4
开伙,202,2025.4.9,25,1:29:00,2025-04-10T01:29:00+09:00,1
开伙,202,2025.4.9,12,12:17:00,2025-04-09T12:17:00+09:00,2
开伙,202,2025.4.9,04,4:38:00,2025-04-09T04:38:00+09:00,1
开伙,202,2025.4.9,07,7:56:00,2025-04-09T07:56:00+09:00,1
开伙,202,2025.4.9,26,2:48:00,2025-04-10T02:48:00+09:00,4
开伙,202,2025.4.9,24,0:31:00,2025-04-10T00:31:00+09:00,3
开伙,202,2025.4.9,08,8:59:00,2025-04-09T08:59:00+09:00,1
开伙,202,2025.4.9,21,21:03:00,2025-04-09T21:03:00+09:00,2
开伙,202,2025.4.9,24,0:09:00,2025-04-10T00:09:00+09:00,2
开伙,202,2025.4.9,23,23:47:00,2025-04-09T23:47:00+09:00,3
开伙,202,2025.4.9,09,9:25:00,2025-04-09T09:25:00+09:00,1
开伙,202,2025.4.9,14,14:19:00,2025-04-09T14:19:00+09:00,1
开伙,202,2025.4.9,18,18:48:00,2025-04-09T18:48:00+09:00,5
开伙,202,2025.4.9,24,0:55:00,2025-04-10T00:55:00+09:00,2
开伙,202,2025.4.9,15,15:39:00,2025-04-09T15:39:00+09:00,1
开伙,202,2025.4.9,17,17:01:00,2025-04-09T17:01:00+09:00,1
开伙,202,2025.4.9,11,11:47:00,2025-04-09T11:47:00+09:00,4
开伙,202,2025.4.9,17,17:23:00,2025-04-09T17:23:00+09:00,2
开伙,202,2025.4.9,25,1:32:00,2025-04-10T01:32:00+09:00,2
开伙,202,2025.4.9,21,21:35:00,2025-04-09T21:35:00+09:00,3
开伙,202,2025.4.9,22,22:10:00,2025-04-09T22:10:00+09:00,3
开伙,202,2025.4.9,14,14:26:00,2025-04-09T14:26:00+09:00,1
开伙,202,2025.4.9,05,5:18:00,2025-04-09T05:18:00+09:00,1
开伙,202,2025.4.9,23,23:49:00,2025-04-09T23:49:00+09:00,3
开伙,202,2025.4.9,24,0:03:00,2025-04-10T00:03:00+09:00,1
开伙,202,2025.4.9,14,14:42:00,2025-04-09T14:42:00+09:00,1
开伙,202,2025.4.9,18,18:44:00,2025-04-09T18:44:00+09:00,5
开伙,202,2025.4.9,11,11:04:00,2025-04-09T11:04:00+09:00,3
开伙,202,2025.4.9,18,18:23:00,2025-04-09T18:23:00+09:00,5
开伙,202,2025.4.9,13,13:40:00,2025-04-09T13:40:00+09:00,1
开伙,202,2025.4.9,15,15:49:00,2025-04-09T15:49:00+09:00,1
开伙,202,2025.4.9,19,19:13:00,2025-04-09T19:13:00+09:00,7
开伙,202,2025.4.9,05,5:58:00,2025-04-09T05:58:00+09:00,1
开伙,202,2025.4.9,24,0:46:00,2025-04-10T00:46:00+09:00,2
开伙,202,2025.4.9,17,17:44:00,2025-04-09T17:44:00+09:00,2
开伙,202,2025.4.9,17,17:50:00,2025-04-09T17:50:00+09:00,2
开伙,202,2025.4.9,27,3:15:00,2025-04-10T03:15:00+09:00,1
开伙,202,2025.4.9,25,1:27:00,2025-04-10T01:27:00+09:00,2
开伙,202,2025.4.9,25,1:05:00,2025-04-10T01:05:00+09:00,2
开伙,202,2025.4.9,18,18:15:00,2025-04-09T18:15:00+09:00,3
开伙,202,2025.4.9,08,8:43:00,2025-04-09T08:43:00+09:00,2
开伙,202,2025.4.9,27,3:39:00,2025-04-10T03:39:00+09:00,1
开伙,202,2025.4.9,14,14:10:00,2025-04-09T14:10:00+09:00,1
开伙,202,2025.4.9,18,18:28:00,2025-04-09T18:28:00+09:00,5
开伙,202,2025.4.9,05,5:31:00,2025-04-09T05:31:00+09:00,1
开伙,202,2025.4.9,04,4:59:00,2025-04-09T04:59:00+09:00,1
开伙,202,2025.4.9,14,14:14:00,2025-04-09T14:14:00+09:00,1
开伙,202,2025.4.9,08,8:14:00,2025-04-09T08:14:00+09:00,1
开伙,202,2025.4.9,20,20:44:00,2025-04-09T20:44:00+09:00,3
开伙,202,2025.4.9,13,13:35:00,2025-04-09T13:35:00+09:00,1
开伙,202,2025.4.9,11,11:27:00,2025-04-09T11:27:00+09:00,4
开伙,202,2025.4.9,10,10:14:00,2025-04-09T10:14:00+09:00,1
开伙,202,2025.4.9,04,4:29:00,2025-04-09T04:29:00+09:00,1
开伙,202,2025.4.9,21,21:58:00,2025-04-09T21:58:00+09:00,2
开伙,202,2025.4.9,21,21:40:00,2025-04-09T21:40:00+09:00,3
开伙,202,2025.4.9,17,17:07:00,2025-04-09T17:07:00+09:00,1
开伙,202,2025.4.9,21,21:39:00,2025-04-09T21:39:00+09:00,3
开伙,202,2025.4.9,04,4:32:00,2025-04-09T04:32:00+09:00,1
开伙,202,2025.4.9,04,4:33:00,2025-04-09T04:33:00+09:00,1
开伙,202,2025.4.9,22,22:00:00,2025-04-09T22:00:00+09:00,3
开伙,202,2025.4.9,22,22:01:00,2025-04-09T22:01:00+09:00,3
开伙,202,2025.4.9,15,15:50:00,2025-04-09T15:50:00+09:00,1
开伙,202,2025.4.9,24,0:04:00,2025-04-10T00:04:00+09:00,1
开伙,202,2025.4.9,16,16:42:00,2025-04-09T16:42:00+09:00,2
开伙,202,2025.4.9,23,23:07:00,2025-04-09T23:07:00+09:00,2
开伙,202,2025.4.9,24,0:16:00,2025-04-10T00:16:00+09:00,2
开伙,202,2025.4.9,10,10:56:00,2025-04-09T10:56:00+09:00,2
开伙,202,2025.4.9,25,1:18:00,2025-04-10T01:18:00+09:00,4
开伙,202,2025.4.9,19,19:49:00,2025-04-09T19:49:00+09:00,5
开伙,202,2025.4.9,21,21:51:00,2025-04-09T21:51:00+09:00,2
开伙,202,2025.4.9,17,17:26:00,2025-04-09T17:26:00+09:00,2
开伙,202,2025.4.9,11,11:29:00,2025-04-09T11:29:00+09:00,4
开伙,202,2025.4.9,25,1:16:00,2025-04-10T01:16:00+09:00,3
开伙,202,2025.4.9,19,19:42:00,2025-04-09T19:42:00+09:00,5
开伙,202,2025.4.9,08,8:38:00,2025-04-09T08:38:00+09:00,2
开伙,202,2025.4.9,10,10:18:00,2025-04-09T10:18:00+09:00,3
开伙,202,2025.4.9,23,23:02:00,2025-04-09T23:02:00+09:00,2
开伙,202,2025.4.9,27,3:28:00,2025-04-10T03:28:00+09:00,1
开伙,202,2025.4.9,18,18:19:00,2025-04-09T18:19:00+09:00,3
开伙,202,2025.4.9,06,6:43:00,2025-04-09T06:43:00+09:00,5
开伙,202,2025.4.9,08,8:47:00,2025-04-09T08:47:00+09:00,1
开伙,202,2025.4.9,20,20:03:00,2025-04-09T20:03:00+09:00,4
开伙,202,2025.4.9,20,20:16:00,2025-04-09T20:16:00+09:00,4
开伙,202,2025.4.9,04,4:30:00,2025-04-09T04:30:00+09:00,1
开伙,202,2025.4.9,11,11:18:00,2025-04-09T11:18:00+09:00,4
开伙,202,2025.4.9,15,15:58:00,2025-04-09T15:58:00+09:00,1
开伙,202,2025.4.9,04,4:58:00,2025-04-09T04:58:00+09:00,1
开伙,202,2025.4.9,21,21:07:00,2025-04-09T21:07:00+09:00,2
开伙,202,2025.4.9,15,15:13:00,2025-04-09T15:13:00+09:00,1
开伙,202,2025.4.9,25,1:12:00,2025-04-10T01:12:00+09:00,3
开伙,202,2025.4.9,10,10:08:00,2025-04-09T10:08:00+09:00,1
开伙,202,2025.4.9,04,4:04:00,2025-04-09T04:04:00+09:00,1
开伙,202,2025.4.9,27,3:47:00,2025-04-10T03:47:00+09:00,1
开伙,202,2025.4.9,15,15:53:00,2025-04-09T15:53:00+09:00,1
开伙,202,2025.4.9,15,15:54:00,2025-04-09T15:54:00+09:00,1
开伙,202,2025.4.9,09,9:32:00,2025-04-09T09:32:00+09:00,1
开伙,202,2025.4.9,06,6:20:00,2025-04-09T06:20:00+09:00,4
开伙,202,2025.4.9,27,3:14:00,2025-04-10T03:14:00+09:00,1
开伙,202,2025.4.9,10,10:04:00,2025-04-09T10:04:00+09:00,1
开伙,202,2025.4.9,16,16:51:00,2025-04-09T16:51:00+09:00,1
开伙,202,2025.4.9,19,19:20:00,2025-04-09T19:20:00+09:00,7
开伙,202,2025.4.9,05,5:32:00,2025-04-09T05:32:00+09:00,1
开伙,202,2025.4.9,21,21:52:00,2025-04-09T21:52:00+09:00,2
开伙,202,2025.4.9,14,14:43:00,2025-04-09T14:43:00+09:00,2
开伙,202,2025.4.9,20,20:52:00,2025-04-09T20:52:00+09:00,3
开伙,202,2025.4.9,18,18:27:00,2025-04-09T18:27:00+09:00,5
开伙,202,2025.4.9,05,5:39:00,2025-04-09T05:39:00+09:00,1
开伙,202,2025.4.9,25,1:56:00,2025-04-10T01:56:00+09:00,3
开伙,202,2025.4.9,20,20:29:00,2025-04-09T20:29:00+09:00,2
开伙,202,2025.4.9,10,10:24:00,2025-04-09T10:24:00+09:00,2
开伙,202,2025.4.9,15,15:32:00,2025-04-09T15:32:00+09:00,1
开伙,202,2025.4.9,19,19:52:00,2025-04-09T19:52:00+09:00,4
开伙,202,2025.4.9,16,16:10:00,2025-04-09T16:10:00+09:00,2
开伙,202,2025.4.9,16,16:49:00,2025-04-09T16:49:00+09:00,1
开伙,202,2025.4.9,11,11:33:00,2025-04-09T11:33:00+09:00,4
开伙,202,2025.4.9,11,11:09:00,2025-04-09T11:09:00+09:00,3
开伙,202,2025.4.9,23,23:09:00,2025-04-09T23:09:00+09:00,2
开伙,202,2025.4.9,04,4:21:00,2025-04-09T04:21:00+09:00,1
开伙,202,2025.4.9,05,5:51:00,2025-04-09T05:51:00+09:00,1
开伙,202,2025.4.9,26,2:27:00,2025-04-10T02:27:00+09:00,3
开伙,202,2025.4.9,21,21:47:00,2025-04-09T21:47:00+09:00,2
开伙,202,2025.4.9,05,5:21:00,2025-04-09T05:21:00+09:00,1
开伙,202,2025.4.9,06,6:00:00,2025-04-09T06:00:00+09:00,1
开伙,202,2025.4.9,17,17:36:00,2025-04-09T17:36:00+09:00,1
开伙,202,2025.4.9,20,20:39:00,2025-04-09T20:39:00+09:00,2
开伙,202,2025.4.9,13,13:16:00,2025-04-09T13:16:00+09:00,1
开伙,202,2025.4.9,13,13:29:00,2025-04-09T13:29:00+09:00,1
开伙,202,2025.4.9,06,6:58:00,2025-04-09T06:58:00+09:00,1
开伙,202,2025.4.9,26,2:15:00,2025-04-10T02:15:00+09:00,3
开伙,202,2025.4.9,11,11:32:00,2025-04-09T11:32:00+09:00,4
开伙,202,2025.4.9,15,15:41:00,2025-04-09T15:41:00+09:00,1
开伙,202,2025.4.9,06,6:17:00,2025-04-09T06:17:00+09:00,6
开伙,202,2025.4.9,06,6:56:00,2025-04-09T06:56:00+09:00,2
开伙,202,2025.4.9,14,14:18:00,2025-04-09T14:18:00+09:00,1
开伙,202,2025.4.9,17,17:40:00,2025-04-09T17:40:00+09:00,2
开伙,202,2025.4.9,11,11:46:00,2025-04-09T11:46:00+09:00,4
开伙,202,2025.4.9,20,20:48:00,2025-04-09T20:48:00+09:00,3
开伙,202,2025.4.9,19,19:18:00,2025-04-09T19:18:00+09:00,7
开伙,202,2025.4.9,05,5:37:00,2025-04-09T05:37:00+09:00,1
开伙,202,2025.4.9,23,23:33:00,2025-04-09T23:33:00+09:00,3
开伙,202,2025.4.9,14,14:07:00,2025-04-09T14:07:00+09:00,1
开伙,202,2025.4.9,25,1:06:00,2025-04-10T01:06:00+09:00,2
开伙,202,2025.4.9,06,6:41:00,2025-04-09T06:41:00+09:00,4
开伙,202,2025.4.9,06,6:16:00,2025-04-09T06:16:00+09:00,6
开伙,202,2025.4.9,15,15:19:00,2025-04-09T15:19:00+09:00,1
开伙,202,2025.4.9,19,19:34:00,2025-04-09T19:34:00+09:00,6
开伙,202,2025.4.9,26,2:05:00,2025-04-10T02:05:00+09:00,2
开伙,202,2025.4.9,20,20:30:00,2025-04-09T20:30:00+09:00,2
开伙,202,2025.4.9,05,5:12:00,2025-04-09T05:12:00+09:00,1
开伙,202,2025.4.9,25,1:37:00,2025-04-10T01:37:00+09:00,3
开伙,202,2025.4.9,14,14:52:00,2025-04-09T14:52:00+09:00,1
开伙,202,2025.4.9,14,14:53:00,2025-04-09T14:53:00+09:00,1
开伙,202,2025.4.9,06,6:29:00,2025-04-09T06:29:00+09:00,3
开伙,202,2025.4.9,26,2:12:00,2025-04-10T02:12:00+09:00,2
开伙,202,2025.4.9,27,3:12:00,2025-04-10T03:12:00+09:00,1
开伙,202,2025.4.9,27,3:01:00,2025-04-10T03:01:00+09:00,3
开伙,202,2025.4.9,26,2:41:00,2025-04-10T02:41:00+09:00,4
开伙,202,2025.4.9,23,23:22:00,2025-04-09T23:22:00+09:00,4
开伙,202,2025.4.9,06,6:39:00,2025-04-09T06:39:00+09:00,4
开伙,202,2025.4.9,20,20:12:00,2025-04-09T20:12:00+09:00,4
开伙,202,2025.4.9,14,14:29:00,2025-04-09T14:29:00+09:00,1
开伙,202,2025.4.9,18,18:09:00,2025-04-09T18:09:00+09:00,2
开伙,202,2025.4.9,21,21:59:00,2025-04-09T21:59:00+09:00,2
开伙,202,2025.4.9,10,10:27:00,2025-04-09T10:27:00+09:00,2
开伙,202,2025.4.9,26,2:18:00,2025-04-10T02:18:00+09:00,3
开伙,202,2025.4.9,11,11:05:00,2025-04-09T11:05:00+09:00,3
开伙,202,2025.4.9,18,18:36:00,2025-04-09T18:36:00+09:00,4
开伙,202,2025.4.9,04,4:39:00,2025-04-09T04:39:00+09:00,1
开伙,202,2025.4.9,13,13:44:00,2025-04-09T13:44:00+09:00,1
开伙,202,2025.4.9,23,23:14:00,2025-04-09T23:14:00+09:00,3
开伙,202,2025.4.9,15,15:38:00,2025-04-09T15:38:00+09:00,1
开伙,202,2025.4.9,17,17:21:00,2025-04-09T17:21:00+09:00,1
开伙,202,2025.4.9,07,7:29:00,2025-04-09T07:29:00+09:00,1
开伙,202,2025.4.9,07,7:06:00,2025-04-09T07:06:00+09:00,3
开伙,202,2025.4.9,11,11:37:00,2025-04-09T11:37:00+09:00,3
开伙,202,2025.4.9,11,11:50:00,2025-04-09T11:50:00+09:00,4
开伙,202,2025.4.9,20,20:42:00,2025-04-09T20:42:00+09:00,3
开伙,202,2025.4.9,23,23:56:00,2025-04-09T23:56:00+09:00,2
开伙,202,2025.4.9,18,18:59:00,2025-04-09T18:59:00+09:00,6
开伙,202,2025.4.9,19,19:48:00,2025-04-09T19:48:00+09:00,5
开伙,202,2025.4.9,18,18:00:00,2025-04-09T18:00:00+09:00,3
开伙,202,2025.4.9,07,7:07:00,2025-04-09T07:07:00+09:00,3
开伙,202,2025.4.9,08,8:16:00,2025-04-09T08:16:00+09:00,2
开伙,202,2025.4.9,22,22:30:00,2025-04-09T22:30:00+09:00,4
开伙,202,2025.4.9,19,19:50:00,2025-04-09T19:50:00+09:00,5
开伙,202,2025.4.9,07,7:14:00,2025-04-09T07:14:00+09:00,1
开伙,202,2025.4.9,12,12:37:00,2025-04-09T12:37:00+09:00,1
开伙,202,2025.4.9,06,6:53:00,2025-04-09T06:53:00+09:00,2
开伙,202,2025.4.9,24,0:10:00,2025-04-10T00:10:00+09:00,1
开伙,202,2025.4.9,13,13:26:00,2025-04-09T13:26:00+09:00,1
开伙,202,2025.4.9,19,19:54:00,2025-04-09T19:54:00+09:00,4
开伙,202,2025.4.9,20,20:59:00,2025-04-09T20:59:00+09:00,1
开伙,202,2025.4.9,11,11:54:00,2025-04-09T11:54:00+09:00,3
开伙,202,2025.4.9,21,21:57:00,2025-04-09T21:57:00+09:00,3
开伙,202,2025.4.9,21,21:17:00,2025-04-09T21:17:00+09:00,2
开伙,202,2025.4.9,09,9:52:00,2025-04-09T09:52:00+09:00,1
开伙,202,2025.4.9,07,7:44:00,2025-04-09T07:44:00+09:00,1
开伙,202,2025.4.9,16,16:26:00,2025-04-09T16:26:00+09:00,1
开伙,202,2025.4.9,17,17:14:00,2025-04-09T17:14:00+09:00,1
开伙,202,2025.4.9,07,7:03:00,2025-04-09T07:03:00+09:00,3
开伙,202,2025.4.9,06,6:24:00,2025-04-09T06:24:00+09:00,4
开伙,202,2025.4.9,13,13:57:00,2025-04-09T13:57:00+09:00,1
开伙,202,2025.4.9,19,19:47:00,2025-04-09T19:47:00+09:00,5
开伙,202,2025.4.9,12,12:58:00,2025-04-09T12:58:00+09:00,1
开伙,202,2025.4.9,07,7:00:00,2025-04-09T07:00:00+09:00,1
开伙,202,2025.4.9,23,23:41:00,2025-04-09T23:41:00+09:00,3
开伙,202,2025.4.9,06,6:55:00,2025-04-09T06:55:00+09:00,2
开伙,202,2025.4.9,11,11:17:00,2025-04-09T11:17:00+09:00,4
开伙,202,2025.4.9,07,7:41:00,2025-04-09T07:41:00+09:00,1
开伙,202,2025.4.9,16,16:13:00,2025-04-09T16:13:00+09:00,2
开伙,202,2025.4.9,17,17:56:00,2025-04-09T17:56:00+09:00,3
开伙,202,2025.4.9,11,11:26:00,2025-04-09T11:26:00+09:00,4
开伙,202,2025.4.9,11,11:45:00,2025-04-09T11:45:00+09:00,4
开伙,202,2025.4.9,10,10:22:00,2025-04-09T10:22:00+09:00,2
开伙,202,2025.4.9,05,5:53:00,2025-04-09T05:53:00+09:00,1
开伙,202,2025.4.9,16,16:47:00,2025-04-09T16:47:00+09:00,1
开伙,202,2025.4.9,10,10:55:00,2025-04-09T10:55:00+09:00,2
开伙,202,2025.4.9,13,13:05:00,2025-04-09T13:05:00+09:00,1
开伙,202,2025.4.9,12,12:00:00,2025-04-09T12:00:00+09:00,3
开伙,202,2025.4.9,24,0:51:00,2025-04-10T00:51:00+09:00,2
开伙,202,2025.4.9,08,8:42:00,2025-04-09T08:42:00+09:00,3
开伙,202,2025.4.9,12,12:06:00,2025-04-09T12:06:00+09:00,3
开伙,202,2025.4.9,17,17:46:00,2025-04-09T17:46:00+09:00,2
开伙,202,2025.4.9,04,4:48:00,2025-04-09T04:48:00+09:00,1
开伙,202,2025.4.9,14,14:45:00,2025-04-09T14:45:00+09:00,2
开伙,202,2025.4.9,23,23:43:00,2025-04-09T23:43:00+09:00,3
开伙,202,2025.4.9,14,14:02:00,2025-04-09T14:02:00+09:00,1
开伙,202,2025.4.9,17,17:38:00,2025-04-09T17:38:00+09:00,2
开伙,202,2025.4.9,05,5:55:00,2025-04-09T05:55:00+09:00,1
开伙,202,2025.4.9,22,22:19:00,2025-04-09T22:19:00+09:00,3
开伙,202,2025.4.9,22,22:16:00,2025-04-09T22:16:00+09:00,4
开伙,202,2025.4.9,19,19:27:00,2025-04-09T19:27:00+09:00,6
开伙,202,2025.4.9,08,8:17:00,2025-04-09T08:17:00+09:00,2
开伙,202,2025.4.9,05,5:40:00,2025-04-09T05:40:00+09:00,1
开伙,202,2025.4.9,05,5:44:00,2025-04-09T05:44:00+09:00,1
开伙,202,2025.4.9,21,21:10:00,2025-04-09T21:10:00+09:00,2
开伙,202,2025.4.9,06,6:48:00,2025-04-09T06:48:00+09:00,3
开伙,202,2025.4.9,06,6:49:00,2025-04-09T06:49:00+09:00,2
开伙,202,2025.4.9,24,0:38:00,2025-04-10T00:38:00+09:00,3
开伙,202,2025.4.9,22,22:33:00,2025-04-09T22:33:00+09:00,4
开伙,202,2025.4.9,17,17:05:00,2025-04-09T17:05:00+09:00,1
开伙,202,2025.4.9,22,22:38:00,2025-04-09T22:38:00+09:00,4
开伙,202,2025.4.9,12,12:11:00,2025-04-09T12:11:00+09:00,3
开伙,202,2025.4.9,07,7:01:00,2025-04-09T07:01:00+09:00,2
开伙,202,2025.4.9,08,8:41:00,2025-04-09T08:41:00+09:00,3
开伙,202,2025.4.9,05,5:06:00,2025-04-09T05:06:00+09:00,1
开伙,202,2025.4.9,11,11:16:00,2025-04-09T11:16:00+09:00,3
开伙,202,2025.4.9,04,4:16:00,2025-04-09T04:16:00+09:00,1
开伙,202,2025.4.9,13,13:00:00,2025-04-09T13:00:00+09:00,1
开伙,202,2025.4.9,17,17:04:00,2025-04-09T17:04:00+09:00,1
开伙,202,2025.4.9,10,10:29:00,2025-04-09T10:29:00+09:00,2
开伙,202,2025.4.9,18,18:32:00,2025-04-09T18:32:00+09:00,5
开伙,202,2025.4.9,22,22:54:00,2025-04-09T22:54:00+09:00,3
盔林,6363,2025-04-08,04,04:27:00,2025-04-08T04:27:00+09:00,1
盔林,6363,2025-04-08,09,09:17:00,2025-04-08T09:17:00+09:00,2
盔林,6363,2025-04-08,25,01:51:00,2025-04-09T01:51:00+09:00,3
盔林,6363,2025-04-08,24,00:31:00,2025-04-09T00:31:00+09:00,2
盔林,6363,2025-04-08,10,10:25:00,2025-04-08T10:25:00+09:00,1
盔林,6363,2025-04-08,24,00:27:00,2025-04-09T00:27:00+09:00,2
盔林,6363,2025-04-08,20,20:37:00,2025-04-08T20:37:00+09:00,3
盔林,6363,2025-04-08,07,07:13:00,2025-04-08T07:13:00+09:00,3
盔林,6363,2025-04-08,13,13:55:00,2025-04-08T13:55:00+09:00,1
盔林,6363,2025-04-08,07,07:20:00,2025-04-08T07:20:00+09:00,1
盔林,6363,2025-04-08,07,07:51:00,2025-04-08T07:51:00+09:00,1
盔林,6363,2025-04-08,25,01:05:00,2025-04-09T01:05:00+09:00,2
盔林,6363,2025-04-08,17,17:56:00,2025-04-08T17:56:00+09:00,4
盔林,6363,2025-04-08,17,17:09:00,2025-04-08T17:09:00+09:00,4
盔林,6363,2025-04-08,26,02:24:00,2025-04-09T02:24:00+09:00,3
盔林,6363,2025-04-08,26,02:46:00,2025-04-09T02:46:00+09:00,2
盔林,6363,2025-04-08,24,00:35:00,2025-04-09T00:35:00+09:00,4
盔林,6363,2025-04-08,15,15:17:00,2025-04-08T15:17:00+09:00,1
盔林,6363,2025-04-08,06,06:39:00,2025-04-08T06:39:00+09:00,7
盔林,6363,2025-04-08,09,09:24:00,2025-04-08T09:24:00+09:00,1
盔林,6363,2025-04-08,10,10:12:00,2025-04-08T10:12:00+09:00,2
盔林,6363,2025-04-08,08,08:39:00,2025-04-08T08:39:00+09:00,3
盔林,6363,2025-04-08,14,14:13:00,2025-04-08T14:13:00+09:00,1
盔林,6363,2025-04-08,19,19:34:00,2025-04-08T19:34:00+09:00,4
盔林,6363,2025-04-08,15,15:29:00,2025-04-08T15:29:00+09:00,1
盔林,6363,2025-04-08,04,04:19:00,2025-04-08T04:19:00+09:00,1
盔林,6363,2025-04-08,27,03:45:00,2025-04-09T03:45:00+09:00,1
盔林,6363,2025-04-08,22,22:28:00,2025-04-08T22:28:00+09:00,3
盔林,6363,2025-04-08,13,13:34:00,2025-04-08T13:34:00+09:00,1
盔林,6363,2025-04-08,13,13:27:00,2025-04-08T13:27:00+09:00,1
盔林,6363,2025-04-08,23,23:23:00,2025-04-08T23:23:00+09:00,1
盔林,6363,2025-04-08,16,16:17:00,2025-04-08T16:17:00+09:00,1
盔林,6363,2025-04-08,13,13:10:00,2025-04-08T13:10:00+09:00,2
盔林,6363,2025-04-08,26,02:25:00,2025-04-09T02:25:00+09:00,3
盔林,6363,2025-04-08,12,12:50:00,2025-04-08T12:50:00+09:00,1
盔林,6363,2025-04-08,22,22:47:00,2025-04-08T22:47:00+09:00,3
盔林,6363,2025-04-08,23,23:37:00,2025-04-08T23:37:00+09:00,3
盔林,6363,2025-04-08,10,10:20:00,2025-04-08T10:20:00+09:00,2
盔林,6363,2025-04-08,21,21:42:00,2025-04-08T21:42:00+09:00,3
盔林,6363,2025-04-08,21,21:59:00,2025-04-08T21:59:00+09:00,2
盔林,6363,2025-04-08,07,07:06:00,2025-04-08T07:06:00+09:00,6
盔林,6363,2025-04-08,16,16:43:00,2025-04-08T16:43:00+09:00,2
盔林,6363,2025-04-08,13,13:57:00,2025-04-08T13:57:00+09:00,1
盔林,6363,2025-04-08,07,07:53:00,2025-04-08T07:53:00+09:00,2
盔林,6363,2025-04-08,08,08:07:00,2025-04-08T08:07:00+09:00,2
盔林,6363,2025-04-08,23,23:43:00,2025-04-08T23:43:00+09:00,2
盔林,6363,2025-04-08,21,21:04:00,2025-04-08T21:04:00+09:00,3
盔林,6363,2025-04-08,10,10:49:00,2025-04-08T10:49:00+09:00,2
盔林,6363,2025-04-08,26,02:38:00,2025-04-09T02:38:00+09:00,1
盔林,6363,2025-04-08,09,09:59:00,2025-04-08T09:59:00+09:00,3
盔林,6363,2025-04-08,07,07:44:00,2025-04-08T07:44:00+09:00,1
盔林,6363,2025-04-08,11,11:14:00,2025-04-08T11:14:00+09:00,3
盔林,6363,2025-04-08,27,03:50:00,2025-04-09T03:50:00+09:00,1
盔林,6363,2025-04-08,27,03:11:00,2025-04-09T03:11:00+09:00,1
盔林,6363,2025-04-08,24,00:02:00,2025-04-09T00:02:00+09:00,1
盔林,6363,2025-04-08,09,09:36:00,2025-04-08T09:36:00+09:00,2
盔林,6363,2025-04-08,13,13:08:00,2025-04-08T13:08:00+09:00,2
盔林,6363,2025-04-08,10,10:29:00,2025-04-08T10:29:00+09:00,3
盔林,6363,2025-04-08,26,02:23:00,2025-04-09T02:23:00+09:00,3
盔林,6363,2025-04-08,20,20:25:00,2025-04-08T20:25:00+09:00,2
盔林,6363,2025-04-08,23,23:36:00,2025-04-08T23:36:00+09:00,3
盔林,6363,2025-04-08,25,01:08:00,2025-04-09T01:08:00+09:00,2
盔林,6363,2025-04-08,08,08:38:00,2025-04-08T08:38:00+09:00,3
盔林,6363,2025-04-08,19,19:20:00,2025-04-08T19:20:00+09:00,4
盔林,6363,2025-04-08,18,18:04:00,2025-04-08T18:04:00+09:00,5
盔林,6363,2025-04-08,08,08:49:00,2025-04-08T08:49:00+09:00,3
盔林,6363,2025-04-08,06,06:47:00,2025-04-08T06:47:00+09:00,2
盔林,6363,2025-04-08,20,20:23:00,2025-04-08T20:23:00+09:00,3
盔林,6363,2025-04-08,24,00:16:00,2025-04-09T00:16:00+09:00,3
盔林,6363,2025-04-08,11,11:01:00,2025-04-08T11:01:00+09:00,1
盔林,6363,2025-04-08,17,17:50:00,2025-04-08T17:50:00+09:00,5
盔林,6363,2025-04-08,18,18:11:00,2025-04-08T18:11:00+09:00,6
盔林,6363,2025-04-08,09,09:26:00,2025-04-08T09:26:00+09:00,1
盔林,6363,2025-04-08,06,06:57:00,2025-04-08T06:57:00+09:00,3
盔林,6363,2025-04-08,08,08:12:00,2025-04-08T08:12:00+09:00,2
盔林,6363,2025-04-08,15,15:16:00,2025-04-08T15:16:00+09:00,1
盔林,6363,2025-04-08,15,15:45:00,2025-04-08T15:45:00+09:00,1
盔林,6363,2025-04-08,11,11:59:00,2025-04-08T11:59:00+09:00,2
盔林,6363,2025-04-08,13,13:11:00,2025-04-08T13:11:00+09:00,1
盔林,6363,2025-04-08,08,08:32:00,2025-04-08T08:32:00+09:00,1
盔林,6363,2025-04-08,08,08:14:00,2025-04-08T08:14:00+09:00,1
盔林,6363,2025-04-08,06,06:21:00,2025-04-08T06:21:00+09:00,7
盔林,6363,2025-04-08,07,07:07:00,2025-04-08T07:07:00+09:00,5
盔林,6363,2025-04-08,13,13:59:00,2025-04-08T13:59:00+09:00,1
盔林,6363,2025-04-08,12,12:34:00,2025-04-08T12:34:00+09:00,1
盔林,6363,2025-04-08,19,19:40:00,2025-04-08T19:40:00+09:00,3
盔林,6363,2025-04-08,23,23:42:00,2025-04-08T23:42:00+09:00,2
盔林,6363,2025-04-08,23,23:29:00,2025-04-08T23:29:00+09:00,2
盔林,6363,2025-04-08,08,08:45:00,2025-04-08T08:45:00+09:00,4
盔林,6363,2025-04-08,07,07:32:00,2025-04-08T07:32:00+09:00,1
盔林,6363,2025-04-08,16,16:31:00,2025-04-08T16:31:00+09:00,2
盔林,6363,2025-04-08,04,04:49:00,2025-04-08T04:49:00+09:00,1
盔林,6363,2025-04-08,07,07:22:00,2025-04-08T07:22:00+09:00,1
盔林,6363,2025-04-08,06,06:44:00,2025-04-08T06:44:00+09:00,2
盔林,6363,2025-04-08,09,09:37:00,2025-04-08T09:37:00+09:00,2
盔林,6363,2025-04-08,26,02:12:00,2025-04-09T02:12:00+09:00,1
盔林,6363,2025-04-08,12,12:26:00,2025-04-08T12:26:00+09:00,2
盔林,6363,2025-04-08,25,01:14:00,2025-04-09T01:14:00+09:00,2
盔林,6363,2025-04-08,22,22:04:00,2025-04-08T22:04:00+09:00,1
盔林,6363,2025-04-08,24,00:34:00,2025-04-09T00:34:00+09:00,3
盔林,6363,2025-04-08,22,22:06:00,2025-04-08T22:06:00+09:00,1
盔林,6363,2025-04-08,20,20:03:00,2025-04-08T20:03:00+09:00,3
盔林,6363,2025-04-08,13,13:03:00,2025-04-08T13:03:00+09:00,1
盔林,6363,2025-04-08,07,07:19:00,2025-04-08T07:19:00+09:00,1
盔林,6363,2025-04-08,19,19:24:00,2025-04-08T19:24:00+09:00,4
盔林,6363,2025-04-08,08,08:21:00,2025-04-08T08:21:00+09:00,2
盔林,6363,2025-04-08,17,17:30:00,2025-04-08T17:30:00+09:00,4
盔林,6363,2025-04-08,05,05:16:00,2025-04-08T05:16:00+09:00,1
盔林,6363,2025-04-08,25,01:01:00,2025-04-09T01:01:00+09:00,2
盔林,6363,2025-04-08,25,01:31:00,2025-04-09T01:31:00+09:00,1
盔林,6363,2025-04-08,17,17:23:00,2025-04-08T17:23:00+09:00,3
盔林,6363,2025-04-08,11,11:33:00,2025-04-08T11:33:00+09:00,3
盔林,6363,2025-04-08,20,20:40:00,2025-04-08T20:40:00+09:00,3
盔林,6363,2025-04-08,15,15:34:00,2025-04-08T15:34:00+09:00,2
盔林,6363,2025-04-08,27,03:53:00,2025-04-09T03:53:00+09:00,1
盔林,6363,2025-04-08,20,20:47:00,2025-04-08T20:47:00+09:00,3
盔林,6363,2025-04-08,24,00:51:00,2025-04-09T00:51:00+09:00,3
盔林,6363,2025-04-08,17,17:01:00,2025-04-08T17:01:00+09:00,3
盔林,6363,2025-04-08,12,12:24:00,2025-04-08T12:24:00+09:00,2
盔林,6363,2025-04-08,21,21:24:00,2025-04-08T21:24:00+09:00,3
盔林,6363,2025-04-08,18,18:32:00,2025-04-08T18:32:00+09:00,6
盔林,6363,2025-04-08,09,09:56:00,2025-04-08T09:56:00+09:00,3
盔林,6363,2025-04-08,07,07:25:00,2025-04-08T07:25:00+09:00,1
盔林,6363,2025-04-08,05,05:18:00,2025-04-08T05:18:00+09:00,1
盔林,6363,2025-04-08,27,03:42:00,2025-04-09T03:42:00+09:00,1
盔林,6363,2025-04-08,23,23:26:00,2025-04-08T23:26:00+09:00,2
盔林,6363,2025-04-08,19,19:38:00,2025-04-08T19:38:00+09:00,4
盔林,6363,2025-04-08,16,16:59:00,2025-04-08T16:59:00+09:00,3
盔林,6363,2025-04-08,04,04:24:00,2025-04-08T04:24:00+09:00,1
盔林,6363,2025-04-08,14,14:41:00,2025-04-08T14:41:00+09:00,1
盔林,6363,2025-04-08,18,18:07:00,2025-04-08T18:07:00+09:00,6
盔林,6363,2025-04-08,06,06:30:00,2025-04-08T06:30:00+09:00,7
盔林,6363,2025-04-08,18,18:23:00,2025-04-08T18:23:00+09:00,5
盔林,6363,2025-04-08,07,07:45:00,2025-04-08T07:45:00+09:00,1
盔林,6363,2025-04-08,05,05:09:00,2025-04-08T05:09:00+09:00,1
盔林,6363,2025-04-08,06,06:37:00,2025-04-08T06:37:00+09:00,6
盔林,6363,2025-04-08,25,01:27:00,2025-04-09T01:27:00+09:00,1
盔林,6363,2025-04-08,04,04:13:00,2025-04-08T04:13:00+09:00,1
盔林,6363,2025-04-08,20,20:49:00,2025-04-08T20:49:00+09:00,3
盔林,6363,2025-04-08,19,19:09:00,2025-04-08T19:09:00+09:00,5
盔林,6363,2025-04-08,20,20:43:00,2025-04-08T20:43:00+09:00,3
盔林,6363,2025-04-08,19,19:48:00,2025-04-08T19:48:00+09:00,4
盔林,6363,2025-04-08,12,12:27:00,2025-04-08T12:27:00+09:00,1
盔林,6363,2025-04-08,21,21:34:00,2025-04-08T21:34:00+09:00,2
盔林,6363,2025-04-08,12,12:13:00,2025-04-08T12:13:00+09:00,2
盔林,6363,2025-04-08,16,16:25:00,2025-04-08T16:25:00+09:00,2
盔林,6363,2025-04-08,24,00:45:00,2025-04-09T00:45:00+09:00,3
盔林,6363,2025-04-08,07,07:57:00,2025-04-08T07:57:00+09:00,1
盔林,6363,2025-04-08,04,04:58:00,2025-04-08T04:58:00+09:00,1
盔林,6363,2025-04-08,25,01:30:00,2025-04-09T01:30:00+09:00,1
盔林,6363,2025-04-08,23,23:21:00,2025-04-08T23:21:00+09:00,1
盔林,6363,2025-04-08,19,19:27:00,2025-04-08T19:27:00+09:00,4
盔林,6363,2025-04-08,12,12:01:00,2025-04-08T12:01:00+09:00,1
盔林,6363,2025-04-08,16,16:11:00,2025-04-08T16:11:00+09:00,1
盔林,6363,2025-04-08,10,10:06:00,2025-04-08T10:06:00+09:00,1
盔林,6363,2025-04-08,22,22:36:00,2025-04-08T22:36:00+09:00,4
盔林,6363,2025-04-08,11,11:11:00,2025-04-08T11:11:00+09:00,3
盔林,6363,2025-04-08,05,05:12:00,2025-04-08T05:12:00+09:00,1
盔林,6363,2025-04-08,06,06:27:00,2025-04-08T06:27:00+09:00,7
盔林,6363,2025-04-08,24,00:38:00,2025-04-09T00:38:00+09:00,4
盔林,6363,2025-04-08,12,12:41:00,2025-04-08T12:41:00+09:00,2
盔林,6363,2025-04-08,11,11:03:00,2025-04-08T11:03:00+09:00,1
盔林,6363,2025-04-08,21,21:01:00,2025-04-08T21:01:00+09:00,3
盔林,6363,2025-04-08,13,13:33:00,2025-04-08T13:33:00+09:00,1
盔林,6363,2025-04-08,17,17:26:00,2025-04-08T17:26:00+09:00,3
盔林,6363,2025-04-08,15,15:35:00,2025-04-08T15:35:00+09:00,2
盔林,6363,2025-04-08,13,13:38:00,2025-04-08T13:38:00+09:00,1
盔林,6363,2025-04-08,16,16:53:00,2025-04-08T16:53:00+09:00,2
盔林,6363,2025-04-08,08,08:50:00,2025-04-08T08:50:00+09:00,4
盔林,6363,2025-04-08,05,05:28:00,2025-04-08T05:28:00+09:00,1
盔林,6363,2025-04-08,07,07:52:00,2025-04-08T07:52:00+09:00,2
盔林,6363,2025-04-08,24,00:19:00,2025-04-09T00:19:00+09:00,2
盔林,6363,2025-04-08,13,13:44:00,2025-04-08T13:44:00+09:00,1
盔林,6363,2025-04-08,25,01:25:00,2025-04-09T01:25:00+09:00,1
盔林,6363,2025-04-08,24,00:42:00,2025-04-09T00:42:00+09:00,3
盔林,6363,2025-04-08,16,16:33:00,2025-04-08T16:33:00+09:00,2
盔林,6363,2025-04-08,22,22:18:00,2025-04-08T22:18:00+09:00,2
盔林,6363,2025-04-08,05,05:55:00,2025-04-08T05:55:00+09:00,1
盔林,6363,2025-04-08,09,09:18:00,2025-04-08T09:18:00+09:00,2
盔林,6363,2025-04-08,12,12:12:00,2025-04-08T12:12:00+09:00,2
盔林,6363,2025-04-08,11,11:57:00,2025-04-08T11:57:00+09:00,2
盔林,6363,2025-04-08,15,15:01:00,2025-04-08T15:01:00+09:00,1
盔林,6363,2025-04-08,22,22:39:00,2025-04-08T22:39:00+09:00,3
盔林,6363,2025-04-08,24,00:46:00,2025-04-09T00:46:00+09:00,3
盔林,6363,2025-04-08,16,16:02:00,2025-04-08T16:02:00+09:00,2
盔林,6363,2025-04-08,17,17:12:00,2025-04-08T17:12:00+09:00,4
盔林,6363,2025-04-08,11,11:22:00,2025-04-08T11:22:00+09:00,3
盔林,6363,2025-04-08,09,09:54:00,2025-04-08T09:54:00+09:00,3
盔林,6363,2025-04-08,25,01:02:00,2025-04-09T01:02:00+09:00,2
盔林,6363,2025-04-08,09,09:02:00,2025-04-08T09:02:00+09:00,3
盔林,6363,2025-04-08,07,07:09:00,2025-04-08T07:09:00+09:00,5
盔林,6363,2025-04-08,27,03:08:00,2025-04-09T03:08:00+09:00,1
盔林,6363,2025-04-08,17,17:24:00,2025-04-08T17:24:00+09:00,3
盔林,6363,2025-04-08,11,11:04:00,2025-04-08T11:04:00+09:00,1
盔林,6363,2025-04-08,15,15:33:00,2025-04-08T15:33:00+09:00,2
盔林,6363,2025-04-08,17,17:49:00,2025-04-08T17:49:00+09:00,4
盔林,6363,2025-04-08,19,19:26:00,2025-04-08T19:26:00+09:00,4
盔林,6363,2025-04-08,18,18:37:00,2025-04-08T18:37:00+09:00,6
盔林,6363,2025-04-08,19,19:51:00,2025-04-08T19:51:00+09:00,4
盔林,6363,2025-04-08,13,13:21:00,2025-04-08T13:21:00+09:00,1
盔林,6363,2025-04-08,06,06:48:00,2025-04-08T06:48:00+09:00,1
盔林,6363,2025-04-08,17,17:35:00,2025-04-08T17:35:00+09:00,3
盔林,6363,2025-04-08,27,03:15:00,2025-04-09T03:15:00+09:00,1
盔林,6363,2025-04-08,11,11:40:00,2025-04-08T11:40:00+09:00,3
盔林,6363,2025-04-08,17,17:07:00,2025-04-08T17:07:00+09:00,4
盔林,6363,2025-04-08,05,05:31:00,2025-04-08T05:31:00+09:00,1
盔林,6363,2025-04-08,22,22:52:00,2025-04-08T22:52:00+09:00,2
盔林,6363,2025-04-08,18,18:57:00,2025-04-08T18:57:00+09:00,6
盔林,6363,2025-04-08,14,14:46:00,2025-04-08T14:46:00+09:00,1
盔林,6363,2025-04-08,10,10:23:00,2025-04-08T10:23:00+09:00,1
盔林,6363,2025-04-08,26,02:39:00,2025-04-09T02:39:00+09:00,1
盔林,6363,2025-04-08,14,14:17:00,2025-04-08T14:17:00+09:00,1
盔林,6363,2025-04-08,26,02:04:00,2025-04-09T02:04:00+09:00,1
盔林,6363,2025-04-08,18,18:15:00,2025-04-08T18:15:00+09:00,5
盔林,6363,2025-04-08,23,23:41:00,2025-04-08T23:41:00+09:00,2
盔林,6363,2025-04-08,24,00:01:00,2025-04-09T00:01:00+09:00,1
盔林,6363,2025-04-08,12,12:30:00,2025-04-08T12:30:00+09:00,1
盔林,6363,2025-04-08,06,06:32:00,2025-04-08T06:32:00+09:00,7
盔林,6363,2025-04-08,10,10:16:00,2025-04-08T10:16:00+09:00,1
盔林,6363,2025-04-08,20,20:51:00,2025-04-08T20:51:00+09:00,3
盔林,6363,2025-04-08,12,12:48:00,2025-04-08T12:48:00+09:00,1
盔林,6363,2025-04-08,19,19:14:00,2025-04-08T19:14:00+09:00,4
盔林,6363,2025-04-08,09,09:39:00,2025-04-08T09:39:00+09:00,2
盔林,6363,2025-04-08,14,14:42:00,2025-04-08T14:42:00+09:00,1
盔林,6363,2025-04-08,22,22:31:00,2025-04-08T22:31:00+09:00,3
盔林,6363,2025-04-08,25,01:53:00,2025-04-09T01:53:00+09:00,3
盔林,6363,2025-04-08,26,02:30:00,2025-04-09T02:30:00+09:00,1
盔林,6363,2025-04-08,12,12:36:00,2025-04-08T12:36:00+09:00,1
盔林,6363,2025-04-08,04,04:14:00,2025-04-08T04:14:00+09:00,1
盔林,6363,2025-04-08,15,15:56:00,2025-04-08T15:56:00+09:00,1
盔林,6363,2025-04-08,05,05:58:00,2025-04-08T05:58:00+09:00,1
盔林,6363,2025-04-08,24,00:44:00,2025-04-09T00:44:00+09:00,3
盔林,6363,2025-04-08,15,15:52:00,2025-04-08T15:52:00+09:00,1
盔林,6363,2025-04-08,15,15:46:00,2025-04-08T15:46:00+09:00,1
盔林,6363,2025-04-08,18,18:41:00,2025-04-08T18:41:00+09:00,5
盔林,6363,2025-04-08,22,22:59:00,2025-04-08T22:59:00+09:00,3
盔林,6363,2025-04-08,14,14:05:00,2025-04-08T14:05:00+09:00,1
盔林,6363,2025-04-08,27,03:24:00,2025-04-09T03:24:00+09:00,1
盔林,6363,2025-04-08,08,08:09:00,2025-04-08T08:09:00+09:00,2
盔林,6363,2025-04-08,22,22:50:00,2025-04-08T22:50:00+09:00,2
盔林,6363,2025-04-08,18,18:03:00,2025-04-08T18:03:00+09:00,5
盔林,6363,2025-04-08,21,21:19:00,2025-04-08T21:19:00+09:00,2
盔林,6363,2025-04-08,19,19:11:00,2025-04-08T19:11:00+09:00,5
盔林,6363,2025-04-08,19,19:31:00,2025-04-08T19:31:00+09:00,4
盔林,6363,2025-04-08,08,08:28:00,2025-04-08T08:28:00+09:00,3
盔林,6363,2025-04-08,17,17:06:00,2025-04-08T17:06:00+09:00,3
盔林,6363,2025-04-08,23,23:54:00,2025-04-08T23:54:00+09:00,1
盔林,6363,2025-04-08,07,07:05:00,2025-04-08T07:05:00+09:00,6
盔林,6363,2025-04-08,27,03:17:00,2025-04-09T03:17:00+09:00,1
盔林,6363,2025-04-08,26,02:07:00,2025-04-09T02:07:00+09:00,1
盔林,6363,2025-04-08,06,06:04:00,2025-04-08T06:04:00+09:00,1
盔林,6363,2025-04-08,13,13:31:00,2025-04-08T13:31:00+09:00,1
盔林,6363,2025-04-08,25,01:50:00,2025-04-09T01:50:00+09:00,3
盔林,6363,2025-04-08,12,12:32:00,2025-04-08T12:32:00+09:00,1
盔林,6363,2025-04-08,07,07:35:00,2025-04-08T07:35:00+09:00,1
盔林,6363,2025-04-08,18,18:56:00,2025-04-08T18:56:00+09:00,6
盔林,6363,2025-04-08,18,18:53:00,2025-04-08T18:53:00+09:00,6
盔林,6363,2025-04-08,25,01:04:00,2025-04-09T01:04:00+09:00,3
盔林,6363,2025-04-08,17,17:42:00,2025-04-08T17:42:00+09:00,4
盔林,6363,2025-04-08,16,16:48:00,2025-04-08T16:48:00+09:00,3
盔林,6363,2025-04-08,11,11:21:00,2025-04-08T11:21:00+09:00,3
盔林,6363,2025-04-08,16,16:39:00,2025-04-08T16:39:00+09:00,1
盔林,6363,2025-04-08,23,23:40:00,2025-04-08T23:40:00+09:00,2
盔林,6363,2025-04-08,14,14:53:00,2025-04-08T14:53:00+09:00,1
盔林,6363,2025-04-08,26,02:17:00,2025-04-09T02:17:00+09:00,3
盔林,6363,2025-04-08,26,02:33:00,2025-04-09T02:33:00+09:00,1
盔林,6363,2025-04-08,17,17:55:00,2025-04-08T17:55:00+09:00,4
盔林,6363,2025-04-08,26,02:35:00,2025-04-09T02:35:00+09:00,1
盔林,6363,2025-04-08,26,02:37:00,2025-04-09T02:37:00+09:00,1
盔林,6363,2025-04-08,25,01:47:00,2025-04-09T01:47:00+09:00,2
盔林,6363,2025-04-08,14,14:15:00,2025-04-08T14:15:00+09:00,1
盔林,6363,2025-04-08,16,16:56:00,2025-04-08T16:56:00+09:00,2
盔林,6363,2025-04-08,04,04:16:00,2025-04-08T04:16:00+09:00,1
盔林,6363,2025-04-08,07,07:24:00,2025-04-08T07:24:00+09:00,2
盔林,6363,2025-04-08,14,14:25:00,2025-04-08T14:25:00+09:00,1
盔林,6363,2025-04-08,07,07:12:00,2025-04-08T07:12:00+09:00,4
盔林,6363,2025-04-08,13,13:18:00,2025-04-08T13:18:00+09:00,1
盔林,6363,2025-04-08,08,08:56:00,2025-04-08T08:56:00+09:00,3
盔林,6363,2025-04-08,08,08:37:00,2025-04-08T08:37:00+09:00,2
盔林,6363,2025-04-08,04,04:55:00,2025-04-08T04:55:00+09:00,1
盔林,6363,2025-04-08,15,15:59:00,2025-04-08T15:59:00+09:00,2
盔林,6363,2025-04-08,12,12:03:00,2025-04-08T12:03:00+09:00,2
盔林,6363,2025-04-08,05,05:53:00,2025-04-08T05:53:00+09:00,1
盔林,6363,2025-04-08,24,00:58:00,2025-04-09T00:58:00+09:00,3
盔林,6363,2025-04-08,10,10:58:00,2025-04-08T10:58:00+09:00,1
盔林,6363,2025-04-08,09,09:51:00,2025-04-08T09:51:00+09:00,3
盔林,6363,2025-04-08,05,05:37:00,2025-04-08T05:37:00+09:00,1
盔林,6363,2025-04-08,14,14:57:00,2025-04-08T14:57:00+09:00,1
盔林,6363,2025-04-08,21,21:55:00,2025-04-08T21:55:00+09:00,2
盔林,6363,2025-04-08,15,15:42:00,2025-04-08T15:42:00+09:00,1
盔林,6363,2025-04-08,24,00:53:00,2025-04-09T00:53:00+09:00,3
盔林,6363,2025-04-08,19,19:29:00,2025-04-08T19:29:00+09:00,4
盔林,6363,2025-04-08,27,03:04:00,2025-04-09T03:04:00+09:00,2
盔林,6363,2025-04-08,18,18:52:00,2025-04-08T18:52:00+09:00,6
盔林,6363,2025-04-08,10,10:31:00,2025-04-08T10:31:00+09:00,2
盔林,6363,2025-04-08,08,08:27:00,2025-04-08T08:27:00+09:00,3
盔林,6363,2025-04-08,15,15:44:00,2025-04-08T15:44:00+09:00,1
盔林,6363,2025-04-08,10,10:38:00,2025-04-08T10:38:00+09:00,2
盔林,6363,2025-04-08,07,07:37:00,2025-04-08T07:37:00+09:00,1
盔林,6363,2025-04-08,14,14:45:00,2025-04-08T14:45:00+09:00,1
盔林,6363,2025-04-08,10,10:00:00,2025-04-08T10:00:00+09:00,3
盔林,6363,2025-04-08,08,08:15:00,2025-04-08T08:15:00+09:00,1
盔林,6363,2025-04-08,09,09:55:00,2025-04-08T09:55:00+09:00,3
盔林,6363,2025-04-08,05,05:19:00,2025-04-08T05:19:00+09:00,1
盔林,6363,2025-04-08,20,20:31:00,2025-04-08T20:31:00+09:00,3
盔林,6363,2025-04-08,14,14:08:00,2025-04-08T14:08:00+09:00,1
盔林,6363,2025-04-08,13,13:26:00,2025-04-08T13:26:00+09:00,1
盔林,6363,2025-04-08,18,18:58:00,2025-04-08T18:58:00+09:00,6
盔林,6363,2025-04-08,04,04:33:00,2025-04-08T04:33:00+09:00,1
盔林,6363,2025-04-08,16,16:55:00,2025-04-08T16:55:00+09:00,2
盔林,6363,2025-04-08,22,22:05:00,2025-04-08T22:05:00+09:00,1
盔林,6363,2025-04-08,25,01:37:00,2025-04-09T01:37:00+09:00,2
盔林,6363,2025-04-08,14,14:09:00,2025-04-08T14:09:00+09:00,1
盔林,6363,2025-04-08,20,20:52:00,2025-04-08T20:52:00+09:00,3
盔林,6363,2025-04-08,26,02:32:00,2025-04-09T02:32:00+09:00,1
盔林,6363,2025-04-08,25,01:57:00,2025-04-09T01:57:00+09:00,2
盔林,6363,2025-04-08,18,18:29:00,2025-04-08T18:29:00+09:00,6
盔林,6363,2025-04-08,09,09:19:00,2025-04-08T09:19:00+09:00,1
盔林,6363,2025-04-08,10,10:46:00,2025-04-08T10:46:00+09:00,2
盔林,6363,2025-04-08,20,20:38:00,2025-04-08T20:38:00+09:00,3
盔林,6363,2025-04-08,25,01:40:00,2025-04-09T01:40:00+09:00,1
盔林,6363,2025-04-08,11,11:53:00,2025-04-08T11:53:00+09:00,3
盔林,6363,2025-04-08,22,22:33:00,2025-04-08T22:33:00+09:00,4
盔林,6363,2025-04-08,11,11:29:00,2025-04-08T11:29:00+09:00,3
盔林,6363,2025-04-08,22,22:55:00,2025-04-08T22:55:00+09:00,2
盔林,6363,2025-04-08,19,19:18:00,2025-04-08T19:18:00+09:00,4
盔林,6363,2025-04-08,20,20:59:00,2025-04-08T20:59:00+09:00,3
盔林,6363,2025-04-08,26,02:27:00,2025-04-09T02:27:00+09:00,2
盔林,6363,2025-04-08,26,02:41:00,2025-04-09T02:41:00+09:00,1
盔林,6363,2025-04-08,12,12:39:00,2025-04-08T12:39:00+09:00,1
盔林,6363,2025-04-08,12,12:59:00,2025-04-08T12:59:00+09:00,1
盔林,6363,2025-04-08,08,08:59:00,2025-04-08T08:59:00+09:00,3
盔林,6363,2025-04-08,20,20:01:00,2025-04-08T20:01:00+09:00,3
盔林,6363,2025-04-08,21,21:56:00,2025-04-08T21:56:00+09:00,1
盔林,6363,2025-04-08,27,03:38:00,2025-04-09T03:38:00+09:00,1
盔林,6363,2025-04-08,27,03:39:00,2025-04-09T03:39:00+09:00,1
盔林,6363,2025-04-08,18,18:00:00,2025-04-08T18:00:00+09:00,5
盔林,6363,2025-04-08,19,19:32:00,2025-04-08T19:32:00+09:00,4
盔林,6363,2025-04-08,05,05:11:00,2025-04-08T05:11:00+09:00,1
盔林,6363,2025-04-08,06,06:07:00,2025-04-08T06:07:00+09:00,1
盔林,6363,2025-04-08,26,02:43:00,2025-04-09T02:43:00+09:00,2
盔林,6363,2025-04-08,24,00:52:00,2025-04-09T00:52:00+09:00,3
盔林,6363,2025-04-08,11,11:02:00,2025-04-08T11:02:00+09:00,1
盔林,6363,2025-04-08,12,12:22:00,2025-04-08T12:22:00+09:00,2
盔林,6363,2025-04-08,15,15:49:00,2025-04-08T15:49:00+09:00,2
盔林,6363,2025-04-08,14,14:30:00,2025-04-08T14:30:00+09:00,1
盔林,6363,2025-04-08,19,19:36:00,2025-04-08T19:36:00+09:00,4
盔林,6363,2025-04-08,27,03:41:00,2025-04-09T03:41:00+09:00,1
盔林,6363,2025-04-08,07,07:33:00,2025-04-08T07:33:00+09:00,1
盔林,6363,2025-04-08,13,13:35:00,2025-04-08T13:35:00+09:00,1
盔林,6363,2025-04-08,14,14:40:00,2025-04-08T14:40:00+09:00,1
盔林,6363,2025-04-08,19,19:23:00,2025-04-08T19:23:00+09:00,4
盔林,6363,2025-04-08,12,12:20:00,2025-04-08T12:20:00+09:00,2
盔林,6363,2025-04-08,11,11:13:00,2025-04-08T11:13:00+09:00,3
盔林,6363,2025-04-08,10,10:48:00,2025-04-08T10:48:00+09:00,2
盔林,6363,2025-04-08,10,10:28:00,2025-04-08T10:28:00+09:00,2
盔林,6363,2025-04-08,25,01:06:00,2025-04-09T01:06:00+09:00,2
盔林,6363,2025-04-08,20,20:11:00,2025-04-08T20:11:00+09:00,3
盔林,6363,2025-04-08,25,01:46:00,2025-04-09T01:46:00+09:00,1
盔林,6363,2025-04-08,13,13:13:00,2025-04-08T13:13:00+09:00,1
盔林,6363,2025-04-08,27,03:55:00,2025-04-09T03:55:00+09:00,1
盔林,6363,2025-04-08,06,06:36:00,2025-04-08T06:36:00+09:00,6
盔林,6363,2025-04-08,26,02:14:00,2025-04-09T02:14:00+09:00,2
盔林,6363,2025-04-08,07,07:15:00,2025-04-08T07:15:00+09:00,2
盔林,6363,2025-04-08,23,23:24:00,2025-04-08T23:24:00+09:00,1
盔林,6363,2025-04-08,19,19:03:00,2025-04-08T19:03:00+09:00,6
盔林,6363,2025-04-08,09,09:46:00,2025-04-08T09:46:00+09:00,4
盔林,6363,2025-04-08,09,09:47:00,2025-04-08T09:47:00+09:00,4
盔林,6363,2025-04-08,13,13:17:00,2025-04-08T13:17:00+09:00,1
盔林,6363,2025-04-08,21,21:41:00,2025-04-08T21:41:00+09:00,3
盔林,6363,2025-04-08,21,21:48:00,2025-04-08T21:48:00+09:00,3
盔林,6363,2025-04-08,19,19:21:00,2025-04-08T19:21:00+09:00,4
盔林,6363,2025-04-08,08,08:11:00,2025-04-08T08:11:00+09:00,3
盔林,6363,2025-04-08,13,13:49:00,2025-04-08T13:49:00+09:00,1
盔林,6363,2025-04-08,11,11:54:00,2025-04-08T11:54:00+09:00,3
盔林,6363,2025-04-08,15,15:57:00,2025-04-08T15:57:00+09:00,2
盔林,6363,2025-04-08,08,08:24:00,2025-04-08T08:24:00+09:00,3
盔林,6363,2025-04-08,27,03:48:00,2025-04-09T03:48:00+09:00,1
盔林,6363,2025-04-08,04,04:36:00,2025-04-08T04:36:00+09:00,1
盔林,6363,2025-04-08,22,22:51:00,2025-04-08T22:51:00+09:00,3
盔林,6363,2025-04-08,15,15:43:00,2025-04-08T15:43:00+09:00,2
盔林,6363,2025-04-08,23,23:19:00,2025-04-08T23:19:00+09:00,1
盔林,6363,2025-04-08,19,19:59:00,2025-04-08T19:59:00+09:00,4
盔林,6363,2025-04-08,19,19:05:00,2025-04-08T19:05:00+09:00,6
盔林,6363,2025-04-08,27,03:54:00,2025-04-09T03:54:00+09:00,1
盔林,6363,2025-04-08,06,06:26:00,2025-04-08T06:26:00+09:00,7
盔林,6363,2025-04-08,27,03:16:00,2025-04-09T03:16:00+09:00,1
盔林,6363,2025-04-08,23,23:44:00,2025-04-08T23:44:00+09:00,2
盔林,6363,2025-04-08,20,20:54:00,2025-04-08T20:54:00+09:00,3
盔林,6363,2025-04-08,17,17:08:00,2025-04-08T17:08:00+09:00,4
盔林,6363,2025-04-08,21,21:38:00,2025-04-08T21:38:00+09:00,2
盔林,6363,2025-04-08,14,14:19:00,2025-04-08T14:19:00+09:00,1
盔林,6363,2025-04-08,13,13:30:00,2025-04-08T13:30:00+09:00,1
盔林,6363,2025-04-08,18,18:48:00,2025-04-08T18:48:00+09:00,6
盔林,6363,2025-04-08,12,12:37:00,2025-04-08T12:37:00+09:00,1
盔林,6363,2025-04-08,21,21:58:00,2025-04-08T21:58:00+09:00,2
盔林,6363,2025-04-08,10,10:01:00,2025-04-08T10:01:00+09:00,3
盔林,6363,2025-04-08,18,18:21:00,2025-04-08T18:21:00+09:00,5
盔林,6363,2025-04-08,25,01:11:00,2025-04-09T01:11:00+09:00,2
盔林,6363,2025-04-08,25,01:15:00,2025-04-09T01:15:00+09:00,1
盔林,6363,2025-04-08,09,09:44:00,2025-04-08T09:44:00+09:00,5
盔林,6363,2025-04-08,21,21:15:00,2025-04-08T21:15:00+09:00,3
盔林,6363,2025-04-08,26,02:16:00,2025-04-09T02:16:00+09:00,3
盔林,6363,2025-04-08,21,21:31:00,2025-04-08T21:31:00+09:00,3
盔林,6363,2025-04-08,13,13:41:00,2025-04-08T13:41:00+09:00,1
盔林,6363,2025-04-08,05,05:50:00,2025-04-08T05:50:00+09:00,1
盔林,6363,2025-04-08,07,07:48:00,2025-04-08T07:48:00+09:00,1
盔林,6363,2025-04-08,20,20:10:00,2025-04-08T20:10:00+09:00,3
盔林,6363,2025-04-08,23,23:28:00,2025-04-08T23:28:00+09:00,2
盔林,6363,2025-04-08,24,00:06:00,2025-04-09T00:06:00+09:00,1
盔林,6363,2025-04-08,24,00:36:00,2025-04-09T00:36:00+09:00,4
盔林,6363,2025-04-08,22,22:54:00,2025-04-08T22:54:00+09:00,2
盔林,6363,2025-04-08,18,18:12:00,2025-04-08T18:12:00+09:00,6
盔林,6363,2025-04-08,11,11:25:00,2025-04-08T11:25:00+09:00,3
盔林,6363,2025-04-08,04,04:44:00,2025-04-08T04:44:00+09:00,1
盔林,6363,2025-04-08,04,04:07:00,2025-04-08T04:07:00+09:00,1
盔林,6363,2025-04-08,18,18:45:00,2025-04-08T18:45:00+09:00,6
盔林,6363,2025-04-08,09,09:30:00,2025-04-08T09:30:00+09:00,1
盔林,6363,2025-04-08,25,01:41:00,2025-04-09T01:41:00+09:00,1
盔林,6363,2025-04-08,16,16:28:00,2025-04-08T16:28:00+09:00,2
盔林,6363,2025-04-08,10,10:40:00,2025-04-08T10:40:00+09:00,2
盔林,6363,2025-04-08,24,00:49:00,2025-04-09T00:49:00+09:00,2
盔林,6363,2025-04-08,24,00:17:00,2025-04-09T00:17:00+09:00,2
盔林,6363,2025-04-08,23,23:31:00,2025-04-08T23:31:00+09:00,2
盔林,6363,2025-04-08,16,16:23:00,2025-04-08T16:23:00+09:00,1
盔林,6363,2025-04-08,12,12:52:00,2025-04-08T12:52:00+09:00,1
盔林,6363,2025-04-08,27,03:01:00,2025-04-09T03:01:00+09:00,3
盔林,6363,2025-04-08,27,03:49:00,2025-04-09T03:49:00+09:00,1
盔林,6363,2025-04-08,17,17:16:00,2025-04-08T17:16:00+09:00,3
盔林,6363,2025-04-08,09,09:42:00,2025-04-08T09:42:00+09:00,3
盔林,6363,2025-04-08,05,05:43:00,2025-04-08T05:43:00+09:00,1
盔林,6363,2025-04-08,24,00:20:00,2025-04-09T00:20:00+09:00,2
盔林,6363,2025-04-08,20,20:00:00,2025-04-08T20:00:00+09:00,4
盔林,6363,2025-04-08,17,17:04:00,2025-04-08T17:04:00+09:00,4
盔林,6363,2025-04-08,23,23:56:00,2025-04-08T23:56:00+09:00,2
盔林,6363,2025-04-08,11,11:56:00,2025-04-08T11:56:00+09:00,3
盔林,6363,2025-04-08,18,18:01:00,2025-04-08T18:01:00+09:00,5
盔林,6363,2025-04-08,13,13:05:00,2025-04-08T13:05:00+09:00,1
盔林,6363,2025-04-08,13,13:06:00,2025-04-08T13:06:00+09:00,1
盔林,6363,2025-04-08,26,02:52:00,2025-04-09T02:52:00+09:00,3
盔林,6363,2025-04-08,10,10:30:00,2025-04-08T10:30:00+09:00,3
盔林,6363,2025-04-08,11,11:41:00,2025-04-08T11:41:00+09:00,3
盔林,6363,2025-04-08,24,00:08:00,2025-04-09T00:08:00+09:00,1
盔林,6363,2025-04-08,17,17:17:00,2025-04-08T17:17:00+09:00,4
盔林,6363,2025-04-08,15,15:13:00,2025-04-08T15:13:00+09:00,1
盔林,6363,2025-04-08,21,21:07:00,2025-04-08T21:07:00+09:00,3
盔林,6363,2025-04-08,26,02:53:00,2025-04-09T02:53:00+09:00,2
盔林,6363,2025-04-08,08,08:44:00,2025-04-08T08:44:00+09:00,4
盔林,6363,2025-04-08,13,13:32:00,2025-04-08T13:32:00+09:00,1
盔林,6363,2025-04-08,14,14:03:00,2025-04-08T14:03:00+09:00,1
盔林,6363,2025-04-08,05,05:21:00,2025-04-08T05:21:00+09:00,1
盔林,6363,2025-04-08,24,00:56:00,2025-04-09T00:56:00+09:00,4
盔林,6363,2025-04-08,24,00:57:00,2025-04-09T00:57:00+09:00,3
盔林,6363,2025-04-08,11,11:15:00,2025-04-08T11:15:00+09:00,3
盔林,6363,2025-04-08,08,08:51:00,2025-04-08T08:51:00+09:00,4
盔林,6363,2025-04-08,14,14:51:00,2025-04-08T14:51:00+09:00,1
盔林,6363,2025-04-08,14,14:07:00,2025-04-08T14:07:00+09:00,1
盔林,6363,2025-04-08,22,22:30:00,2025-04-08T22:30:00+09:00,3
盔林,6363,2025-04-08,06,06:19:00,2025-04-08T06:19:00+09:00,7
盔林,6363,2025-04-08,16,16:45:00,2025-04-08T16:45:00+09:00,2
盔林,6363,2025-04-08,16,16:46:00,2025-04-08T16:46:00+09:00,2
盔林,6363,2025-04-08,10,10:11:00,2025-04-08T10:11:00+09:00,1
盔林,6363,2025-04-08,22,22:44:00,2025-04-08T22:44:00+09:00,3
盔林,6363,2025-04-08,09,09:05:00,2025-04-08T09:05:00+09:00,2
盔林,6363,2025-04-08,09,09:31:00,2025-04-08T09:31:00+09:00,1
盔林,6363,2025-04-08,24,00:41:00,2025-04-09T00:41:00+09:00,3
盔林,6363,2025-04-08,22,22:14:00,2025-04-08T22:14:00+09:00,1
盔林,6363,2025-04-08,26,02:00:00,2025-04-09T02:00:00+09:00,2
盔林,6363,2025-04-08,10,10:59:00,2025-04-08T10:59:00+09:00,1
盔林,6363,2025-04-08,21,21:22:00,2025-04-08T21:22:00+09:00,3
盔林,6363,2025-04-08,10,10:32:00,2025-04-08T10:32:00+09:00,3
盔林,6363,2025-04-08,16,16:22:00,2025-04-08T16:22:00+09:00,1
盔林,6363,2025-04-08,22,22:42:00,2025-04-08T22:42:00+09:00,3
盔林,6363,2025-04-08,18,18:34:00,2025-04-08T18:34:00+09:00,6
盔林,6363,2025-04-08,04,04:50:00,2025-04-08T04:50:00+09:00,1
盔林,6363,2025-04-08,11,11:48:00,2025-04-08T11:48:00+09:00,3
盔林,6363,2025-04-08,09,09:50:00,2025-04-08T09:50:00+09:00,3
盔林,6363,2025-04-08,26,02:42:00,2025-04-09T02:42:00+09:00,2
盔林,6363,2025-04-08,14,14:48:00,2025-04-08T14:48:00+09:00,1
盔林,6363,2025-04-08,22,22:48:00,2025-04-08T22:48:00+09:00,2
盔林,6363,2025-04-08,23,23:55:00,2025-04-08T23:55:00+09:00,2
盔林,6363,2025-04-08,19,19:07:00,2025-04-08T19:07:00+09:00,5
盔林,6363,2025-04-08,11,11:10:00,2025-04-08T11:10:00+09:00,3
盔林,6363,2025-04-08,11,11:06:00,2025-04-08T11:06:00+09:00,2
盔林,6363,2025-04-08,10,10:43:00,2025-04-08T10:43:00+09:00,2
盔林,6363,2025-04-08,26,02:51:00,2025-04-09T02:51:00+09:00,2
盔林,6363,2025-04-08,12,12:40:00,2025-04-08T12:40:00+09:00,1
盔林,6363,2025-04-08,13,13:58:00,2025-04-08T13:58:00+09:00,1
盔林,6363,2025-04-08,20,20:53:00,2025-04-08T20:53:00+09:00,3
盔林,6363,2025-04-08,09,09:15:00,2025-04-08T09:15:00+09:00,1
盔林,6363,2025-04-08,06,06:58:00,2025-04-08T06:58:00+09:00,3
盔林,6363,2025-04-08,18,18:20:00,2025-04-08T18:20:00+09:00,5
盔林,6363,2025-04-08,19,19:58:00,2025-04-08T19:58:00+09:00,4
盔林,6363,2025-04-08,14,14:11:00,2025-04-08T14:11:00+09:00,1
盔林,6363,2025-04-08,06,06:29:00,2025-04-08T06:29:00+09:00,7
盔林,6363,2025-04-08,18,18:27:00,2025-04-08T18:27:00+09:00,6
盔林,6363,2025-04-08,04,04:47:00,2025-04-08T04:47:00+09:00,1
盔林,6363,2025-04-08,04,04:32:00,2025-04-08T04:32:00+09:00,1
盔林,6363,2025-04-08,11,11:09:00,2025-04-08T11:09:00+09:00,3
盔林,6363,2025-04-08,26,02:28:00,2025-04-09T02:28:00+09:00,2
盔林,6363,2025-04-08,25,01:35:00,2025-04-09T01:35:00+09:00,1
盔林,6363,2025-04-08,21,21:50:00,2025-04-08T21:50:00+09:00,3
盔林,6363,2025-04-08,25,01:09:00,2025-04-09T01:09:00+09:00,2
盔林,6363,2025-04-08,27,03:25:00,2025-04-09T03:25:00+09:00,1
盔林,6363,2025-04-08,11,11:45:00,2025-04-08T11:45:00+09:00,3
盔林,6363,2025-04-08,22,22:07:00,2025-04-08T22:07:00+09:00,2
盔林,6363,2025-04-08,11,11:00:00,2025-04-08T11:00:00+09:00,1
盔林,6363,2025-04-08,19,19:54:00,2025-04-08T19:54:00+09:00,4
盔林,6363,2025-04-08,16,16:03:00,2025-04-08T16:03:00+09:00,2
盔林,6363,2025-04-08,21,21:45:00,2025-04-08T21:45:00+09:00,3
盔林,6363,2025-04-08,13,13:14:00,2025-04-08T13:14:00+09:00,1
盔林,6363,2025-04-08,11,11:17:00,2025-04-08T11:17:00+09:00,3
盔林,6363,2025-04-08,11,11:18:00,2025-04-08T11:18:00+09:00,3
盔林,6363,2025-04-08,20,20:57:00,2025-04-08T20:57:00+09:00,3
盔林,6363,2025-04-08,22,22:25:00,2025-04-08T22:25:00+09:00,3
盔林,6363,2025-04-08,11,11:35:00,2025-04-08T11:35:00+09:00,3
盔林,6363,2025-04-08,13,13:50:00,2025-04-08T13:50:00+09:00,1
盔林,6363,2025-04-08,19,19:10:00,2025-04-08T19:10:00+09:00,5
盔林,6363,2025-04-08,08,08:54:00,2025-04-08T08:54:00+09:00,2
盔林,6363,2025-04-08,06,06:16:00,2025-04-08T06:16:00+09:00,7
盔林,6363,2025-04-08,06,06:40:00,2025-04-08T06:40:00+09:00,5
盔林,6363,2025-04-08,27,03:22:00,2025-04-09T03:22:00+09:00,1
盔林,6363,2025-04-08,19,19:55:00,2025-04-08T19:55:00+09:00,4
盔林,6363,2025-04-08,15,15:08:00,2025-04-08T15:08:00+09:00,1
盔林,6363,2025-04-08,17,17:22:00,2025-04-08T17:22:00+09:00,3
盔林,6363,2025-04-08,08,08:26:00,2025-04-08T08:26:00+09:00,3
盔林,6363,2025-04-08,04,04:21:00,2025-04-08T04:21:00+09:00,1
盔林,6363,2025-04-08,25,01:22:00,2025-04-09T01:22:00+09:00,1
盔林,6363,2025-04-08,26,02:54:00,2025-04-09T02:54:00+09:00,2
盔林,6363,2025-04-08,08,08:06:00,2025-04-08T08:06:00+09:00,2
盔林,6363,2025-04-08,08,08:46:00,2025-04-08T08:46:00+09:00,4
盔林,6363,2025-04-08,20,20:45:00,2025-04-08T20:45:00+09:00,3
盔林,6363,2025-04-08,23,23:25:00,2025-04-08T23:25:00+09:00,1
盔林,6363,2025-04-08,27,03:12:00,2025-04-09T03:12:00+09:00,1
盔林,6363,2025-04-08,06,06:54:00,2025-04-08T06:54:00+09:00,1
盔林,6363,2025-04-08,24,00:00:00,2025-04-09T00:00:00+09:00,1
盔林,6363,2025-04-08,20,20:04:00,2025-04-08T20:04:00+09:00,3
盔林,6363,2025-04-08,20,20:50:00,2025-04-08T20:50:00+09:00,3
盔林,6363,2025-04-08,27,03:29:00,2025-04-09T03:29:00+09:00,1
盔林,6363,2025-04-08,17,17:11:00,2025-04-08T17:11:00+09:00,4
盔林,6363,2025-04-08,14,14:32:00,2025-04-08T14:32:00+09:00,1
盔林,6363,2025-04-08,18,18:47:00,2025-04-08T18:47:00+09:00,6
盔林,6363,2025-04-08,25,01:33:00,2025-04-09T01:33:00+09:00,1
盔林,6363,2025-04-08,04,04:34:00,2025-04-08T04:34:00+09:00,1
盔林,6363,2025-04-08,27,03:57:00,2025-04-09T03:57:00+09:00,1
盔林,6363,2025-04-08,14,14:29:00,2025-04-08T14:29:00+09:00,1
盔林,6363,2025-04-08,17,17:59:00,2025-04-08T17:59:00+09:00,5
盔林,6363,2025-04-08,18,18:30:00,2025-04-08T18:30:00+09:00,5
盔林,6363,2025-04-08,22,22:46:00,2025-04-08T22:46:00+09:00,3
盔林,6363,2025-04-08,05,05:03:00,2025-04-08T05:03:00+09:00,1
盔林,6363,2025-04-08,04,04:06:00,2025-04-08T04:06:00+09:00,1
盔林,6363,2025-04-08,08,08:41:00,2025-04-08T08:41:00+09:00,2
盔林,6363,2025-04-08,22,22:34:00,2025-04-08T22:34:00+09:00,4
盔林,6363,2025-04-08,09,09:07:00,2025-04-08T09:07:00+09:00,2
盔林,6363,2025-04-08,07,07:58:00,2025-04-08T07:58:00+09:00,2
盔林,6363,2025-04-08,07,07:40:00,2025-04-08T07:40:00+09:00,1
盔林,6363,2025-04-08,22,22:17:00,2025-04-08T22:17:00+09:00,2
盔林,6363,2025-04-08,22,22:57:00,2025-04-08T22:57:00+09:00,2
盔林,6363,2025-04-08,23,23:47:00,2025-04-08T23:47:00+09:00,1
盔林,6363,2025-04-08,23,23:10:00,2025-04-08T23:10:00+09:00,2
盔林,6363,2025-04-08,05,05:56:00,2025-04-08T05:56:00+09:00,1
盔林,6363,2025-04-08,08,08:23:00,2025-04-08T08:23:00+09:00,3
盔林,6363,2025-04-08,21,21:10:00,2025-04-08T21:10:00+09:00,2
盔林,6363,2025-04-08,17,17:53:00,2025-04-08T17:53:00+09:00,4
盔林,6363,2025-04-08,15,15:39:00,2025-04-08T15:39:00+09:00,2
盔林,6363,2025-04-08,27,03:00:00,2025-04-09T03:00:00+09:00,4
盔林,6363,2025-04-08,14,14:04:00,2025-04-08T14:04:00+09:00,1
盔林,6363,2025-04-08,14,14:37:00,2025-04-08T14:37:00+09:00,1
盔林,6363,2025-04-08,25,01:44:00,2025-04-09T01:44:00+09:00,1
盔林,6363,2025-04-08,27,03:23:00,2025-04-09T03:23:00+09:00,1
盔林,6363,2025-04-08,05,05:36:00,2025-04-08T05:36:00+09:00,1
盔林,6363,2025-04-08,14,14:47:00,2025-04-08T14:47:00+09:00,1
盔林,6363,2025-04-08,26,02:59:00,2025-04-09T02:59:00+09:00,4
盔林,6363,2025-04-08,13,13:46:00,2025-04-08T13:46:00+09:00,1
盔林,6363,2025-04-08,20,20:06:00,2025-04-08T20:06:00+09:00,3
盔林,6363,2025-04-08,18,18:50:00,2025-04-08T18:50:00+09:00,6
盔林,6363,2025-04-08,19,19:00:00,2025-04-08T19:00:00+09:00,6
盔林,6363,2025-04-08,10,10:09:00,2025-04-08T10:09:00+09:00,1
盔林,6363,2025-04-08,09,09:04:00,2025-04-08T09:04:00+09:00,2
盔林,6363,2025-04-08,12,12:11:00,2025-04-08T12:11:00+09:00,2
盔林,6363,2025-04-08,23,23:17:00,2025-04-08T23:17:00+09:00,2
盔林,6363,2025-04-08,06,06:59:00,2025-04-08T06:59:00+09:00,3
盔林,6363,2025-04-08,17,17:27:00,2025-04-08T17:27:00+09:00,3
盔林,6363,2025-04-08,14,14:02:00,2025-04-08T14:02:00+09:00,1
盔林,6363,2025-04-08,12,12:04:00,2025-04-08T12:04:00+09:00,2
盔林,6363,2025-04-08,08,08:52:00,2025-04-08T08:52:00+09:00,3
盔林,6363,2025-04-08,23,23:15:00,2025-04-08T23:15:00+09:00,2
盔林,6363,2025-04-08,24,00:24:00,2025-04-09T00:24:00+09:00,2
盔林,6363,2025-04-08,23,23:27:00,2025-04-08T23:27:00+09:00,2
盔林,6363,2025-04-08,20,20:26:00,2025-04-08T20:26:00+09:00,2
盔林,6363,2025-04-08,14,14:20:00,2025-04-08T14:20:00+09:00,1
盔林,6363,2025-04-08,24,00:05:00,2025-04-09T00:05:00+09:00,1
盔林,6363,2025-04-08,24,00:28:00,2025-04-09T00:28:00+09:00,3
盔林,6363,2025-04-08,09,09:34:00,2025-04-08T09:34:00+09:00,1
盔林,6363,2025-04-08,10,10:10:00,2025-04-08T10:10:00+09:00,2
盔林,6363,2025-04-08,10,10:03:00,2025-04-08T10:03:00+09:00,1
盔林,6363,2025-04-08,19,19:46:00,2025-04-08T19:46:00+09:00,4
盔林,6363,2025-04-08,08,08:55:00,2025-04-08T08:55:00+09:00,2
盔林,6363,2025-04-08,10,10:45:00,2025-04-08T10:45:00+09:00,2
盔林,6363,2025-04-08,17,17:52:00,2025-04-08T17:52:00+09:00,4
盔林,6363,2025-04-08,11,11:19:00,2025-04-08T11:19:00+09:00,3
盔林,6363,2025-04-08,27,03:37:00,2025-04-09T03:37:00+09:00,1
盔林,6363,2025-04-08,09,09:08:00,2025-04-08T09:08:00+09:00,1
盔林,6363,2025-04-08,18,18:49:00,2025-04-08T18:49:00+09:00,6
盔林,6363,2025-04-08,09,09:00:00,2025-04-08T09:00:00+09:00,3
盔林,6363,2025-04-08,22,22:12:00,2025-04-08T22:12:00+09:00,2
盔林,6363,2025-04-08,05,05:35:00,2025-04-08T05:35:00+09:00,1
盔林,6363,2025-04-08,24,00:11:00,2025-04-09T00:11:00+09:00,1
盔林,6363,2025-04-08,19,19:15:00,2025-04-08T19:15:00+09:00,4
盔林,6363,2025-04-08,12,12:45:00,2025-04-08T12:45:00+09:00,1
盔林,6363,2025-04-08,27,03:20:00,2025-04-09T03:20:00+09:00,1
盔林,6363,2025-04-08,11,11:05:00,2025-04-08T11:05:00+09:00,2
盔林,6363,2025-04-08,16,16:49:00,2025-04-08T16:49:00+09:00,3
盔林,6363,2025-04-08,17,17:41:00,2025-04-08T17:41:00+09:00,4
盔林,6363,2025-04-08,24,00:09:00,2025-04-09T00:09:00+09:00,1
盔林,6363,2025-04-08,26,02:06:00,2025-04-09T02:06:00+09:00,1
盔林,6363,2025-04-08,20,20:56:00,2025-04-08T20:56:00+09:00,3
盔林,6363,2025-04-08,25,01:52:00,2025-04-09T01:52:00+09:00,3
盔林,6363,2025-04-08,06,06:03:00,2025-04-08T06:03:00+09:00,1
盔林,6363,2025-04-08,08,08:19:00,2025-04-08T08:19:00+09:00,1
盔林,6363,2025-04-08,09,09:16:00,2025-04-08T09:16:00+09:00,1
盔林,6363,2025-04-08,12,12:33:00,2025-04-08T12:33:00+09:00,1
盔林,6363,2025-04-08,15,15:27:00,2025-04-08T15:27:00+09:00,1
盔林,6363,2025-04-08,19,19:08:00,2025-04-08T19:08:00+09:00,5
盔林,6363,2025-04-08,06,06:13:00,2025-04-08T06:13:00+09:00,5
盔林,6363,2025-04-08,21,21:23:00,2025-04-08T21:23:00+09:00,3
盔林,6363,2025-04-08,09,09:49:00,2025-04-08T09:49:00+09:00,3
盔林,6363,2025-04-08,26,02:03:00,2025-04-09T02:03:00+09:00,1
盔林,6363,2025-04-08,04,04:53:00,2025-04-08T04:53:00+09:00,1
盔林,6363,2025-04-08,07,07:38:00,2025-04-08T07:38:00+09:00,1
盔林,6363,2025-04-08,22,22:38:00,2025-04-08T22:38:00+09:00,3
盔林,6363,2025-04-08,16,16:19:00,2025-04-08T16:19:00+09:00,1
盔林,6363,2025-04-08,22,22:16:00,2025-04-08T22:16:00+09:00,2
盔林,6363,2025-04-08,09,09:35:00,2025-04-08T09:35:00+09:00,1
盔林,6363,2025-04-08,07,07:21:00,2025-04-08T07:21:00+09:00,1
盔林,6363,2025-04-08,24,00:18:00,2025-04-09T00:18:00+09:00,3
盔林,6363,2025-04-08,04,04:30:00,2025-04-08T04:30:00+09:00,1
盔林,6363,2025-04-08,12,12:25:00,2025-04-08T12:25:00+09:00,2
盔林,6363,2025-04-08,16,16:37:00,2025-04-08T16:37:00+09:00,1
盔林,6363,2025-04-08,17,17:10:00,2025-04-08T17:10:00+09:00,4
盔林,6363,2025-04-08,16,16:12:00,2025-04-08T16:12:00+09:00,1
盔林,6363,2025-04-08,09,09:23:00,2025-04-08T09:23:00+09:00,1
盔林,6363,2025-04-08,05,05:04:00,2025-04-08T05:04:00+09:00,1
盔林,6363,2025-04-08,07,07:23:00,2025-04-08T07:23:00+09:00,2
盔林,6363,2025-04-08,04,04:57:00,2025-04-08T04:57:00+09:00,1
盔林,6363,2025-04-08,14,14:27:00,2025-04-08T14:27:00+09:00,1
盔林,6363,2025-04-08,17,17:38:00,2025-04-08T17:38:00+09:00,3
盔林,6363,2025-04-08,06,06:10:00,2025-04-08T06:10:00+09:00,1
盔林,6363,2025-04-08,11,11:27:00,2025-04-08T11:27:00+09:00,3
盔林,6363,2025-04-08,04,04:59:00,2025-04-08T04:59:00+09:00,1
盔林,6363,2025-04-08,04,04:51:00,2025-04-08T04:51:00+09:00,1
盔林,6363,2025-04-08,09,09:52:00,2025-04-08T09:52:00+09:00,3
盔林,6363,2025-04-08,16,16:50:00,2025-04-08T16:50:00+09:00,3
盔林,6363,2025-04-08,23,23:57:00,2025-04-08T23:57:00+09:00,1
盔林,6363,2025-04-08,17,17:47:00,2025-04-08T17:47:00+09:00,4
盔林,6363,2025-04-08,21,21:53:00,2025-04-08T21:53:00+09:00,2
盔林,6363,2025-04-08,10,10:08:00,2025-04-08T10:08:00+09:00,1
盔林,6363,2025-04-08,10,10:35:00,2025-04-08T10:35:00+09:00,2
盔林,6363,2025-04-08,16,16:42:00,2025-04-08T16:42:00+09:00,2
盔林,6363,2025-04-08,12,12:23:00,2025-04-08T12:23:00+09:00,2
盔林,6363,2025-04-08,07,07:54:00,2025-04-08T07:54:00+09:00,2
盔林,6363,2025-04-08,27,03:06:00,2025-04-09T03:06:00+09:00,1
盔林,6363,2025-04-08,27,03:07:00,2025-04-09T03:07:00+09:00,1
盔林,6363,2025-04-08,22,22:11:00,2025-04-08T22:11:00+09:00,2
盔林,6363,2025-04-08,12,12:44:00,2025-04-08T12:44:00+09:00,2
盔林,6363,2025-04-08,10,10:26:00,2025-04-08T10:26:00+09:00,2
盔林,6363,2025-04-08,14,14:44:00,2025-04-08T14:44:00+09:00,1
盔林,6363,2025-04-08,08,08:33:00,2025-04-08T08:33:00+09:00,1
盔林,6363,2025-04-08,20,20:46:00,2025-04-08T20:46:00+09:00,3
盔林,6363,2025-04-08,24,00:55:00,2025-04-09T00:55:00+09:00,4
盔林,6363,2025-04-08,23,23:58:00,2025-04-08T23:58:00+09:00,1
盔林,6363,2025-04-08,27,03:10:00,2025-04-09T03:10:00+09:00,1
盔林,6363,2025-04-08,23,23:03:00,2025-04-08T23:03:00+09:00,3
盔林,6363,2025-04-08,05,05:13:00,2025-04-08T05:13:00+09:00,1
盔林,6363,2025-04-08,23,23:16:00,2025-04-08T23:16:00+09:00,2
盔林,6363,2025-04-08,09,09:12:00,2025-04-08T09:12:00+09:00,1
盔林,6363,2025-04-08,11,11:52:00,2025-04-08T11:52:00+09:00,3
盔林,6363,2025-04-08,13,13:40:00,2025-04-08T13:40:00+09:00,1
盔林,6363,2025-04-08,09,09:38:00,2025-04-08T09:38:00+09:00,2
盔林,6363,2025-04-08,24,00:37:00,2025-04-09T00:37:00+09:00,4
盔林,6363,2025-04-08,17,17:43:00,2025-04-08T17:43:00+09:00,4
盔林,6363,2025-04-08,18,18:39:00,2025-04-08T18:39:00+09:00,5
盔林,6363,2025-04-08,10,10:39:00,2025-04-08T10:39:00+09:00,2
盔林,6363,2025-04-08,26,02:21:00,2025-04-09T02:21:00+09:00,3
盔林,6363,2025-04-08,25,01:28:00,2025-04-09T01:28:00+09:00,1
盔林,6363,2025-04-08,04,04:17:00,2025-04-08T04:17:00+09:00,1
盔林,6363,2025-04-08,07,07:16:00,2025-04-08T07:16:00+09:00,2
盔林,6363,2025-04-08,09,09:45:00,2025-04-08T09:45:00+09:00,4
盔林,6363,2025-04-08,21,21:33:00,2025-04-08T21:33:00+09:00,2
盔林,6363,2025-04-08,27,03:14:00,2025-04-09T03:14:00+09:00,1
盔林,6363,2025-04-08,27,03:47:00,2025-04-09T03:47:00+09:00,1
盔林,6363,2025-04-08,20,20:27:00,2025-04-08T20:27:00+09:00,2
盔林,6363,2025-04-08,13,13:28:00,2025-04-08T13:28:00+09:00,1
盔林,6363,2025-04-08,04,04:35:00,2025-04-08T04:35:00+09:00,1
盔林,6363,2025-04-08,22,22:00:00,2025-04-08T22:00:00+09:00,2
盔林,6363,2025-04-08,09,09:41:00,2025-04-08T09:41:00+09:00,3
盔林,6363,2025-04-08,05,05:01:00,2025-04-08T05:01:00+09:00,1
盔林,6363,2025-04-08,12,12:19:00,2025-04-08T12:19:00+09:00,2
盔林,6363,2025-04-08,14,14:59:00,2025-04-08T14:59:00+09:00,1
盔林,6363,2025-04-08,20,20:05:00,2025-04-08T20:05:00+09:00,3
盔林,6363,2025-04-08,16,16:57:00,2025-04-08T16:57:00+09:00,2
盔林,6363,2025-04-08,13,13:20:00,2025-04-08T13:20:00+09:00,1
盔林,6363,2025-04-08,09,09:03:00,2025-04-08T09:03:00+09:00,2
盔林,6363,2025-04-08,15,15:09:00,2025-04-08T15:09:00+09:00,1
盔林,6363,2025-04-08,23,23:50:00,2025-04-08T23:50:00+09:00,1
盔林,6363,2025-04-08,05,05:46:00,2025-04-08T05:46:00+09:00,1
盔林,6363,2025-04-08,06,06:20:00,2025-04-08T06:20:00+09:00,7
盔林,6363,2025-04-08,20,20:02:00,2025-04-08T20:02:00+09:00,3
盔林,6363,2025-04-08,12,12:16:00,2025-04-08T12:16:00+09:00,2
盔林,6363,2025-04-08,21,21:57:00,2025-04-08T21:57:00+09:00,1
盔林,6363,2025-04-08,08,08:17:00,2025-04-08T08:17:00+09:00,1
盔林,6363,2025-04-08,11,11:20:00,2025-04-08T11:20:00+09:00,3
盔林,6363,2025-04-08,10,10:56:00,2025-04-08T10:56:00+09:00,1
盔林,6363,2025-04-08,19,19:53:00,2025-04-08T19:53:00+09:00,4
盔林,6363,2025-04-08,04,04:23:00,2025-04-08T04:23:00+09:00,1
盔林,6363,2025-04-08,21,21:32:00,2025-04-08T21:32:00+09:00,2
盔林,6363,2025-04-08,11,11:47:00,2025-04-08T11:47:00+09:00,3
盔林,6363,2025-04-08,16,16:30:00,2025-04-08T16:30:00+09:00,2
盔林,6363,2025-04-08,19,19:28:00,2025-04-08T19:28:00+09:00,4
盔林,6363,2025-04-08,18,18:33:00,2025-04-08T18:33:00+09:00,6
盔林,6363,2025-04-08,13,13:04:00,2025-04-08T13:04:00+09:00,1
盔林,6363,2025-04-08,26,02:36:00,2025-04-09T02:36:00+09:00,1
盔林,6363,2025-04-08,05,05:52:00,2025-04-08T05:52:00+09:00,1
盔林,6363,2025-04-08,18,18:46:00,2025-04-08T18:46:00+09:00,6
盔林,6363,2025-04-08,09,09:13:00,2025-04-08T09:13:00+09:00,1
盔林,6363,2025-04-08,27,03:56:00,2025-04-09T03:56:00+09:00,1
盔林,6363,2025-04-08,16,16:13:00,2025-04-08T16:13:00+09:00,2
盔林,6363,2025-04-08,18,18:40:00,2025-04-08T18:40:00+09:00,5
盔林,6363,2025-04-08,08,08:40:00,2025-04-08T08:40:00+09:00,2
盔林,6363,2025-04-08,19,19:43:00,2025-04-08T19:43:00+09:00,3
盔林,6363,2025-04-08,19,19:19:00,2025-04-08T19:19:00+09:00,4
盔林,6363,2025-04-08,08,08:36:00,2025-04-08T08:36:00+09:00,2
盔林,6363,2025-04-08,19,19:22:00,2025-04-08T19:22:00+09:00,4
盔林,6363,2025-04-08,12,12:55:00,2025-04-08T12:55:00+09:00,1
盔林,6363,2025-04-08,21,21:14:00,2025-04-08T21:14:00+09:00,2
盔林,6363,2025-04-08,06,06:46:00,2025-04-08T06:46:00+09:00,1
盔林,6363,2025-04-08,17,17:39:00,2025-04-08T17:39:00+09:00,3
盔林,6363,2025-04-08,23,23:30:00,2025-04-08T23:30:00+09:00,3
盔林,6363,2025-04-08,15,15:04:00,2025-04-08T15:04:00+09:00,1
盔林,6363,2025-04-08,17,17:31:00,2025-04-08T17:31:00+09:00,4
盔林,6363,2025-04-08,09,09:53:00,2025-04-08T09:53:00+09:00,2
盔林,6363,2025-04-08,24,00:59:00,2025-04-09T00:59:00+09:00,3
盔林,6363,2025-04-08,22,22:26:00,2025-04-08T22:26:00+09:00,4
盔林,6363,2025-04-08,20,20:58:00,2025-04-08T20:58:00+09:00,3
盔林,6363,2025-04-08,27,03:32:00,2025-04-09T03:32:00+09:00,1
盔林,6363,2025-04-08,24,00:10:00,2025-04-09T00:10:00+09:00,1
盔林,6363,2025-04-08,24,00:12:00,2025-04-09T00:12:00+09:00,1
盔林,6363,2025-04-08,16,16:15:00,2025-04-08T16:15:00+09:00,1
盔林,6363,2025-04-08,12,12:46:00,2025-04-08T12:46:00+09:00,1
盔林,6363,2025-04-08,10,10:54:00,2025-04-08T10:54:00+09:00,1
盔林,6363,2025-04-08,24,00:39:00,2025-04-09T00:39:00+09:00,4
盔林,6363,2025-04-08,15,15:19:00,2025-04-08T15:19:00+09:00,1
盔林,6363,2025-04-08,25,01:10:00,2025-04-09T01:10:00+09:00,2
盔林,6363,2025-04-08,07,07:43:00,2025-04-08T07:43:00+09:00,1
盔林,6363,2025-04-08,05,05:22:00,2025-04-08T05:22:00+09:00,1
盔林,6363,2025-04-08,10,10:55:00,2025-04-08T10:55:00+09:00,1
盔林,6363,2025-04-08,18,18:59:00,2025-04-08T18:59:00+09:00,6
盔林,6363,2025-04-08,23,23:59:00,2025-04-08T23:59:00+09:00,2
盔林,6363,2025-04-08,15,15:25:00,2025-04-08T15:25:00+09:00,1
盔林,6363,2025-04-08,11,11:32:00,2025-04-08T11:32:00+09:00,3
盔林,6363,2025-04-08,23,23:46:00,2025-04-08T23:46:00+09:00,2
盔林,6363,2025-04-08,25,01:23:00,2025-04-09T01:23:00+09:00,1
盔林,6363,2025-04-08,06,06:31:00,2025-04-08T06:31:00+09:00,7
盔林,6363,2025-04-08,14,14:23:00,2025-04-08T14:23:00+09:00,1
盔林,6363,2025-04-08,17,17:32:00,2025-04-08T17:32:00+09:00,4
盔林,6363,2025-04-08,23,23:06:00,2025-04-08T23:06:00+09:00,3
盔林,6363,2025-04-08,12,12:47:00,2025-04-08T12:47:00+09:00,1
盔林,6363,2025-04-08,14,14:16:00,2025-04-08T14:16:00+09:00,1
盔林,6363,2025-04-08,15,15:06:00,2025-04-08T15:06:00+09:00,1
盔林,6363,2025-04-08,11,11:26:00,2025-04-08T11:26:00+09:00,2
盔林,6363,2025-04-08,06,06:35:00,2025-04-08T06:35:00+09:00,6
盔林,6363,2025-04-08,04,04:08:00,2025-04-08T04:08:00+09:00,1
盔林,6363,2025-04-08,07,07:17:00,2025-04-08T07:17:00+09:00,1
盔林,6363,2025-04-08,19,19:02:00,2025-04-08T19:02:00+09:00,6
盔林,6363,2025-04-08,05,05:59:00,2025-04-08T05:59:00+09:00,1
盔林,6363,2025-04-08,21,21:05:00,2025-04-08T21:05:00+09:00,3
盔林,6363,2025-04-08,09,09:27:00,2025-04-08T09:27:00+09:00,1
盔林,6363,2025-04-08,12,12:29:00,2025-04-08T12:29:00+09:00,2
盔林,6363,2025-04-08,04,04:00:00,2025-04-08T04:00:00+09:00,1
盔林,6363,2025-04-08,25,01:00:00,2025-04-09T01:00:00+09:00,2
盔林,6363,2025-04-08,22,22:01:00,2025-04-08T22:01:00+09:00,1
盔林,6363,2025-04-08,27,03:09:00,2025-04-09T03:09:00+09:00,1
盔林,6363,2025-04-08,09,09:40:00,2025-04-08T09:40:00+09:00,2
盔林,6363,2025-04-08,14,14:39:00,2025-04-08T14:39:00+09:00,1
盔林,6363,2025-04-08,22,22:49:00,2025-04-08T22:49:00+09:00,2
盔林,6363,2025-04-08,20,20:29:00,2025-04-08T20:29:00+09:00,2
盔林,6363,2025-04-08,10,10:21:00,2025-04-08T10:21:00+09:00,2
盔林,6363,2025-04-08,21,21:52:00,2025-04-08T21:52:00+09:00,3
盔林,6363,2025-04-08,14,14:35:00,2025-04-08T14:35:00+09:00,1
盔林,6363,2025-04-08,13,13:42:00,2025-04-08T13:42:00+09:00,1
盔林,6363,2025-04-08,23,23:18:00,2025-04-08T23:18:00+09:00,2
盔林,6363,2025-04-08,08,08:25:00,2025-04-08T08:25:00+09:00,3
盔林,6363,2025-04-08,21,21:29:00,2025-04-08T21:29:00+09:00,3
盔林,6363,2025-04-08,21,21:00:00,2025-04-08T21:00:00+09:00,3
盔林,6363,2025-04-08,07,07:00:00,2025-04-08T07:00:00+09:00,4
盔林,6363,2025-04-08,15,15:36:00,2025-04-08T15:36:00+09:00,2
盔林,6363,2025-04-08,21,21:44:00,2025-04-08T21:44:00+09:00,3
盔林,6363,2025-04-08,13,13:39:00,2025-04-08T13:39:00+09:00,1
盔林,6363,2025-04-08,10,10:14:00,2025-04-08T10:14:00+09:00,1
盔林,6363,2025-04-08,06,06:53:00,2025-04-08T06:53:00+09:00,2
盔林,6363,2025-04-08,20,20:30:00,2025-04-08T20:30:00+09:00,2
盔林,6363,2025-04-08,16,16:29:00,2025-04-08T16:29:00+09:00,2
盔林,6363,2025-04-08,16,16:20:00,2025-04-08T16:20:00+09:00,1
盔林,6363,2025-04-08,14,14:52:00,2025-04-08T14:52:00+09:00,1
盔林,6363,2025-04-08,13,13:25:00,2025-04-08T13:25:00+09:00,1
盔林,6363,2025-04-08,16,16:06:00,2025-04-08T16:06:00+09:00,2
盔林,6363,2025-04-08,22,22:03:00,2025-04-08T22:03:00+09:00,1
盔林,6363,2025-04-08,26,02:20:00,2025-04-09T02:20:00+09:00,2
盔林,6363,2025-04-08,04,04:15:00,2025-04-08T04:15:00+09:00,1
盔林,6363,2025-04-08,14,14:26:00,2025-04-08T14:26:00+09:00,1
盔林,6363,2025-04-08,09,09:32:00,2025-04-08T09:32:00+09:00,1
盔林,6363,2025-04-08,07,07:18:00,2025-04-08T07:18:00+09:00,1
盔林,6363,2025-04-08,07,07:11:00,2025-04-08T07:11:00+09:00,4
盔林,6363,2025-04-08,10,10:04:00,2025-04-08T10:04:00+09:00,1
盔林,6363,2025-04-08,27,03:33:00,2025-04-09T03:33:00+09:00,1
盔林,6363,2025-04-08,06,06:45:00,2025-04-08T06:45:00+09:00,1
盔林,6363,2025-04-08,13,13:24:00,2025-04-08T13:24:00+09:00,1
盔林,6363,2025-04-08,15,15:00:00,2025-04-08T15:00:00+09:00,1
盔林,6363,2025-04-08,17,17:51:00,2025-04-08T17:51:00+09:00,5
盔林,6363,2025-04-08,20,20:21:00,2025-04-08T20:21:00+09:00,2
盔林,6363,2025-04-08,27,03:44:00,2025-04-09T03:44:00+09:00,1
盔林,6363,2025-04-08,05,05:17:00,2025-04-08T05:17:00+09:00,1
盔林,6363,2025-04-08,05,05:54:00,2025-04-08T05:54:00+09:00,1
盔林,6363,2025-04-08,21,21:21:00,2025-04-08T21:21:00+09:00,3
盔林,6363,2025-04-08,20,20:22:00,2025-04-08T20:22:00+09:00,2
盔林,6363,2025-04-08,24,00:03:00,2025-04-09T00:03:00+09:00,1
盔林,6363,2025-04-08,20,20:32:00,2025-04-08T20:32:00+09:00,3
盔林,6363,2025-04-08,10,10:07:00,2025-04-08T10:07:00+09:00,1
盔林,6363,2025-04-08,11,11:44:00,2025-04-08T11:44:00+09:00,3
盔林,6363,2025-04-08,13,13:51:00,2025-04-08T13:51:00+09:00,1
盔林,6363,2025-04-08,27,03:03:00,2025-04-09T03:03:00+09:00,3
盔林,6363,2025-04-08,08,08:29:00,2025-04-08T08:29:00+09:00,2
盔林,6363,2025-04-08,10,10:36:00,2025-04-08T10:36:00+09:00,2
盔林,6363,2025-04-08,19,19:56:00,2025-04-08T19:56:00+09:00,4
盔林,6363,2025-04-08,21,21:08:00,2025-04-08T21:08:00+09:00,2
盔林,6363,2025-04-08,22,22:41:00,2025-04-08T22:41:00+09:00,3
盔林,6363,2025-04-08,14,14:24:00,2025-04-08T14:24:00+09:00,1
盔林,6363,2025-04-08,23,23:13:00,2025-04-08T23:13:00+09:00,2
盔林,6363,2025-04-08,15,15:22:00,2025-04-08T15:22:00+09:00,1
盔林,6363,2025-04-08,25,01:16:00,2025-04-09T01:16:00+09:00,2
盔林,6363,2025-04-08,27,03:51:00,2025-04-09T03:51:00+09:00,1
盔林,6363,2025-04-08,18,18:28:00,2025-04-08T18:28:00+09:00,6
盔林,6363,2025-04-08,05,05:14:00,2025-04-08T05:14:00+09:00,1
盔林,6363,2025-04-08,11,11:50:00,2025-04-08T11:50:00+09:00,3
盔林,6363,2025-04-08,12,12:21:00,2025-04-08T12:21:00+09:00,2
盔林,6363,2025-04-08,20,20:34:00,2025-04-08T20:34:00+09:00,3
盔林,6363,2025-04-08,08,08:04:00,2025-04-08T08:04:00+09:00,3
盔林,6363,2025-04-08,16,16:38:00,2025-04-08T16:38:00+09:00,1
盔林,6363,2025-04-08,06,06:08:00,2025-04-08T06:08:00+09:00,1
盔林,6363,2025-04-08,14,14:43:00,2025-04-08T14:43:00+09:00,1
盔林,6363,2025-04-08,20,20:08:00,2025-04-08T20:08:00+09:00,3
盔林,6363,2025-04-08,15,15:05:00,2025-04-08T15:05:00+09:00,1
盔林,6363,2025-04-08,15,15:18:00,2025-04-08T15:18:00+09:00,1
盔林,6363,2025-04-08,15,15:48:00,2025-04-08T15:48:00+09:00,1
盔林,6363,2025-04-08,26,02:31:00,2025-04-09T02:31:00+09:00,1
盔林,6363,2025-04-08,04,04:05:00,2025-04-08T04:05:00+09:00,1
盔林,6363,2025-04-08,12,12:35:00,2025-04-08T12:35:00+09:00,1
盔林,6363,2025-04-08,18,18:09:00,2025-04-08T18:09:00+09:00,6
盔林,6363,2025-04-08,17,17:46:00,2025-04-08T17:46:00+09:00,4
盔林,6363,2025-04-08,19,19:35:00,2025-04-08T19:35:00+09:00,4
盔林,6363,2025-04-08,12,12:28:00,2025-04-08T12:28:00+09:00,1
盔林,6363,2025-04-08,15,15:10:00,2025-04-08T15:10:00+09:00,1
盔林,6363,2025-04-08,24,00:15:00,2025-04-09T00:15:00+09:00,2
盔林,6363,2025-04-08,22,22:08:00,2025-04-08T22:08:00+09:00,1
盔林,6363,2025-04-08,21,21:06:00,2025-04-08T21:06:00+09:00,3
盔林,6363,2025-04-08,27,03:02:00,2025-04-09T03:02:00+09:00,4
盔林,6363,2025-04-08,17,17:15:00,2025-04-08T17:15:00+09:00,3
盔林,6363,2025-04-08,04,04:41:00,2025-04-08T04:41:00+09:00,1
盔林,6363,2025-04-08,19,19:30:00,2025-04-08T19:30:00+09:00,4
盔林,6363,2025-04-08,15,15:41:00,2025-04-08T15:41:00+09:00,1
盔林,6363,2025-04-08,26,02:19:00,2025-04-09T02:19:00+09:00,3
盔林,6363,2025-04-08,15,15:32:00,2025-04-08T15:32:00+09:00,2
盔林,6363,2025-04-08,20,20:41:00,2025-04-08T20:41:00+09:00,2
盔林,6363,2025-04-08,11,11:55:00,2025-04-08T11:55:00+09:00,3
盔林,6363,2025-04-08,19,19:06:00,2025-04-08T19:06:00+09:00,5
盔林,6363,2025-04-08,06,06:41:00,2025-04-08T06:41:00+09:00,4
盔林,6363,2025-04-08,14,14:36:00,2025-04-08T14:36:00+09:00,1
盔林,6363,2025-04-08,15,15:02:00,2025-04-08T15:02:00+09:00,1
盔林,6363,2025-04-08,14,14:00:00,2025-04-08T14:00:00+09:00,1
盔林,6363,2025-04-08,23,23:53:00,2025-04-08T23:53:00+09:00,1
盔林,6363,2025-04-08,19,19:13:00,2025-04-08T19:13:00+09:00,4
盔林,6363,2025-04-08,17,17:00:00,2025-04-08T17:00:00+09:00,3
盔林,6363,2025-04-08,21,21:28:00,2025-04-08T21:28:00+09:00,3
盔林,6363,2025-04-08,14,14:56:00,2025-04-08T14:56:00+09:00,1
盔林,6363,2025-04-08,25,01:39:00,2025-04-09T01:39:00+09:00,1
盔林,6363,2025-04-08,13,13:09:00,2025-04-08T13:09:00+09:00,2
盔林,6363,2025-04-08,08,08:05:00,2025-04-08T08:05:00+09:00,3
盔林,6363,2025-04-08,10,10:27:00,2025-04-08T10:27:00+09:00,2
盔林,6363,2025-04-08,09,09:48:00,2025-04-08T09:48:00+09:00,4
盔林,6363,2025-04-08,27,03:52:00,2025-04-09T03:52:00+09:00,1
盔林,6363,2025-04-08,07,07:34:00,2025-04-08T07:34:00+09:00,1
盔林,6363,2025-04-08,12,12:08:00,2025-04-08T12:08:00+09:00,2
盔林,6363,2025-04-08,15,15:26:00,2025-04-08T15:26:00+09:00,1
盔林,6363,2025-04-08,18,18:16:00,2025-04-08T18:16:00+09:00,5
盔林,6363,2025-04-08,14,14:50:00,2025-04-08T14:50:00+09:00,1
盔林,6363,2025-04-08,25,01:24:00,2025-04-09T01:24:00+09:00,1
盔林,6363,2025-04-08,05,05:34:00,2025-04-08T05:34:00+09:00,1
盔林,6363,2025-04-08,16,16:44:00,2025-04-08T16:44:00+09:00,2
盔林,6363,2025-04-08,25,01:07:00,2025-04-09T01:07:00+09:00,2
盔林,6363,2025-04-08,16,16:08:00,2025-04-08T16:08:00+09:00,2
盔林,6363,2025-04-08,24,00:07:00,2025-04-09T00:07:00+09:00,1
盔林,6363,2025-04-08,23,23:35:00,2025-04-08T23:35:00+09:00,3
盔林,6363,2025-04-08,17,17:44:00,2025-04-08T17:44:00+09:00,4
盔林,6363,2025-04-08,09,09:14:00,2025-04-08T09:14:00+09:00,1
盔林,6363,2025-04-08,26,02:29:00,2025-04-09T02:29:00+09:00,1
盔林,6363,2025-04-08,07,07:46:00,2025-04-08T07:46:00+09:00,1
盔林,6363,2025-04-08,07,07:04:00,2025-04-08T07:04:00+09:00,5
盔林,6363,2025-04-08,18,18:06:00,2025-04-08T18:06:00+09:00,6
盔林,6363,2025-04-08,23,23:00:00,2025-04-08T23:00:00+09:00,3
盔林,6363,2025-04-08,04,04:09:00,2025-04-08T04:09:00+09:00,1
盔林,6363,2025-04-08,05,05:06:00,2025-04-08T05:06:00+09:00,1
盔林,6363,2025-04-08,25,01:56:00,2025-04-09T01:56:00+09:00,2
盔林,6363,2025-04-08,20,20:48:00,2025-04-08T20:48:00+09:00,3
盔林,6363,2025-04-08,15,15:50:00,2025-04-08T15:50:00+09:00,1
盔林,6363,2025-04-08,23,23:34:00,2025-04-08T23:34:00+09:00,3
盔林,6363,2025-04-08,07,07:41:00,2025-04-08T07:41:00+09:00,1
盔林,6363,2025-04-08,15,15:55:00,2025-04-08T15:55:00+09:00,1
盔林,6363,2025-04-08,09,09:25:00,2025-04-08T09:25:00+09:00,1
盔林,6363,2025-04-08,16,16:27:00,2025-04-08T16:27:00+09:00,2
盔林,6363,2025-04-08,22,22:32:00,2025-04-08T22:32:00+09:00,4
盔林,6363,2025-04-08,19,19:16:00,2025-04-08T19:16:00+09:00,4
盔林,6363,2025-04-08,21,21:46:00,2025-04-08T21:46:00+09:00,3
盔林,6363,2025-04-08,05,05:15:00,2025-04-08T05:15:00+09:00,1
盔林,6363,2025-04-08,25,01:32:00,2025-04-09T01:32:00+09:00,1
盔林,6363,2025-04-08,14,14:06:00,2025-04-08T14:06:00+09:00,1
盔林,6363,2025-04-08,10,10:57:00,2025-04-08T10:57:00+09:00,1
盔林,6363,2025-04-08,15,15:40:00,2025-04-08T15:40:00+09:00,1
盔林,6363,2025-04-08,27,03:18:00,2025-04-09T03:18:00+09:00,1
盔林,6363,2025-04-08,11,11:34:00,2025-04-08T11:34:00+09:00,3
盔林,6363,2025-04-08,17,17:14:00,2025-04-08T17:14:00+09:00,3
盔林,6363,2025-04-08,21,21:18:00,2025-04-08T21:18:00+09:00,3
盔林,6363,2025-04-08,06,06:17:00,2025-04-08T06:17:00+09:00,7
盔林,6363,2025-04-08,17,17:05:00,2025-04-08T17:05:00+09:00,3
盔林,6363,2025-04-08,06,06:22:00,2025-04-08T06:22:00+09:00,7
盔林,6363,2025-04-08,18,18:38:00,2025-04-08T18:38:00+09:00,5
盔林,6363,2025-04-08,05,05:27:00,2025-04-08T05:27:00+09:00,1
盔林,6363,2025-04-08,26,02:55:00,2025-04-09T02:55:00+09:00,2
盔林,6363,2025-04-08,21,21:37:00,2025-04-08T21:37:00+09:00,2
盔林,6363,2025-04-08,14,14:55:00,2025-04-08T14:55:00+09:00,1
盔林,6363,2025-04-08,25,01:21:00,2025-04-09T01:21:00+09:00,1
盔林,6363,2025-04-08,23,23:04:00,2025-04-08T23:04:00+09:00,3
盔林,6363,2025-04-08,14,14:18:00,2025-04-08T14:18:00+09:00,1
盔林,6363,2025-04-08,09,09:28:00,2025-04-08T09:28:00+09:00,1
盔林,6363,2025-04-08,06,06:28:00,2025-04-08T06:28:00+09:00,7
盔林,6363,2025-04-08,05,05:49:00,2025-04-08T05:49:00+09:00,1
盔林,6363,2025-04-08,16,16:00:00,2025-04-08T16:00:00+09:00,2
盔林,6363,2025-04-08,12,12:42:00,2025-04-08T12:42:00+09:00,1
盔林,6363,2025-04-08,20,20:24:00,2025-04-08T20:24:00+09:00,3
盔林,6363,2025-04-08,13,13:19:00,2025-04-08T13:19:00+09:00,1
盔林,6363,2025-04-08,16,16:07:00,2025-04-08T16:07:00+09:00,2
盔林,6363,2025-04-08,19,19:49:00,2025-04-08T19:49:00+09:00,4
盔林,6363,2025-04-08,25,01:45:00,2025-04-09T01:45:00+09:00,1
盔林,6363,2025-04-08,11,11:38:00,2025-04-08T11:38:00+09:00,3
盔林,6363,2025-04-08,11,11:39:00,2025-04-08T11:39:00+09:00,2
盔林,6363,2025-04-08,25,01:54:00,2025-04-09T01:54:00+09:00,3
盔林,6363,2025-04-08,17,17:03:00,2025-04-08T17:03:00+09:00,3
盔林,6363,2025-04-08,25,01:55:00,2025-04-09T01:55:00+09:00,2
盔林,6363,2025-04-08,21,21:40:00,2025-04-08T21:40:00+09:00,3
盔林,6363,2025-04-08,08,08:35:00,2025-04-08T08:35:00+09:00,1
盔林,6363,2025-04-08,04,04:18:00,2025-04-08T04:18:00+09:00,1
盔林,6363,2025-04-08,27,03:13:00,2025-04-09T03:13:00+09:00,1
盔林,6363,2025-04-08,16,16:04:00,2025-04-08T16:04:00+09:00,2
盔林,6363,2025-04-08,19,19:57:00,2025-04-08T19:57:00+09:00,4
盔林,6363,2025-04-08,06,06:33:00,2025-04-08T06:33:00+09:00,6
盔林,6363,2025-04-08,04,04:01:00,2025-04-08T04:01:00+09:00,1
盔林,6363,2025-04-08,05,05:00:00,2025-04-08T05:00:00+09:00,1
盔林,6363,2025-04-08,24,00:04:00,2025-04-09T00:04:00+09:00,1
盔林,6363,2025-04-08,15,15:38:00,2025-04-08T15:38:00+09:00,2
盔林,6363,2025-04-08,17,17:21:00,2025-04-08T17:21:00+09:00,3
盔林,6363,2025-04-08,10,10:50:00,2025-04-08T10:50:00+09:00,2
盔林,6363,2025-04-08,19,19:01:00,2025-04-08T19:01:00+09:00,6
盔林,6363,2025-04-08,11,11:43:00,2025-04-08T11:43:00+09:00,3
盔林,6363,2025-04-08,19,19:50:00,2025-04-08T19:50:00+09:00,4
盔林,6363,2025-04-08,08,08:53:00,2025-04-08T08:53:00+09:00,3
盔林,6363,2025-04-08,10,10:22:00,2025-04-08T10:22:00+09:00,1
盔林,6363,2025-04-08,21,21:43:00,2025-04-08T21:43:00+09:00,3
盔林,6363,2025-04-08,06,06:25:00,2025-04-08T06:25:00+09:00,7
盔林,6363,2025-04-08,26,02:50:00,2025-04-09T02:50:00+09:00,3
盔林,6363,2025-04-08,21,21:09:00,2025-04-08T21:09:00+09:00,2
盔林,6363,2025-04-08,04,04:20:00,2025-04-08T04:20:00+09:00,1
盔林,6363,2025-04-08,15,15:12:00,2025-04-08T15:12:00+09:00,1
盔林,6363,2025-04-08,09,09:20:00,2025-04-08T09:20:00+09:00,1
盔林,6363,2025-04-08,08,08:47:00,2025-04-08T08:47:00+09:00,3
盔林,6363,2025-04-08,14,14:10:00,2025-04-08T14:10:00+09:00,1
盔林,6363,2025-04-08,22,22:37:00,2025-04-08T22:37:00+09:00,4
盔林,6363,2025-04-08,17,17:58:00,2025-04-08T17:58:00+09:00,5
盔林,6363,2025-04-08,23,23:02:00,2025-04-08T23:02:00+09:00,3
盔林,6363,2025-04-08,26,02:49:00,2025-04-09T02:49:00+09:00,2
盔林,6363,2025-04-08,04,04:31:00,2025-04-08T04:31:00+09:00,1
盔林,6363,2025-04-08,05,05:51:00,2025-04-08T05:51:00+09:00,1
盔林,6363,2025-04-08,16,16:05:00,2025-04-08T16:05:00+09:00,2
盔林,6363,2025-04-08,14,14:21:00,2025-04-08T14:21:00+09:00,1
盔林,6363,2025-04-08,10,10:53:00,2025-04-08T10:53:00+09:00,1
盔林,6363,2025-04-08,04,04:39:00,2025-04-08T04:39:00+09:00,1
盔林,6363,2025-04-08,07,07:03:00,2025-04-08T07:03:00+09:00,5
盔林,6363,2025-04-08,26,02:22:00,2025-04-09T02:22:00+09:00,3
盔林,6363,2025-04-08,25,01:26:00,2025-04-09T01:26:00+09:00,1
盔林,6363,2025-04-08,08,08:42:00,2025-04-08T08:42:00+09:00,3
盔林,6363,2025-04-08,27,03:26:00,2025-04-09T03:26:00+09:00,1
盔林,6363,2025-04-08,11,11:07:00,2025-04-08T11:07:00+09:00,3
盔林,6363,2025-04-08,20,20:44:00,2025-04-08T20:44:00+09:00,3
盔林,6363,2025-04-08,18,18:55:00,2025-04-08T18:55:00+09:00,6
盔林,6363,2025-04-08,05,05:57:00,2025-04-08T05:57:00+09:00,1
盔林,6363,2025-04-08,14,14:28:00,2025-04-08T14:28:00+09:00,1
盔林,6363,2025-04-08,22,22:23:00,2025-04-08T22:23:00+09:00,4
盔林,6363,2025-04-08,15,15:58:00,2025-04-08T15:58:00+09:00,2
盔林,6363,2025-04-08,24,00:13:00,2025-04-09T00:13:00+09:00,2
盔林,6363,2025-04-08,23,23:33:00,2025-04-08T23:33:00+09:00,3
盔林,6363,2025-04-08,26,02:18:00,2025-04-09T02:18:00+09:00,3
盔林,6363,2025-04-08,25,01:43:00,2025-04-09T01:43:00+09:00,1
盔林,6363,2025-04-08,26,02:40:00,2025-04-09T02:40:00+09:00,1
盔林,6363,2025-04-08,15,15:20:00,2025-04-08T15:20:00+09:00,1
盔林,6363,2025-04-08,21,21:02:00,2025-04-08T21:02:00+09:00,3
盔林,6363,2025-04-08,19,19:44:00,2025-04-08T19:44:00+09:00,4
盔林,6363,2025-04-08,05,05:47:00,2025-04-08T05:47:00+09:00,1
盔林,6363,2025-04-08,14,14:01:00,2025-04-08T14:01:00+09:00,1
盔林,6363,2025-04-08,16,16:35:00,2025-04-08T16:35:00+09:00,2
盔林,6363,2025-04-08,26,02:57:00,2025-04-09T02:57:00+09:00,3
盔林,6363,2025-04-08,10,10:17:00,2025-04-08T10:17:00+09:00,2
盔林,6363,2025-04-08,21,21:39:00,2025-04-08T21:39:00+09:00,3
盔林,6363,2025-04-08,27,03:05:00,2025-04-09T03:05:00+09:00,1
盔林,6363,2025-04-08,10,10:37:00,2025-04-08T10:37:00+09:00,2
盔林,6363,2025-04-08,05,05:32:00,2025-04-08T05:32:00+09:00,1
盔林,6363,2025-04-08,09,09:21:00,2025-04-08T09:21:00+09:00,1
盔林,6363,2025-04-08,10,10:02:00,2025-04-08T10:02:00+09:00,2
盔林,6363,2025-04-08,10,10:24:00,2025-04-08T10:24:00+09:00,1
盔林,6363,2025-04-08,20,20:12:00,2025-04-08T20:12:00+09:00,3
盔林,6363,2025-04-08,05,05:20:00,2025-04-08T05:20:00+09:00,1
盔林,6363,2025-04-08,27,03:40:00,2025-04-09T03:40:00+09:00,1
盔林,6363,2025-04-08,11,11:42:00,2025-04-08T11:42:00+09:00,3
盔林,6363,2025-04-08,04,04:54:00,2025-04-08T04:54:00+09:00,1
盔林,6363,2025-04-08,21,21:16:00,2025-04-08T21:16:00+09:00,3
盔林,6363,2025-04-08,11,11:51:00,2025-04-08T11:51:00+09:00,3
盔林,6363,2025-04-08,12,12:05:00,2025-04-08T12:05:00+09:00,2
盔林,6363,2025-04-08,24,00:23:00,2025-04-09T00:23:00+09:00,2
盔林,6363,2025-04-08,12,12:43:00,2025-04-08T12:43:00+09:00,2
盔林,6363,2025-04-08,13,13:01:00,2025-04-08T13:01:00+09:00,1
盔林,6363,2025-04-08,08,08:00:00,2025-04-08T08:00:00+09:00,3
盔林,6363,2025-04-08,21,21:30:00,2025-04-08T21:30:00+09:00,3
盔林,6363,2025-04-08,04,04:46:00,2025-04-08T04:46:00+09:00,1
盔林,6363,2025-04-08,12,12:49:00,2025-04-08T12:49:00+09:00,1
盔林,6363,2025-04-08,10,10:52:00,2025-04-08T10:52:00+09:00,1
盔林,6363,2025-04-08,21,21:49:00,2025-04-08T21:49:00+09:00,3
盔林,6363,2025-04-08,06,06:18:00,2025-04-08T06:18:00+09:00,7
盔林,6363,2025-04-08,18,18:05:00,2025-04-08T18:05:00+09:00,6
盔林,6363,2025-04-08,18,18:31:00,2025-04-08T18:31:00+09:00,5
盔林,6363,2025-04-08,26,02:13:00,2025-04-09T02:13:00+09:00,1
盔林,6363,2025-04-08,09,09:33:00,2025-04-08T09:33:00+09:00,1
盔林,6363,2025-04-08,14,14:54:00,2025-04-08T14:54:00+09:00,1
盔林,6363,2025-04-08,17,17:37:00,2025-04-08T17:37:00+09:00,3
盔林,6363,2025-04-08,24,00:40:00,2025-04-09T00:40:00+09:00,4
盔林,6363,2025-04-08,08,08:57:00,2025-04-08T08:57:00+09:00,3
盔林,6363,2025-04-08,13,13:48:00,2025-04-08T13:48:00+09:00,1
盔林,6363,2025-04-08,18,18:54:00,2025-04-08T18:54:00+09:00,6
盔林,6363,2025-04-08,06,06:56:00,2025-04-08T06:56:00+09:00,2
盔林,6363,2025-04-08,15,15:11:00,2025-04-08T15:11:00+09:00,1
盔林,6363,2025-04-08,09,09:01:00,2025-04-08T09:01:00+09:00,3
盔林,6363,2025-04-08,13,13:54:00,2025-04-08T13:54:00+09:00,1
盔林,6363,2025-04-08,11,11:49:00,2025-04-08T11:49:00+09:00,3
盔林,6363,2025-04-08,23,23:32:00,2025-04-08T23:32:00+09:00,3
盔林,6363,2025-04-08,27,03:19:00,2025-04-09T03:19:00+09:00,1
盔林,6363,2025-04-08,12,12:51:00,2025-04-08T12:51:00+09:00,1
盔林,6363,2025-04-08,08,08:58:00,2025-04-08T08:58:00+09:00,3
盔林,6363,2025-04-08,27,03:21:00,2025-04-09T03:21:00+09:00,1
盔林,6363,2025-04-08,25,01:38:00,2025-04-09T01:38:00+09:00,1
盔林,6363,2025-04-08,12,12:14:00,2025-04-08T12:14:00+09:00,2
盔林,6363,2025-04-08,23,23:12:00,2025-04-08T23:12:00+09:00,2
盔林,6363,2025-04-08,05,05:30:00,2025-04-08T05:30:00+09:00,1
盔林,6363,2025-04-08,06,06:14:00,2025-04-08T06:14:00+09:00,6
盔林,6363,2025-04-08,08,08:43:00,2025-04-08T08:43:00+09:00,4
盔林,6363,2025-04-08,21,21:26:00,2025-04-08T21:26:00+09:00,3
盔林,6363,2025-04-08,08,08:16:00,2025-04-08T08:16:00+09:00,1
盔林,6363,2025-04-08,17,17:25:00,2025-04-08T17:25:00+09:00,3
盔林,6363,2025-04-08,07,07:27:00,2025-04-08T07:27:00+09:00,1
盔林,6363,2025-04-08,07,07:02:00,2025-04-08T07:02:00+09:00,4
盔林,6363,2025-04-08,09,09:58:00,2025-04-08T09:58:00+09:00,3
盔林,6363,2025-04-08,09,09:43:00,2025-04-08T09:43:00+09:00,4
盔林,6363,2025-04-08,16,16:52:00,2025-04-08T16:52:00+09:00,2
盔林,6363,2025-04-08,20,20:28:00,2025-04-08T20:28:00+09:00,2
盔林,6363,2025-04-08,05,05:23:00,2025-04-08T05:23:00+09:00,1
盔林,6363,2025-04-08,05,05:33:00,2025-04-08T05:33:00+09:00,1
盔林,6363,2025-04-08,25,01:13:00,2025-04-09T01:13:00+09:00,2
盔林,6363,2025-04-08,14,14:33:00,2025-04-08T14:33:00+09:00,1
盔林,6363,2025-04-08,06,06:09:00,2025-04-08T06:09:00+09:00,1
盔林,6363,2025-04-08,20,20:07:00,2025-04-08T20:07:00+09:00,3
盔林,6363,2025-04-08,13,13:12:00,2025-04-08T13:12:00+09:00,1
盔林,6363,2025-04-08,12,12:18:00,2025-04-08T12:18:00+09:00,2
盔林,6363,2025-04-08,06,06:38:00,2025-04-08T06:38:00+09:00,7
盔林,6363,2025-04-08,24,00:29:00,2025-04-09T00:29:00+09:00,2
盔林,6363,2025-04-08,06,06:01:00,2025-04-08T06:01:00+09:00,1
盔林,6363,2025-04-08,11,11:08:00,2025-04-08T11:08:00+09:00,3
盔林,6363,2025-04-08,27,03:59:00,2025-04-09T03:59:00+09:00,1
盔林,6363,2025-04-08,23,23:49:00,2025-04-08T23:49:00+09:00,1
盔林,6363,2025-04-08,19,19:45:00,2025-04-08T19:45:00+09:00,4
盔林,6363,2025-04-08,17,17:48:00,2025-04-08T17:48:00+09:00,4
盔林,6363,2025-04-08,18,18:14:00,2025-04-08T18:14:00+09:00,6
盔林,6363,2025-04-08,14,14:34:00,2025-04-08T14:34:00+09:00,1
盔林,6363,2025-04-08,15,15:14:00,2025-04-08T15:14:00+09:00,1
盔林,6363,2025-04-08,18,18:42:00,2025-04-08T18:42:00+09:00,6
盔林,6363,2025-04-08,17,17:57:00,2025-04-08T17:57:00+09:00,4
盔林,6363,2025-04-08,14,14:38:00,2025-04-08T14:38:00+09:00,1
盔林,6363,2025-04-08,13,13:29:00,2025-04-08T13:29:00+09:00,1
盔林,6363,2025-04-08,22,22:13:00,2025-04-08T22:13:00+09:00,1
盔林,6363,2025-04-08,05,05:02:00,2025-04-08T05:02:00+09:00,1
盔林,6363,2025-04-08,20,20:14:00,2025-04-08T20:14:00+09:00,2
盔林,6363,2025-04-08,17,17:20:00,2025-04-08T17:20:00+09:00,3
盔林,6363,2025-04-08,10,10:51:00,2025-04-08T10:51:00+09:00,1
盔林,6363,2025-04-08,16,16:16:00,2025-04-08T16:16:00+09:00,1
盔林,6363,2025-04-08,05,05:39:00,2025-04-08T05:39:00+09:00,1
盔林,6363,2025-04-08,08,08:13:00,2025-04-08T08:13:00+09:00,1
盔林,6363,2025-04-08,06,06:06:00,2025-04-08T06:06:00+09:00,1
盔林,6363,2025-04-08,12,12:10:00,2025-04-08T12:10:00+09:00,2
盔林,6363,2025-04-08,23,23:52:00,2025-04-08T23:52:00+09:00,1
盔林,6363,2025-04-08,16,16:36:00,2025-04-08T16:36:00+09:00,1
盔林,6363,2025-04-08,15,15:07:00,2025-04-08T15:07:00+09:00,1
盔林,6363,2025-04-08,08,08:18:00,2025-04-08T08:18:00+09:00,1
盔林,6363,2025-04-08,14,14:31:00,2025-04-08T14:31:00+09:00,1
盔林,6363,2025-04-08,22,22:10:00,2025-04-08T22:10:00+09:00,2
盔林,6363,2025-04-08,23,23:08:00,2025-04-08T23:08:00+09:00,2
盔林,6363,2025-04-08,22,22:29:00,2025-04-08T22:29:00+09:00,3
盔林,6363,2025-04-08,25,01:03:00,2025-04-09T01:03:00+09:00,3
盔林,6363,2025-04-08,24,00:30:00,2025-04-09T00:30:00+09:00,2
盔林,6363,2025-04-08,25,01:58:00,2025-04-09T01:58:00+09:00,2
盔林,6363,2025-04-08,25,01:17:00,2025-04-09T01:17:00+09:00,2
盔林,6363,2025-04-08,09,09:57:00,2025-04-08T09:57:00+09:00,3
盔林,6363,2025-04-08,11,11:31:00,2025-04-08T11:31:00+09:00,3
盔林,6363,2025-04-08,04,04:11:00,2025-04-08T04:11:00+09:00,1
盔林,6363,2025-04-08,04,04:12:00,2025-04-08T04:12:00+09:00,1
盔林,6363,2025-04-08,18,18:22:00,2025-04-08T18:22:00+09:00,6
盔林,6363,2025-04-08,22,22:15:00,2025-04-08T22:15:00+09:00,2
盔林,6363,2025-04-08,05,05:24:00,2025-04-08T05:24:00+09:00,1
盔林,6363,2025-04-08,07,07:30:00,2025-04-08T07:30:00+09:00,1
盔林,6363,2025-04-08,07,07:31:00,2025-04-08T07:31:00+09:00,1
盔林,6363,2025-04-08,16,16:01:00,2025-04-08T16:01:00+09:00,2
盔林,6363,2025-04-08,04,04:45:00,2025-04-08T04:45:00+09:00,1
盔林,6363,2025-04-08,21,21:12:00,2025-04-08T21:12:00+09:00,2
盔林,6363,2025-04-08,17,17:02:00,2025-04-08T17:02:00+09:00,3
盔林,6363,2025-04-08,06,06:51:00,2025-04-08T06:51:00+09:00,2
盔林,6363,2025-04-08,06,06:02:00,2025-04-08T06:02:00+09:00,1
盔林,6363,2025-04-08,11,11:46:00,2025-04-08T11:46:00+09:00,3
盔林,6363,2025-04-08,08,08:48:00,2025-04-08T08:48:00+09:00,3
盔林,6363,2025-04-08,21,21:47:00,2025-04-08T21:47:00+09:00,3
盔林,6363,2025-04-08,20,20:35:00,2025-04-08T20:35:00+09:00,3
盔林,6363,2025-04-08,20,20:39:00,2025-04-08T20:39:00+09:00,3
盔林,6363,2025-04-08,27,03:43:00,2025-04-09T03:43:00+09:00,1
盔林,6363,2025-04-08,26,02:01:00,2025-04-09T02:01:00+09:00,2
盔林,6363,2025-04-08,12,12:56:00,2025-04-08T12:56:00+09:00,1
盔林,6363,2025-04-08,07,07:56:00,2025-04-08T07:56:00+09:00,1
盔林,6363,2025-04-08,11,11:23:00,2025-04-08T11:23:00+09:00,3
盔林,6363,2025-04-08,07,07:08:00,2025-04-08T07:08:00+09:00,6
盔林,6363,2025-04-08,08,08:30:00,2025-04-08T08:30:00+09:00,2
盔林,6363,2025-04-08,12,12:00:00,2025-04-08T12:00:00+09:00,2
盔林,6363,2025-04-08,26,02:58:00,2025-04-09T02:58:00+09:00,4
盔林,6363,2025-04-08,18,18:13:00,2025-04-08T18:13:00+09:00,6
盔林,6363,2025-04-08,16,16:54:00,2025-04-08T16:54:00+09:00,2
盔林,6363,2025-04-08,13,13:52:00,2025-04-08T13:52:00+09:00,1
盔林,6363,2025-04-08,13,13:53:00,2025-04-08T13:53:00+09:00,1
盔林,6363,2025-04-08,17,17:33:00,2025-04-08T17:33:00+09:00,4
盔林,6363,2025-04-08,13,13:23:00,2025-04-08T13:23:00+09:00,1
盔林,6363,2025-04-08,26,02:05:00,2025-04-09T02:05:00+09:00,1
盔林,6363,2025-04-08,04,04:25:00,2025-04-08T04:25:00+09:00,1
盔林,6363,2025-04-08,04,04:26:00,2025-04-08T04:26:00+09:00,1
盔林,6363,2025-04-08,20,20:55:00,2025-04-08T20:55:00+09:00,3
盔林,6363,2025-04-08,21,21:03:00,2025-04-08T21:03:00+09:00,3
盔林,6363,2025-04-08,20,20:42:00,2025-04-08T20:42:00+09:00,3
盔林,6363,2025-04-08,16,16:41:00,2025-04-08T16:41:00+09:00,2
盔林,6363,2025-04-08,12,12:09:00,2025-04-08T12:09:00+09:00,2
盔林,6363,2025-04-08,11,11:16:00,2025-04-08T11:16:00+09:00,3
盔林,6363,2025-04-08,13,13:36:00,2025-04-08T13:36:00+09:00,1
盔林,6363,2025-04-08,07,07:14:00,2025-04-08T07:14:00+09:00,2
盔林,6363,2025-04-08,23,23:05:00,2025-04-08T23:05:00+09:00,3
盔林,6363,2025-04-08,17,17:54:00,2025-04-08T17:54:00+09:00,4
盔林,6363,2025-04-08,13,13:00:00,2025-04-08T13:00:00+09:00,1
盔林,6363,2025-04-08,25,01:49:00,2025-04-09T01:49:00+09:00,3
盔林,6363,2025-04-08,09,09:11:00,2025-04-08T09:11:00+09:00,1
盔林,6363,2025-04-08,06,06:24:00,2025-04-08T06:24:00+09:00,7
盔林,6363,2025-04-08,25,01:34:00,2025-04-09T01:34:00+09:00,1
盔林,6363,2025-04-08,04,04:38:00,2025-04-08T04:38:00+09:00,1
盔林,6363,2025-04-08,07,07:47:00,2025-04-08T07:47:00+09:00,1
盔林,6363,2025-04-08,05,05:08:00,2025-04-08T05:08:00+09:00,1
盔林,6363,2025-04-08,22,22:02:00,2025-04-08T22:02:00+09:00,1
盔林,6363,2025-04-08,18,18:19:00,2025-04-08T18:19:00+09:00,5
盔林,6363,2025-04-08,22,22:45:00,2025-04-08T22:45:00+09:00,3
盔林,6363,2025-04-08,04,04:04:00,2025-04-08T04:04:00+09:00,1
盔林,6363,2025-04-08,12,12:57:00,2025-04-08T12:57:00+09:00,1
盔林,6363,2025-04-08,12,12:58:00,2025-04-08T12:58:00+09:00,1
盔林,6363,2025-04-08,27,03:27:00,2025-04-09T03:27:00+09:00,1
盔林,6363,2025-04-08,07,07:10:00,2025-04-08T07:10:00+09:00,4
盔林,6363,2025-04-08,16,16:32:00,2025-04-08T16:32:00+09:00,2
盔林,6363,2025-04-08,23,23:48:00,2025-04-08T23:48:00+09:00,1
盔林,6363,2025-04-08,17,17:45:00,2025-04-08T17:45:00+09:00,4
盔林,6363,2025-04-08,19,19:47:00,2025-04-08T19:47:00+09:00,4
盔林,6363,2025-04-08,23,23:11:00,2025-04-08T23:11:00+09:00,2
盔林,6363,2025-04-08,15,15:30:00,2025-04-08T15:30:00+09:00,2
盔林,6363,2025-04-08,04,04:56:00,2025-04-08T04:56:00+09:00,1
盔林,6363,2025-04-08,11,11:58:00,2025-04-08T11:58:00+09:00,2
盔林,6363,2025-04-08,19,19:33:00,2025-04-08T19:33:00+09:00,4
盔林,6363,2025-04-08,06,06:11:00,2025-04-08T06:11:00+09:00,1
盔林,6363,2025-04-08,08,08:20:00,2025-04-08T08:20:00+09:00,2
盔林,6363,2025-04-08,15,15:24:00,2025-04-08T15:24:00+09:00,1
盔林,6363,2025-04-08,22,22:43:00,2025-04-08T22:43:00+09:00,3
盔林,6363,2025-04-08,10,10:41:00,2025-04-08T10:41:00+09:00,2
盔林,6363,2025-04-08,19,19:17:00,2025-04-08T19:17:00+09:00,4
盔林,6363,2025-04-08,04,04:52:00,2025-04-08T04:52:00+09:00,1
盔林,6363,2025-04-08,16,16:09:00,2025-04-08T16:09:00+09:00,2
盔林,6363,2025-04-08,24,00:14:00,2025-04-09T00:14:00+09:00,2
盔林,6363,2025-04-08,16,16:18:00,2025-04-08T16:18:00+09:00,1
盔林,6363,2025-04-08,26,02:26:00,2025-04-09T02:26:00+09:00,2
盔林,6363,2025-04-08,24,00:22:00,2025-04-09T00:22:00+09:00,2
盔林,6363,2025-04-08,13,13:45:00,2025-04-08T13:45:00+09:00,1
盔林,6363,2025-04-08,19,19:42:00,2025-04-08T19:42:00+09:00,3
盔林,6363,2025-04-08,06,06:49:00,2025-04-08T06:49:00+09:00,2
盔林,6363,2025-04-08,18,18:51:00,2025-04-08T18:51:00+09:00,6
盔林,6363,2025-04-08,24,00:50:00,2025-04-09T00:50:00+09:00,3
盔林,6363,2025-04-08,21,21:36:00,2025-04-08T21:36:00+09:00,2
盔林,6363,2025-04-08,17,17:28:00,2025-04-08T17:28:00+09:00,3
盔林,6363,2025-04-08,17,17:29:00,2025-04-08T17:29:00+09:00,3
盔林,6363,2025-04-08,19,19:41:00,2025-04-08T19:41:00+09:00,3
盔林,6363,2025-04-08,23,23:39:00,2025-04-08T23:39:00+09:00,2
盔林,6363,2025-04-08,25,01:12:00,2025-04-09T01:12:00+09:00,2
盔林,6363,2025-04-08,11,11:30:00,2025-04-08T11:30:00+09:00,3
盔林,6363,2025-04-08,05,05:40:00,2025-04-08T05:40:00+09:00,1
盔林,6363,2025-04-08,05,05:41:00,2025-04-08T05:41:00+09:00,1
盔林,6363,2025-04-08,13,13:16:00,2025-04-08T13:16:00+09:00,1
盔林,6363,2025-04-08,10,10:13:00,2025-04-08T10:13:00+09:00,1
盔林,6363,2025-04-08,26,02:48:00,2025-04-09T02:48:00+09:00,2
盔林,6363,2025-04-08,10,10:15:00,2025-04-08T10:15:00+09:00,1
盔林,6363,2025-04-08,08,08:03:00,2025-04-08T08:03:00+09:00,3
盔林,6363,2025-04-08,10,10:47:00,2025-04-08T10:47:00+09:00,2
盔林,6363,2025-04-08,08,08:01:00,2025-04-08T08:01:00+09:00,3
盔林,6363,2025-04-08,06,06:23:00,2025-04-08T06:23:00+09:00,7
盔林,6363,2025-04-08,11,11:37:00,2025-04-08T11:37:00+09:00,3
盔林,6363,2025-04-08,26,02:47:00,2025-04-09T02:47:00+09:00,1
盔林,6363,2025-04-08,18,18:24:00,2025-04-08T18:24:00+09:00,5
盔林,6363,2025-04-08,06,06:50:00,2025-04-08T06:50:00+09:00,2
盔林,6363,2025-04-08,07,07:42:00,2025-04-08T07:42:00+09:00,1
盔林,6363,2025-04-08,18,18:35:00,2025-04-08T18:35:00+09:00,5
盔林,6363,2025-04-08,20,20:15:00,2025-04-08T20:15:00+09:00,2
盔林,6363,2025-04-08,13,13:47:00,2025-04-08T13:47:00+09:00,1
盔林,6363,2025-04-08,15,15:31:00,2025-04-08T15:31:00+09:00,2
盔林,6363,2025-04-08,08,08:10:00,2025-04-08T08:10:00+09:00,2
盔林,6363,2025-04-08,09,09:09:00,2025-04-08T09:09:00+09:00,2
盔林,6363,2025-04-08,22,22:22:00,2025-04-08T22:22:00+09:00,4
盔林,6363,2025-04-08,04,04:40:00,2025-04-08T04:40:00+09:00,1
盔林,6363,2025-04-08,12,12:07:00,2025-04-08T12:07:00+09:00,2
盔林,6363,2025-04-08,27,03:31:00,2025-04-09T03:31:00+09:00,1
盔林,6363,2025-04-08,16,16:10:00,2025-04-08T16:10:00+09:00,1
盔林,6363,2025-04-08,19,19:25:00,2025-04-08T19:25:00+09:00,4
盔林,6363,2025-04-08,05,05:38:00,2025-04-08T05:38:00+09:00,1
盔林,6363,2025-04-08,07,07:28:00,2025-04-08T07:28:00+09:00,1
盔林,6363,2025-04-08,06,06:15:00,2025-04-08T06:15:00+09:00,7
盔林,6363,2025-04-08,22,22:21:00,2025-04-08T22:21:00+09:00,3
盔林,6363,2025-04-08,05,05:10:00,2025-04-08T05:10:00+09:00,1
盔林,6363,2025-04-08,21,21:54:00,2025-04-08T21:54:00+09:00,2
盔林,6363,2025-04-08,06,06:05:00,2025-04-08T06:05:00+09:00,1
盔林,6363,2025-04-08,05,05:45:00,2025-04-08T05:45:00+09:00,1
盔林,6363,2025-04-08,13,13:43:00,2025-04-08T13:43:00+09:00,1
盔林,6363,2025-04-08,26,02:44:00,2025-04-09T02:44:00+09:00,2
盔林,6363,2025-04-08,20,20:09:00,2025-04-08T20:09:00+09:00,3
盔林,6363,2025-04-08,17,17:34:00,2025-04-08T17:34:00+09:00,3
盔林,6363,2025-04-08,04,04:22:00,2025-04-08T04:22:00+09:00,1
盔林,6363,2025-04-08,13,13:22:00,2025-04-08T13:22:00+09:00,1
盔林,6363,2025-04-08,21,21:35:00,2025-04-08T21:35:00+09:00,2
盔林,6363,2025-04-08,15,15:23:00,2025-04-08T15:23:00+09:00,1
盔林,6363,2025-04-08,12,12:38:00,2025-04-08T12:38:00+09:00,1
盔林,6363,2025-04-08,12,12:15:00,2025-04-08T12:15:00+09:00,2
盔林,6363,2025-04-08,20,20:13:00,2025-04-08T20:13:00+09:00,3
盔林,6363,2025-04-08,20,20:17:00,2025-04-08T20:17:00+09:00,2
盔林,6363,2025-04-08,09,09:22:00,2025-04-08T09:22:00+09:00,1
盔林,6363,2025-04-08,11,11:24:00,2025-04-08T11:24:00+09:00,3
盔林,6363,2025-04-08,04,04:10:00,2025-04-08T04:10:00+09:00,1
盔林,6363,2025-04-08,13,13:37:00,2025-04-08T13:37:00+09:00,1
盔林,6363,2025-04-08,07,07:39:00,2025-04-08T07:39:00+09:00,1
盔林,6363,2025-04-08,05,05:48:00,2025-04-08T05:48:00+09:00,1
盔林,6363,2025-04-08,12,12:06:00,2025-04-08T12:06:00+09:00,2
盔林,6363,2025-04-08,11,11:12:00,2025-04-08T11:12:00+09:00,3
盔林,6363,2025-04-08,26,02:11:00,2025-04-09T02:11:00+09:00,1
盔林,6363,2025-04-08,08,08:02:00,2025-04-08T08:02:00+09:00,3
盔林,6363,2025-04-08,25,01:48:00,2025-04-09T01:48:00+09:00,2
盔林,6363,2025-04-08,09,09:10:00,2025-04-08T09:10:00+09:00,1
盔林,6363,2025-04-08,12,12:17:00,2025-04-08T12:17:00+09:00,2
盔林,6363,2025-04-08,25,01:18:00,2025-04-09T01:18:00+09:00,2
盔林,6363,2025-04-08,06,06:00:00,2025-04-08T06:00:00+09:00,1
盔林,6363,2025-04-08,14,14:12:00,2025-04-08T14:12:00+09:00,1
盔林,6363,2025-04-08,15,15:54:00,2025-04-08T15:54:00+09:00,1
盔林,6363,2025-04-08,22,22:58:00,2025-04-08T22:58:00+09:00,3
盔林,6363,2025-04-08,20,20:16:00,2025-04-08T20:16:00+09:00,2
盔林,6363,2025-04-08,10,10:33:00,2025-04-08T10:33:00+09:00,2
盔林,6363,2025-04-08,06,06:12:00,2025-04-08T06:12:00+09:00,3
盔林,6363,2025-04-08,08,08:22:00,2025-04-08T08:22:00+09:00,3
盔林,6363,2025-04-08,24,00:47:00,2025-04-09T00:47:00+09:00,3
盔林,6363,2025-04-08,25,01:42:00,2025-04-09T01:42:00+09:00,1
盔林,6363,2025-04-08,27,03:35:00,2025-04-09T03:35:00+09:00,1
盔林,6363,2025-04-08,27,03:36:00,2025-04-09T03:36:00+09:00,1
盔林,6363,2025-04-08,15,15:15:00,2025-04-08T15:15:00+09:00,1
盔林,6363,2025-04-08,16,16:34:00,2025-04-08T16:34:00+09:00,1
盔林,6363,2025-04-08,14,14:14:00,2025-04-08T14:14:00+09:00,1
盔林,6363,2025-04-08,23,23:20:00,2025-04-08T23:20:00+09:00,1
盔林,6363,2025-04-08,08,08:31:00,2025-04-08T08:31:00+09:00,1
盔林,6363,2025-04-08,16,16:51:00,2025-04-08T16:51:00+09:00,3
盔林,6363,2025-04-08,15,15:21:00,2025-04-08T15:21:00+09:00,1
盔林,6363,2025-04-08,15,15:37:00,2025-04-08T15:37:00+09:00,2
盔林,6363,2025-04-08,22,22:35:00,2025-04-08T22:35:00+09:00,4
盔林,6363,2025-04-08,07,07:29:00,2025-04-08T07:29:00+09:00,1
盔林,6363,2025-04-08,24,00:54:00,2025-04-09T00:54:00+09:00,3
盔林,6363,2025-04-08,19,19:39:00,2025-04-08T19:39:00+09:00,4
盔林,6363,2025-04-08,10,10:42:00,2025-04-08T10:42:00+09:00,2
盔林,6363,2025-04-08,22,22:19:00,2025-04-08T22:19:00+09:00,2
盔林,6363,2025-04-08,26,02:56:00,2025-04-09T02:56:00+09:00,3
盔林,6363,2025-04-08,22,22:40:00,2025-04-08T22:40:00+09:00,3
盔林,6363,2025-04-08,25,01:20:00,2025-04-09T01:20:00+09:00,2
盔林,6363,2025-04-08,15,15:28:00,2025-04-08T15:28:00+09:00,1
盔林,6363,2025-04-08,22,22:24:00,2025-04-08T22:24:00+09:00,4
盔林,6363,2025-04-08,22,22:53:00,2025-04-08T22:53:00+09:00,2
盔林,6363,2025-04-08,07,07:26:00,2025-04-08T07:26:00+09:00,1
盔林,6363,2025-04-08,16,16:47:00,2025-04-08T16:47:00+09:00,3
盔林,6363,2025-04-08,24,00:25:00,2025-04-09T00:25:00+09:00,2
盔林,6363,2025-04-08,05,05:42:00,2025-04-08T05:42:00+09:00,1
盔林,6363,2025-04-08,13,13:56:00,2025-04-08T13:56:00+09:00,1
盔林,6363,2025-04-08,13,13:07:00,2025-04-08T13:07:00+09:00,1
盔林,6363,2025-04-08,12,12:31:00,2025-04-08T12:31:00+09:00,1
盔林,6363,2025-04-08,27,03:28:00,2025-04-09T03:28:00+09:00,1
盔林,6363,2025-04-08,10,10:44:00,2025-04-08T10:44:00+09:00,2
盔林,6363,2025-04-08,21,21:17:00,2025-04-08T21:17:00+09:00,3
盔林,6363,2025-04-08,18,18:26:00,2025-04-08T18:26:00+09:00,6
盔林,6363,2025-04-08,18,18:18:00,2025-04-08T18:18:00+09:00,5
盔林,6363,2025-04-08,26,02:45:00,2025-04-09T02:45:00+09:00,2
盔林,6363,2025-04-08,19,19:52:00,2025-04-08T19:52:00+09:00,4
盔林,6363,2025-04-08,05,05:05:00,2025-04-08T05:05:00+09:00,1
盔林,6363,2025-04-08,15,15:51:00,2025-04-08T15:51:00+09:00,1
盔林,6363,2025-04-08,20,20:18:00,2025-04-08T20:18:00+09:00,2
盔林,6363,2025-04-08,13,13:02:00,2025-04-08T13:02:00+09:00,1
盔林,6363,2025-04-08,18,18:36:00,2025-04-08T18:36:00+09:00,6
盔林,6363,2025-04-08,24,00:48:00,2025-04-09T00:48:00+09:00,3
盔林,6363,2025-04-08,17,17:19:00,2025-04-08T17:19:00+09:00,3
盔林,6363,2025-04-08,22,22:27:00,2025-04-08T22:27:00+09:00,4
盔林,6363,2025-04-08,19,19:04:00,2025-04-08T19:04:00+09:00,6
盔林,6363,2025-04-08,26,02:02:00,2025-04-09T02:02:00+09:00,1
盔林,6363,2025-04-08,07,07:55:00,2025-04-08T07:55:00+09:00,2
盔林,6363,2025-04-08,21,21:13:00,2025-04-08T21:13:00+09:00,2
盔林,6363,2025-04-08,04,04:02:00,2025-04-08T04:02:00+09:00,1
盔林,6363,2025-04-08,12,12:02:00,2025-04-08T12:02:00+09:00,1
盔林,6363,2025-04-08,11,11:36:00,2025-04-08T11:36:00+09:00,3
盔林,6363,2025-04-08,20,20:19:00,2025-04-08T20:19:00+09:00,2
盔林,6363,2025-04-08,18,18:43:00,2025-04-08T18:43:00+09:00,6
盔林,6363,2025-04-08,05,05:26:00,2025-04-08T05:26:00+09:00,1
盔林,6363,2025-04-08,23,23:07:00,2025-04-08T23:07:00+09:00,3
盔林,6363,2025-04-08,04,04:28:00,2025-04-08T04:28:00+09:00,1
盔林,6363,2025-04-08,24,00:32:00,2025-04-09T00:32:00+09:00,2
盔林,6363,2025-04-08,07,07:01:00,2025-04-08T07:01:00+09:00,4
盔林,6363,2025-04-08,08,08:34:00,2025-04-08T08:34:00+09:00,1
盔林,6363,2025-04-08,19,19:37:00,2025-04-08T19:37:00+09:00,4
盔林,6363,2025-04-08,04,04:48:00,2025-04-08T04:48:00+09:00,1
盔林,6363,2025-04-08,07,07:50:00,2025-04-08T07:50:00+09:00,1
盔林,6363,2025-04-08,20,20:33:00,2025-04-08T20:33:00+09:00,3
盔林,6363,2025-04-08,26,02:10:00,2025-04-09T02:10:00+09:00,1
盔林,6363,2025-04-08,16,16:21:00,2025-04-08T16:21:00+09:00,1
盔林,6363,2025-04-08,19,19:12:00,2025-04-08T19:12:00+09:00,5
盔林,6363,2025-04-08,26,02:15:00,2025-04-09T02:15:00+09:00,2
盔林,6363,2025-04-08,26,02:34:00,2025-04-09T02:34:00+09:00,1
盔林,6363,2025-04-08,04,04:43:00,2025-04-08T04:43:00+09:00,1
盔林,6363,2025-04-08,25,01:29:00,2025-04-09T01:29:00+09:00,1
盔林,6363,2025-04-08,21,21:51:00,2025-04-08T21:51:00+09:00,3
盔林,6363,2025-04-08,18,18:08:00,2025-04-08T18:08:00+09:00,6
盔林,6363,2025-04-08,09,09:06:00,2025-04-08T09:06:00+09:00,2
盔林,6363,2025-04-08,27,03:58:00,2025-04-09T03:58:00+09:00,1
盔林,6363,2025-04-08,06,06:34:00,2025-04-08T06:34:00+09:00,7
盔林,6363,2025-04-08,11,11:28:00,2025-04-08T11:28:00+09:00,3
盔林,6363,2025-04-08,24,00:43:00,2025-04-09T00:43:00+09:00,3
盔林,6363,2025-04-08,20,20:36:00,2025-04-08T20:36:00+09:00,3
盔林,6363,2025-04-08,18,18:10:00,2025-04-08T18:10:00+09:00,6
盔林,6363,2025-04-08,20,20:20:00,2025-04-08T20:20:00+09:00,2
盔林,6363,2025-04-08,23,23:14:00,2025-04-08T23:14:00+09:00,2
盔林,6363,2025-04-08,18,18:02:00,2025-04-08T18:02:00+09:00,5
盔林,6363,2025-04-08,04,04:37:00,2025-04-08T04:37:00+09:00,1
盔林,6363,2025-04-08,04,04:42:00,2025-04-08T04:42:00+09:00,1
盔林,6363,2025-04-08,10,10:34:00,2025-04-08T10:34:00+09:00,1
盔林,6363,2025-04-08,23,23:22:00,2025-04-08T23:22:00+09:00,1
盔林,6363,2025-04-08,22,22:09:00,2025-04-08T22:09:00+09:00,2
盔林,6363,2025-04-08,18,18:17:00,2025-04-08T18:17:00+09:00,5
盔林,6363,2025-04-08,08,08:08:00,2025-04-08T08:08:00+09:00,2
盔林,6363,2025-04-08,14,14:49:00,2025-04-08T14:49:00+09:00,1
盔林,6363,2025-04-08,14,14:58:00,2025-04-08T14:58:00+09:00,1
盔林,6363,2025-04-08,22,22:20:00,2025-04-08T22:20:00+09:00,2
盔林,6363,2025-04-08,06,06:42:00,2025-04-08T06:42:00+09:00,3
盔林,6363,2025-04-08,21,21:27:00,2025-04-08T21:27:00+09:00,3
盔林,6363,2025-04-08,05,05:25:00,2025-04-08T05:25:00+09:00,1
盔林,6363,2025-04-08,10,10:18:00,2025-04-08T10:18:00+09:00,2
盔林,6363,2025-04-08,17,17:18:00,2025-04-08T17:18:00+09:00,3
盔林,6363,2025-04-08,04,04:29:00,2025-04-08T04:29:00+09:00,1
盔林,6363,2025-04-08,12,12:54:00,2025-04-08T12:54:00+09:00,1
盔林,6363,2025-04-08,07,07:36:00,2025-04-08T07:36:00+09:00,1
盔林,6363,2025-04-08,16,16:40:00,2025-04-08T16:40:00+09:00,2
盔林,6363,2025-04-08,21,21:25:00,2025-04-08T21:25:00+09:00,3
盔林,6363,2025-04-08,25,01:59:00,2025-04-09T01:59:00+09:00,2
盔林,6363,2025-04-08,09,09:29:00,2025-04-08T09:29:00+09:00,1
盔林,6363,2025-04-08,24,00:26:00,2025-04-09T00:26:00+09:00,2
盔林,6363,2025-04-08,13,13:15:00,2025-04-08T13:15:00+09:00,1
盔林,6363,2025-04-08,23,23:45:00,2025-04-08T23:45:00+09:00,2
盔林,6363,2025-04-08,05,05:29:00,2025-04-08T05:29:00+09:00,1
盔林,6363,2025-04-08,06,06:43:00,2025-04-08T06:43:00+09:00,3
盔林,6363,2025-04-08,14,14:22:00,2025-04-08T14:22:00+09:00,1
盔林,6363,2025-04-08,18,18:25:00,2025-04-08T18:25:00+09:00,5
盔林,6363,2025-04-08,07,07:49:00,2025-04-08T07:49:00+09:00,1
盔林,6363,2025-04-08,23,23:09:00,2025-04-08T23:09:00+09:00,2
盔林,6363,2025-04-08,24,00:33:00,2025-04-09T00:33:00+09:00,3
盔林,6363,2025-04-08,25,01:36:00,2025-04-09T01:36:00+09:00,1
盔林,6363,2025-04-08,16,16:14:00,2025-04-08T16:14:00+09:00,1
盔林,6363,2025-04-08,15,15:47:00,2025-04-08T15:47:00+09:00,1
盔林,6363,2025-04-08,18,18:44:00,2025-04-08T18:44:00+09:00,6
盔林,6363,2025-04-08,23,23:01:00,2025-04-08T23:01:00+09:00,3
盔林,6363,2025-04-08,26,02:08:00,2025-04-09T02:08:00+09:00,1
盔林,6363,2025-04-08,26,02:09:00,2025-04-09T02:09:00+09:00,1
盔林,6363,2025-04-08,04,04:03:00,2025-04-08T04:03:00+09:00,1
盔林,6363,2025-04-08,25,01:19:00,2025-04-09T01:19:00+09:00,2
盔林,6363,2025-04-08,05,05:07:00,2025-04-08T05:07:00+09:00,1
盔林,6363,2025-04-08,06,06:52:00,2025-04-08T06:52:00+09:00,3
盔林,6363,2025-04-08,16,16:24:00,2025-04-08T16:24:00+09:00,2
盔林,6363,2025-04-08,07,07:59:00,2025-04-08T07:59:00+09:00,2
盔林,6363,2025-04-08,06,06:55:00,2025-04-08T06:55:00+09:00,2
盔林,6363,2025-04-08,27,03:34:00,2025-04-09T03:34:00+09:00,1
盔林,6363,2025-04-08,21,21:11:00,2025-04-08T21:11:00+09:00,2
盔林,6363,2025-04-08,15,15:53:00,2025-04-08T15:53:00+09:00,1
盔林,6363,2025-04-08,16,16:26:00,2025-04-08T16:26:00+09:00,2
盔林,6363,2025-04-08,12,12:53:00,2025-04-08T12:53:00+09:00,1
盔林,6363,2025-04-08,27,03:46:00,2025-04-09T03:46:00+09:00,1
盔林,6363,2025-04-08,17,17:13:00,2025-04-08T17:13:00+09:00,4
盔林,6363,2025-04-08,21,21:20:00,2025-04-08T21:20:00+09:00,2
盔林,6363,2025-04-08,22,22:56:00,2025-04-08T22:56:00+09:00,2
盔林,6363,2025-04-08,05,05:44:00,2025-04-08T05:44:00+09:00,1
盔林,6363,2025-04-08,27,03:30:00,2025-04-09T03:30:00+09:00,1
盔林,6363,2025-04-08,24,00:21:00,2025-04-09T00:21:00+09:00,2
盔林,6363,2025-04-08,10,10:05:00,2025-04-08T10:05:00+09:00,1
盔林,6363,2025-04-08,23,23:38:00,2025-04-08T23:38:00+09:00,3
盔林,6363,2025-04-08,16,16:58:00,2025-04-08T16:58:00+09:00,2
盔林,6363,2025-04-08,15,15:03:00,2025-04-08T15:03:00+09:00,1
盔林,6363,2025-04-08,23,23:51:00,2025-04-08T23:51:00+09:00,1
盔林,6363,2025-04-08,17,17:36:00,2025-04-08T17:36:00+09:00,3
盔林,6363,2025-04-08,10,10:19:00,2025-04-08T10:19:00+09:00,1
盔林,6363,2025-04-08,17,17:40:00,2025-04-08T17:40:00+09:00,3
开伙,202,2025-04-08,13,13:45:00,2025-04-08T13:45:00+09:00,1
开伙,202,2025-04-08,07,07:12:00,2025-04-08T07:12:00+09:00,1
开伙,202,2025-04-08,17,17:51:00,2025-04-08T17:51:00+09:00,2
开伙,202,2025-04-08,18,18:50:00,2025-04-08T18:50:00+09:00,3
开伙,202,2025-04-08,23,23:14:00,2025-04-08T23:14:00+09:00,2
开伙,202,2025-04-08,06,06:12:00,2025-04-08T06:12:00+09:00,1
开伙,202,2025-04-08,15,15:01:00,2025-04-08T15:01:00+09:00,1
开伙,202,2025-04-08,22,22:43:00,2025-04-08T22:43:00+09:00,2
开伙,202,2025-04-08,19,19:08:00,2025-04-08T19:08:00+09:00,3
开伙,202,2025-04-08,13,13:53:00,2025-04-08T13:53:00+09:00,1
开伙,202,2025-04-08,14,14:37:00,2025-04-08T14:37:00+09:00,1
开伙,202,2025-04-08,24,00:37:00,2025-04-09T00:37:00+09:00,2
开伙,202,2025-04-08,20,20:41:00,2025-04-08T20:41:00+09:00,1
开伙,202,2025-04-08,11,11:35:00,2025-04-08T11:35:00+09:00,4
开伙,202,2025-04-08,22,22:13:00,2025-04-08T22:13:00+09:00,3
开伙,202,2025-04-08,07,07:43:00,2025-04-08T07:43:00+09:00,2
开伙,202,2025-04-08,08,08:49:00,2025-04-08T08:49:00+09:00,1
开伙,202,2025-04-08,17,17:05:00,2025-04-08T17:05:00+09:00,1
开伙,202,2025-04-08,08,08:00:00,2025-04-08T08:00:00+09:00,1
开伙,202,2025-04-08,26,02:38:00,2025-04-09T02:38:00+09:00,3
开伙,202,2025-04-08,24,00:02:00,2025-04-09T00:02:00+09:00,2
开伙,202,2025-04-08,16,16:24:00,2025-04-08T16:24:00+09:00,1
开伙,202,2025-04-08,11,11:10:00,2025-04-08T11:10:00+09:00,4
开伙,202,2025-04-08,19,19:02:00,2025-04-08T19:02:00+09:00,3
开伙,202,2025-04-08,17,17:19:00,2025-04-08T17:19:00+09:00,1
开伙,202,2025-04-08,10,10:58:00,2025-04-08T10:58:00+09:00,3
开伙,202,2025-04-08,26,02:11:00,2025-04-09T02:11:00+09:00,3
开伙,202,2025-04-08,05,05:46:00,2025-04-08T05:46:00+09:00,1
开伙,202,2025-04-08,11,11:02:00,2025-04-08T11:02:00+09:00,3
开伙,202,2025-04-08,21,21:31:00,2025-04-08T21:31:00+09:00,1
开伙,202,2025-04-08,27,03:38:00,2025-04-09T03:38:00+09:00,1
开伙,202,2025-04-08,27,03:52:00,2025-04-09T03:52:00+09:00,1
开伙,202,2025-04-08,22,22:47:00,2025-04-08T22:47:00+09:00,3
开伙,202,2025-04-08,16,16:50:00,2025-04-08T16:50:00+09:00,1
开伙,202,2025-04-08,11,11:29:00,2025-04-08T11:29:00+09:00,4
开伙,202,2025-04-08,25,01:57:00,2025-04-09T01:57:00+09:00,3
开伙,202,2025-04-08,22,22:31:00,2025-04-08T22:31:00+09:00,2
开伙,202,2025-04-08,04,04:49:00,2025-04-08T04:49:00+09:00,1
开伙,202,2025-04-08,24,00:46:00,2025-04-09T00:46:00+09:00,1
开伙,202,2025-04-08,09,09:19:00,2025-04-08T09:19:00+09:00,2
开伙,202,2025-04-08,27,03:00:00,2025-04-09T03:00:00+09:00,3
开伙,202,2025-04-08,04,04:18:00,2025-04-08T04:18:00+09:00,1
开伙,202,2025-04-08,13,13:31:00,2025-04-08T13:31:00+09:00,1
开伙,202,2025-04-08,06,06:57:00,2025-04-08T06:57:00+09:00,1
开伙,202,2025-04-08,19,19:58:00,2025-04-08T19:58:00+09:00,2
开伙,202,2025-04-08,18,18:08:00,2025-04-08T18:08:00+09:00,2
开伙,202,2025-04-08,11,11:48:00,2025-04-08T11:48:00+09:00,4
开伙,202,2025-04-08,15,15:25:00,2025-04-08T15:25:00+09:00,1
开伙,202,2025-04-08,11,11:43:00,2025-04-08T11:43:00+09:00,4
开伙,202,2025-04-08,20,20:42:00,2025-04-08T20:42:00+09:00,1
开伙,202,2025-04-08,19,19:06:00,2025-04-08T19:06:00+09:00,3
开伙,202,2025-04-08,18,18:41:00,2025-04-08T18:41:00+09:00,4
开伙,202,2025-04-08,10,10:56:00,2025-04-08T10:56:00+09:00,3
开伙,202,2025-04-08,25,01:21:00,2025-04-09T01:21:00+09:00,4
开伙,202,2025-04-08,12,12:31:00,2025-04-08T12:31:00+09:00,1
开伙,202,2025-04-08,10,10:12:00,2025-04-08T10:12:00+09:00,2
开伙,202,2025-04-08,08,08:57:00,2025-04-08T08:57:00+09:00,1
开伙,202,2025-04-08,08,08:58:00,2025-04-08T08:58:00+09:00,1
开伙,202,2025-04-08,10,10:09:00,2025-04-08T10:09:00+09:00,2
开伙,202,2025-04-08,08,08:01:00,2025-04-08T08:01:00+09:00,1
开伙,202,2025-04-08,27,03:21:00,2025-04-09T03:21:00+09:00,1
开伙,202,2025-04-08,07,07:30:00,2025-04-08T07:30:00+09:00,1
开伙,202,2025-04-08,22,22:02:00,2025-04-08T22:02:00+09:00,1
开伙,202,2025-04-08,20,20:25:00,2025-04-08T20:25:00+09:00,1
开伙,202,2025-04-08,05,05:01:00,2025-04-08T05:01:00+09:00,1
开伙,202,2025-04-08,26,02:06:00,2025-04-09T02:06:00+09:00,3
开伙,202,2025-04-08,26,02:52:00,2025-04-09T02:52:00+09:00,3
开伙,202,2025-04-08,07,07:24:00,2025-04-08T07:24:00+09:00,1
开伙,202,2025-04-08,04,04:56:00,2025-04-08T04:56:00+09:00,1
开伙,202,2025-04-08,22,22:30:00,2025-04-08T22:30:00+09:00,2
开伙,202,2025-04-08,09,09:23:00,2025-04-08T09:23:00+09:00,1
开伙,202,2025-04-08,04,04:40:00,2025-04-08T04:40:00+09:00,1
开伙,202,2025-04-08,14,14:19:00,2025-04-08T14:19:00+09:00,1
开伙,202,2025-04-08,20,20:52:00,2025-04-08T20:52:00+09:00,1
开伙,202,2025-04-08,05,05:24:00,2025-04-08T05:24:00+09:00,1
开伙,202,2025-04-08,19,19:32:00,2025-04-08T19:32:00+09:00,3
开伙,202,2025-04-08,12,12:45:00,2025-04-08T12:45:00+09:00,1
开伙,202,2025-04-08,14,14:26:00,2025-04-08T14:26:00+09:00,1
开伙,202,2025-04-08,15,15:04:00,2025-04-08T15:04:00+09:00,1
开伙,202,2025-04-08,23,23:23:00,2025-04-08T23:23:00+09:00,3
开伙,202,2025-04-08,24,00:01:00,2025-04-09T00:01:00+09:00,2
开伙,202,2025-04-08,23,23:48:00,2025-04-08T23:48:00+09:00,2
开伙,202,2025-04-08,27,03:48:00,2025-04-09T03:48:00+09:00,1
开伙,202,2025-04-08,14,14:51:00,2025-04-08T14:51:00+09:00,1
开伙,202,2025-04-08,10,10:26:00,2025-04-08T10:26:00+09:00,2
开伙,202,2025-04-08,13,13:36:00,2025-04-08T13:36:00+09:00,1
开伙,202,2025-04-08,09,09:32:00,2025-04-08T09:32:00+09:00,1
开伙,202,2025-04-08,27,03:31:00,2025-04-09T03:31:00+09:00,1
开伙,202,2025-04-08,18,18:47:00,2025-04-08T18:47:00+09:00,3
开伙,202,2025-04-08,13,13:23:00,2025-04-08T13:23:00+09:00,1
开伙,202,2025-04-08,11,11:55:00,2025-04-08T11:55:00+09:00,3
开伙,202,2025-04-08,17,17:40:00,2025-04-08T17:40:00+09:00,1
开伙,202,2025-04-08,12,12:15:00,2025-04-08T12:15:00+09:00,1
开伙,202,2025-04-08,20,20:14:00,2025-04-08T20:14:00+09:00,2
开伙,202,2025-04-08,21,21:19:00,2025-04-08T21:19:00+09:00,2
开伙,202,2025-04-08,10,10:11:00,2025-04-08T10:11:00+09:00,2
开伙,202,2025-04-08,22,22:18:00,2025-04-08T22:18:00+09:00,1
开伙,202,2025-04-08,16,16:10:00,2025-04-08T16:10:00+09:00,1
开伙,202,2025-04-08,22,22:06:00,2025-04-08T22:06:00+09:00,2
开伙,202,2025-04-08,07,07:34:00,2025-04-08T07:34:00+09:00,1
开伙,202,2025-04-08,11,11:56:00,2025-04-08T11:56:00+09:00,3
开伙,202,2025-04-08,05,05:52:00,2025-04-08T05:52:00+09:00,1
开伙,202,2025-04-08,17,17:04:00,2025-04-08T17:04:00+09:00,1
开伙,202,2025-04-08,08,08:35:00,2025-04-08T08:35:00+09:00,1
开伙,202,2025-04-08,25,01:16:00,2025-04-09T01:16:00+09:00,3
开伙,202,2025-04-08,10,10:59:00,2025-04-08T10:59:00+09:00,3
开伙,202,2025-04-08,13,13:56:00,2025-04-08T13:56:00+09:00,1
开伙,202,2025-04-08,17,17:48:00,2025-04-08T17:48:00+09:00,2
开伙,202,2025-04-08,25,01:14:00,2025-04-09T01:14:00+09:00,2
开伙,202,2025-04-08,26,02:50:00,2025-04-09T02:50:00+09:00,4
开伙,202,2025-04-08,21,21:46:00,2025-04-08T21:46:00+09:00,2
开伙,202,2025-04-08,11,11:34:00,2025-04-08T11:34:00+09:00,4
开伙,202,2025-04-08,25,01:00:00,2025-04-09T01:00:00+09:00,3
开伙,202,2025-04-08,25,01:01:00,2025-04-09T01:01:00+09:00,3
开伙,202,2025-04-08,07,07:03:00,2025-04-08T07:03:00+09:00,2
开伙,202,2025-04-08,18,18:40:00,2025-04-08T18:40:00+09:00,4
开伙,202,2025-04-08,10,10:00:00,2025-04-08T10:00:00+09:00,1
开伙,202,2025-04-08,20,20:29:00,2025-04-08T20:29:00+09:00,2
开伙,202,2025-04-08,23,23:33:00,2025-04-08T23:33:00+09:00,3
开伙,202,2025-04-08,05,05:26:00,2025-04-08T05:26:00+09:00,1
开伙,202,2025-04-08,05,05:38:00,2025-04-08T05:38:00+09:00,1
开伙,202,2025-04-08,05,05:04:00,2025-04-08T05:04:00+09:00,1
开伙,202,2025-04-08,06,06:54:00,2025-04-08T06:54:00+09:00,2
开伙,202,2025-04-08,06,06:25:00,2025-04-08T06:25:00+09:00,4
开伙,202,2025-04-08,18,18:22:00,2025-04-08T18:22:00+09:00,3
开伙,202,2025-04-08,09,09:26:00,2025-04-08T09:26:00+09:00,1
开伙,202,2025-04-08,07,07:40:00,2025-04-08T07:40:00+09:00,1
开伙,202,2025-04-08,17,17:52:00,2025-04-08T17:52:00+09:00,2
开伙,202,2025-04-08,17,17:53:00,2025-04-08T17:53:00+09:00,2
开伙,202,2025-04-08,08,08:40:00,2025-04-08T08:40:00+09:00,1
开伙,202,2025-04-08,16,16:37:00,2025-04-08T16:37:00+09:00,1
开伙,202,2025-04-08,27,03:25:00,2025-04-09T03:25:00+09:00,1
开伙,202,2025-04-08,21,21:30:00,2025-04-08T21:30:00+09:00,1
开伙,202,2025-04-08,09,09:40:00,2025-04-08T09:40:00+09:00,1
开伙,202,2025-04-08,27,03:27:00,2025-04-09T03:27:00+09:00,1
开伙,202,2025-04-08,08,08:33:00,2025-04-08T08:33:00+09:00,1
开伙,202,2025-04-08,24,00:05:00,2025-04-09T00:05:00+09:00,2
开伙,202,2025-04-08,13,13:13:00,2025-04-08T13:13:00+09:00,1
开伙,202,2025-04-08,17,17:59:00,2025-04-08T17:59:00+09:00,2
开伙,202,2025-04-08,09,09:01:00,2025-04-08T09:01:00+09:00,1
开伙,202,2025-04-08,25,01:04:00,2025-04-09T01:04:00+09:00,2
开伙,202,2025-04-08,09,09:34:00,2025-04-08T09:34:00+09:00,1
开伙,202,2025-04-08,04,04:52:00,2025-04-08T04:52:00+09:00,1
开伙,202,2025-04-08,22,22:07:00,2025-04-08T22:07:00+09:00,3
开伙,202,2025-04-08,17,17:23:00,2025-04-08T17:23:00+09:00,1
开伙,202,2025-04-08,06,06:10:00,2025-04-08T06:10:00+09:00,1
开伙,202,2025-04-08,17,17:16:00,2025-04-08T17:16:00+09:00,1
开伙,202,2025-04-08,14,14:27:00,2025-04-08T14:27:00+09:00,1
开伙,202,2025-04-08,06,06:55:00,2025-04-08T06:55:00+09:00,2
开伙,202,2025-04-08,05,05:27:00,2025-04-08T05:27:00+09:00,1
开伙,202,2025-04-08,26,02:42:00,2025-04-09T02:42:00+09:00,4
开伙,202,2025-04-08,06,06:16:00,2025-04-08T06:16:00+09:00,2
开伙,202,2025-04-08,24,00:54:00,2025-04-09T00:54:00+09:00,3
开伙,202,2025-04-08,07,07:49:00,2025-04-08T07:49:00+09:00,1
开伙,202,2025-04-08,15,15:52:00,2025-04-08T15:52:00+09:00,1
开伙,202,2025-04-08,25,01:44:00,2025-04-09T01:44:00+09:00,3
开伙,202,2025-04-08,14,14:20:00,2025-04-08T14:20:00+09:00,1
开伙,202,2025-04-08,04,04:51:00,2025-04-08T04:51:00+09:00,1
开伙,202,2025-04-08,25,01:24:00,2025-04-09T01:24:00+09:00,4
开伙,202,2025-04-08,20,20:55:00,2025-04-08T20:55:00+09:00,1
开伙,202,2025-04-08,23,23:34:00,2025-04-08T23:34:00+09:00,3
开伙,202,2025-04-08,25,01:52:00,2025-04-09T01:52:00+09:00,3
开伙,202,2025-04-08,26,02:45:00,2025-04-09T02:45:00+09:00,3
开伙,202,2025-04-08,11,11:45:00,2025-04-08T11:45:00+09:00,4
开伙,202,2025-04-08,04,04:47:00,2025-04-08T04:47:00+09:00,1
开伙,202,2025-04-08,13,13:48:00,2025-04-08T13:48:00+09:00,1
开伙,202,2025-04-08,07,07:04:00,2025-04-08T07:04:00+09:00,1
开伙,202,2025-04-08,16,16:08:00,2025-04-08T16:08:00+09:00,1
开伙,202,2025-04-08,23,23:54:00,2025-04-08T23:54:00+09:00,2
开伙,202,2025-04-08,05,05:48:00,2025-04-08T05:48:00+09:00,1
开伙,202,2025-04-08,05,05:49:00,2025-04-08T05:49:00+09:00,1
开伙,202,2025-04-08,22,22:28:00,2025-04-08T22:28:00+09:00,2
开伙,202,2025-04-08,21,21:04:00,2025-04-08T21:04:00+09:00,2
开伙,202,2025-04-08,05,05:18:00,2025-04-08T05:18:00+09:00,1
开伙,202,2025-04-08,05,05:16:00,2025-04-08T05:16:00+09:00,1
开伙,202,2025-04-08,09,09:28:00,2025-04-08T09:28:00+09:00,1
开伙,202,2025-04-08,18,18:38:00,2025-04-08T18:38:00+09:00,4
开伙,202,2025-04-08,08,08:47:00,2025-04-08T08:47:00+09:00,1
开伙,202,2025-04-08,11,11:12:00,2025-04-08T11:12:00+09:00,4
开伙,202,2025-04-08,12,12:08:00,2025-04-08T12:08:00+09:00,2
开伙,202,2025-04-08,11,11:13:00,2025-04-08T11:13:00+09:00,4
开伙,202,2025-04-08,18,18:24:00,2025-04-08T18:24:00+09:00,3
开伙,202,2025-04-08,20,20:44:00,2025-04-08T20:44:00+09:00,2
开伙,202,2025-04-08,14,14:54:00,2025-04-08T14:54:00+09:00,1
开伙,202,2025-04-08,17,17:21:00,2025-04-08T17:21:00+09:00,1
开伙,202,2025-04-08,06,06:37:00,2025-04-08T06:37:00+09:00,3
开伙,202,2025-04-08,06,06:39:00,2025-04-08T06:39:00+09:00,3
开伙,202,2025-04-08,08,08:59:00,2025-04-08T08:59:00+09:00,1
开伙,202,2025-04-08,19,19:40:00,2025-04-08T19:40:00+09:00,3
开伙,202,2025-04-08,20,20:56:00,2025-04-08T20:56:00+09:00,1
开伙,202,2025-04-08,20,20:07:00,2025-04-08T20:07:00+09:00,2
开伙,202,2025-04-08,14,14:13:00,2025-04-08T14:13:00+09:00,1
开伙,202,2025-04-08,23,23:13:00,2025-04-08T23:13:00+09:00,2
开伙,202,2025-04-08,18,18:16:00,2025-04-08T18:16:00+09:00,3
开伙,202,2025-04-08,09,09:16:00,2025-04-08T09:16:00+09:00,1
开伙,202,2025-04-08,10,10:42:00,2025-04-08T10:42:00+09:00,2
开伙,202,2025-04-08,07,07:25:00,2025-04-08T07:25:00+09:00,1
开伙,202,2025-04-08,25,01:07:00,2025-04-09T01:07:00+09:00,1
开伙,202,2025-04-08,17,17:44:00,2025-04-08T17:44:00+09:00,1
开伙,202,2025-04-08,20,20:02:00,2025-04-08T20:02:00+09:00,2
开伙,202,2025-04-08,21,21:36:00,2025-04-08T21:36:00+09:00,1
开伙,202,2025-04-08,26,02:03:00,2025-04-09T02:03:00+09:00,3
开伙,202,2025-04-08,15,15:23:00,2025-04-08T15:23:00+09:00,1
开伙,202,2025-04-08,26,02:51:00,2025-04-09T02:51:00+09:00,3
开伙,202,2025-04-08,26,02:09:00,2025-04-09T02:09:00+09:00,3
开伙,202,2025-04-08,23,23:26:00,2025-04-08T23:26:00+09:00,3
开伙,202,2025-04-08,05,05:22:00,2025-04-08T05:22:00+09:00,1
开伙,202,2025-04-08,11,11:50:00,2025-04-08T11:50:00+09:00,3
开伙,202,2025-04-08,04,04:59:00,2025-04-08T04:59:00+09:00,1
开伙,202,2025-04-08,19,19:51:00,2025-04-08T19:51:00+09:00,3
开伙,202,2025-04-08,09,09:50:00,2025-04-08T09:50:00+09:00,1
开伙,202,2025-04-08,05,05:43:00,2025-04-08T05:43:00+09:00,1
开伙,202,2025-04-08,25,01:18:00,2025-04-09T01:18:00+09:00,4
开伙,202,2025-04-08,25,01:23:00,2025-04-09T01:23:00+09:00,4
开伙,202,2025-04-08,23,23:52:00,2025-04-08T23:52:00+09:00,2
开伙,202,2025-04-08,15,15:07:00,2025-04-08T15:07:00+09:00,1
开伙,202,2025-04-08,21,21:27:00,2025-04-08T21:27:00+09:00,1
开伙,202,2025-04-08,10,10:44:00,2025-04-08T10:44:00+09:00,2
开伙,202,2025-04-08,12,12:47:00,2025-04-08T12:47:00+09:00,1
开伙,202,2025-04-08,21,21:43:00,2025-04-08T21:43:00+09:00,2
开伙,202,2025-04-08,11,11:09:00,2025-04-08T11:09:00+09:00,4
开伙,202,2025-04-08,10,10:07:00,2025-04-08T10:07:00+09:00,1
开伙,202,2025-04-08,17,17:37:00,2025-04-08T17:37:00+09:00,2
开伙,202,2025-04-08,05,05:53:00,2025-04-08T05:53:00+09:00,1
开伙,202,2025-04-08,22,22:38:00,2025-04-08T22:38:00+09:00,2
开伙,202,2025-04-08,26,02:20:00,2025-04-09T02:20:00+09:00,3
开伙,202,2025-04-08,25,01:20:00,2025-04-09T01:20:00+09:00,4
开伙,202,2025-04-08,12,12:07:00,2025-04-08T12:07:00+09:00,2
开伙,202,2025-04-08,07,07:42:00,2025-04-08T07:42:00+09:00,2
开伙,202,2025-04-08,21,21:42:00,2025-04-08T21:42:00+09:00,1
开伙,202,2025-04-08,09,09:38:00,2025-04-08T09:38:00+09:00,1
开伙,202,2025-04-08,10,10:43:00,2025-04-08T10:43:00+09:00,2
开伙,202,2025-04-08,25,01:33:00,2025-04-09T01:33:00+09:00,3
开伙,202,2025-04-08,24,00:35:00,2025-04-09T00:35:00+09:00,2
开伙,202,2025-04-08,04,04:09:00,2025-04-08T04:09:00+09:00,1
开伙,202,2025-04-08,05,05:28:00,2025-04-08T05:28:00+09:00,1
开伙,202,2025-04-08,25,01:10:00,2025-04-09T01:10:00+09:00,1
开伙,202,2025-04-08,13,13:25:00,2025-04-08T13:25:00+09:00,1
开伙,202,2025-04-08,16,16:15:00,2025-04-08T16:15:00+09:00,1
开伙,202,2025-04-08,15,15:44:00,2025-04-08T15:44:00+09:00,1
开伙,202,2025-04-08,16,16:59:00,2025-04-08T16:59:00+09:00,1
开伙,202,2025-04-08,11,11:26:00,2025-04-08T11:26:00+09:00,3
开伙,202,2025-04-08,18,18:02:00,2025-04-08T18:02:00+09:00,2
开伙,202,2025-04-08,16,16:35:00,2025-04-08T16:35:00+09:00,2
开伙,202,2025-04-08,25,01:42:00,2025-04-09T01:42:00+09:00,3
开伙,202,2025-04-08,12,12:10:00,2025-04-08T12:10:00+09:00,2
开伙,202,2025-04-08,16,16:17:00,2025-04-08T16:17:00+09:00,1
开伙,202,2025-04-08,22,22:57:00,2025-04-08T22:57:00+09:00,2
开伙,202,2025-04-08,24,00:47:00,2025-04-09T00:47:00+09:00,1
开伙,202,2025-04-08,15,15:20:00,2025-04-08T15:20:00+09:00,1
开伙,202,2025-04-08,08,08:12:00,2025-04-08T08:12:00+09:00,1
开伙,202,2025-04-08,06,06:27:00,2025-04-08T06:27:00+09:00,4
开伙,202,2025-04-08,22,22:25:00,2025-04-08T22:25:00+09:00,1
开伙,202,2025-04-08,19,19:15:00,2025-04-08T19:15:00+09:00,3
开伙,202,2025-04-08,23,23:43:00,2025-04-08T23:43:00+09:00,2
开伙,202,2025-04-08,23,23:30:00,2025-04-08T23:30:00+09:00,3
开伙,202,2025-04-08,11,11:11:00,2025-04-08T11:11:00+09:00,4
开伙,202,2025-04-08,17,17:35:00,2025-04-08T17:35:00+09:00,1
开伙,202,2025-04-08,18,18:45:00,2025-04-08T18:45:00+09:00,3
开伙,202,2025-04-08,23,23:47:00,2025-04-08T23:47:00+09:00,2
开伙,202,2025-04-08,18,18:19:00,2025-04-08T18:19:00+09:00,3
开伙,202,2025-04-08,11,11:24:00,2025-04-08T11:24:00+09:00,4
开伙,202,2025-04-08,11,11:59:00,2025-04-08T11:59:00+09:00,2
开伙,202,2025-04-08,25,01:46:00,2025-04-09T01:46:00+09:00,3
开伙,202,2025-04-08,07,07:11:00,2025-04-08T07:11:00+09:00,1
开伙,202,2025-04-08,18,18:44:00,2025-04-08T18:44:00+09:00,3
开伙,202,2025-04-08,14,14:53:00,2025-04-08T14:53:00+09:00,1
开伙,202,2025-04-08,24,00:16:00,2025-04-09T00:16:00+09:00,3
开伙,202,2025-04-08,11,11:08:00,2025-04-08T11:08:00+09:00,4
开伙,202,2025-04-08,06,06:44:00,2025-04-08T06:44:00+09:00,3
开伙,202,2025-04-08,06,06:49:00,2025-04-08T06:49:00+09:00,3
开伙,202,2025-04-08,12,12:48:00,2025-04-08T12:48:00+09:00,1
开伙,202,2025-04-08,21,21:21:00,2025-04-08T21:21:00+09:00,2
开伙,202,2025-04-08,04,04:06:00,2025-04-08T04:06:00+09:00,1
开伙,202,2025-04-08,13,13:59:00,2025-04-08T13:59:00+09:00,1
开伙,202,2025-04-08,21,21:16:00,2025-04-08T21:16:00+09:00,2
开伙,202,2025-04-08,26,02:23:00,2025-04-09T02:23:00+09:00,2
开伙,202,2025-04-08,11,11:05:00,2025-04-08T11:05:00+09:00,3
开伙,202,2025-04-08,20,20:59:00,2025-04-08T20:59:00+09:00,2
开伙,202,2025-04-08,21,21:10:00,2025-04-08T21:10:00+09:00,2
开伙,202,2025-04-08,09,09:48:00,2025-04-08T09:48:00+09:00,1
开伙,202,2025-04-08,25,01:26:00,2025-04-09T01:26:00+09:00,4
开伙,202,2025-04-08,09,09:45:00,2025-04-08T09:45:00+09:00,1
开伙,202,2025-04-08,17,17:09:00,2025-04-08T17:09:00+09:00,1
开伙,202,2025-04-08,17,17:27:00,2025-04-08T17:27:00+09:00,1
开伙,202,2025-04-08,07,07:48:00,2025-04-08T07:48:00+09:00,1
开伙,202,2025-04-08,12,12:54:00,2025-04-08T12:54:00+09:00,1
开伙,202,2025-04-08,13,13:08:00,2025-04-08T13:08:00+09:00,1
开伙,202,2025-04-08,26,02:08:00,2025-04-09T02:08:00+09:00,3
开伙,202,2025-04-08,26,02:39:00,2025-04-09T02:39:00+09:00,3
开伙,202,2025-04-08,25,01:29:00,2025-04-09T01:29:00+09:00,3
开伙,202,2025-04-08,20,20:49:00,2025-04-08T20:49:00+09:00,2
开伙,202,2025-04-08,23,23:03:00,2025-04-08T23:03:00+09:00,2
开伙,202,2025-04-08,27,03:53:00,2025-04-09T03:53:00+09:00,1
开伙,202,2025-04-08,14,14:36:00,2025-04-08T14:36:00+09:00,1
开伙,202,2025-04-08,14,14:22:00,2025-04-08T14:22:00+09:00,1
开伙,202,2025-04-08,22,22:21:00,2025-04-08T22:21:00+09:00,1
开伙,202,2025-04-08,12,12:32:00,2025-04-08T12:32:00+09:00,1
开伙,202,2025-04-08,15,15:50:00,2025-04-08T15:50:00+09:00,1
开伙,202,2025-04-08,08,08:42:00,2025-04-08T08:42:00+09:00,1
开伙,202,2025-04-08,11,11:38:00,2025-04-08T11:38:00+09:00,4
开伙,202,2025-04-08,17,17:32:00,2025-04-08T17:32:00+09:00,1
开伙,202,2025-04-08,09,09:36:00,2025-04-08T09:36:00+09:00,1
开伙,202,2025-04-08,05,05:47:00,2025-04-08T05:47:00+09:00,1
开伙,202,2025-04-08,05,05:57:00,2025-04-08T05:57:00+09:00,1
开伙,202,2025-04-08,21,21:33:00,2025-04-08T21:33:00+09:00,1
开伙,202,2025-04-08,05,05:03:00,2025-04-08T05:03:00+09:00,1
开伙,202,2025-04-08,26,02:47:00,2025-04-09T02:47:00+09:00,4
开伙,202,2025-04-08,04,04:57:00,2025-04-08T04:57:00+09:00,1
开伙,202,2025-04-08,27,03:15:00,2025-04-09T03:15:00+09:00,1
开伙,202,2025-04-08,27,03:03:00,2025-04-09T03:03:00+09:00,3
开伙,202,2025-04-08,23,23:36:00,2025-04-08T23:36:00+09:00,2
开伙,202,2025-04-08,10,10:20:00,2025-04-08T10:20:00+09:00,2
开伙,202,2025-04-08,14,14:39:00,2025-04-08T14:39:00+09:00,1
开伙,202,2025-04-08,15,15:45:00,2025-04-08T15:45:00+09:00,1
开伙,202,2025-04-08,10,10:52:00,2025-04-08T10:52:00+09:00,3
开伙,202,2025-04-08,18,18:15:00,2025-04-08T18:15:00+09:00,2
开伙,202,2025-04-08,06,06:34:00,2025-04-08T06:34:00+09:00,3
开伙,202,2025-04-08,22,22:17:00,2025-04-08T22:17:00+09:00,2
开伙,202,2025-04-08,04,04:44:00,2025-04-08T04:44:00+09:00,1
开伙,202,2025-04-08,04,04:23:00,2025-04-08T04:23:00+09:00,1
开伙,202,2025-04-08,13,13:54:00,2025-04-08T13:54:00+09:00,1
开伙,202,2025-04-08,15,15:26:00,2025-04-08T15:26:00+09:00,1
开伙,202,2025-04-08,23,23:55:00,2025-04-08T23:55:00+09:00,3
开伙,202,2025-04-08,13,13:18:00,2025-04-08T13:18:00+09:00,1
开伙,202,2025-04-08,09,09:21:00,2025-04-08T09:21:00+09:00,1
开伙,202,2025-04-08,16,16:23:00,2025-04-08T16:23:00+09:00,1
开伙,202,2025-04-08,26,02:21:00,2025-04-09T02:21:00+09:00,3
开伙,202,2025-04-08,13,13:58:00,2025-04-08T13:58:00+09:00,1
开伙,202,2025-04-08,14,14:14:00,2025-04-08T14:14:00+09:00,1
开伙,202,2025-04-08,16,16:43:00,2025-04-08T16:43:00+09:00,1
开伙,202,2025-04-08,12,12:25:00,2025-04-08T12:25:00+09:00,1
开伙,202,2025-04-08,16,16:47:00,2025-04-08T16:47:00+09:00,1
开伙,202,2025-04-08,08,08:54:00,2025-04-08T08:54:00+09:00,1
开伙,202,2025-04-08,25,01:25:00,2025-04-09T01:25:00+09:00,3
开伙,202,2025-04-08,13,13:57:00,2025-04-08T13:57:00+09:00,1
开伙,202,2025-04-08,21,21:03:00,2025-04-08T21:03:00+09:00,2
开伙,202,2025-04-08,26,02:58:00,2025-04-09T02:58:00+09:00,3
开伙,202,2025-04-08,09,09:44:00,2025-04-08T09:44:00+09:00,1
开伙,202,2025-04-08,14,14:11:00,2025-04-08T14:11:00+09:00,1
开伙,202,2025-04-08,26,02:43:00,2025-04-09T02:43:00+09:00,3
开伙,202,2025-04-08,09,09:11:00,2025-04-08T09:11:00+09:00,1
开伙,202,2025-04-08,16,16:33:00,2025-04-08T16:33:00+09:00,2
开伙,202,2025-04-08,17,17:31:00,2025-04-08T17:31:00+09:00,1
开伙,202,2025-04-08,08,08:03:00,2025-04-08T08:03:00+09:00,1
开伙,202,2025-04-08,16,16:25:00,2025-04-08T16:25:00+09:00,1
开伙,202,2025-04-08,05,05:30:00,2025-04-08T05:30:00+09:00,1
开伙,202,2025-04-08,22,22:32:00,2025-04-08T22:32:00+09:00,2
开伙,202,2025-04-08,25,01:38:00,2025-04-09T01:38:00+09:00,3
开伙,202,2025-04-08,09,09:02:00,2025-04-08T09:02:00+09:00,1
开伙,202,2025-04-08,24,00:48:00,2025-04-09T00:48:00+09:00,2
开伙,202,2025-04-08,20,20:37:00,2025-04-08T20:37:00+09:00,1
开伙,202,2025-04-08,23,23:32:00,2025-04-08T23:32:00+09:00,3
开伙,202,2025-04-08,05,05:33:00,2025-04-08T05:33:00+09:00,1
开伙,202,2025-04-08,26,02:30:00,2025-04-09T02:30:00+09:00,3
开伙,202,2025-04-08,12,12:34:00,2025-04-08T12:34:00+09:00,1
开伙,202,2025-04-08,19,19:19:00,2025-04-08T19:19:00+09:00,3
开伙,202,2025-04-08,19,19:38:00,2025-04-08T19:38:00+09:00,3
开伙,202,2025-04-08,12,12:39:00,2025-04-08T12:39:00+09:00,1
开伙,202,2025-04-08,20,20:18:00,2025-04-08T20:18:00+09:00,2
开伙,202,2025-04-08,11,11:33:00,2025-04-08T11:33:00+09:00,4
开伙,202,2025-04-08,12,12:56:00,2025-04-08T12:56:00+09:00,1
开伙,202,2025-04-08,27,03:29:00,2025-04-09T03:29:00+09:00,1
开伙,202,2025-04-08,11,11:01:00,2025-04-08T11:01:00+09:00,3
开伙,202,2025-04-08,11,11:03:00,2025-04-08T11:03:00+09:00,3
开伙,202,2025-04-08,27,03:47:00,2025-04-09T03:47:00+09:00,1
开伙,202,2025-04-08,08,08:38:00,2025-04-08T08:38:00+09:00,1
开伙,202,2025-04-08,06,06:14:00,2025-04-08T06:14:00+09:00,1
开伙,202,2025-04-08,18,18:13:00,2025-04-08T18:13:00+09:00,2
开伙,202,2025-04-08,04,04:39:00,2025-04-08T04:39:00+09:00,1
开伙,202,2025-04-08,18,18:43:00,2025-04-08T18:43:00+09:00,3
开伙,202,2025-04-08,11,11:25:00,2025-04-08T11:25:00+09:00,4
开伙,202,2025-04-08,24,00:18:00,2025-04-09T00:18:00+09:00,3
开伙,202,2025-04-08,10,10:33:00,2025-04-08T10:33:00+09:00,2
开伙,202,2025-04-08,24,00:38:00,2025-04-09T00:38:00+09:00,2
开伙,202,2025-04-08,06,06:48:00,2025-04-08T06:48:00+09:00,3
开伙,202,2025-04-08,10,10:36:00,2025-04-08T10:36:00+09:00,3
开伙,202,2025-04-08,19,19:26:00,2025-04-08T19:26:00+09:00,3
开伙,202,2025-04-08,07,07:05:00,2025-04-08T07:05:00+09:00,1
开伙,202,2025-04-08,10,10:22:00,2025-04-08T10:22:00+09:00,2
开伙,202,2025-04-08,11,11:06:00,2025-04-08T11:06:00+09:00,3
开伙,202,2025-04-08,07,07:53:00,2025-04-08T07:53:00+09:00,1
开伙,202,2025-04-08,21,21:17:00,2025-04-08T21:17:00+09:00,2
开伙,202,2025-04-08,18,18:56:00,2025-04-08T18:56:00+09:00,3
开伙,202,2025-04-08,22,22:54:00,2025-04-08T22:54:00+09:00,2
开伙,202,2025-04-08,19,19:23:00,2025-04-08T19:23:00+09:00,3
开伙,202,2025-04-08,09,09:42:00,2025-04-08T09:42:00+09:00,1
开伙,202,2025-04-08,21,21:23:00,2025-04-08T21:23:00+09:00,2
开伙,202,2025-04-08,24,00:19:00,2025-04-09T00:19:00+09:00,3
开伙,202,2025-04-08,06,06:20:00,2025-04-08T06:20:00+09:00,4
开伙,202,2025-04-08,25,01:31:00,2025-04-09T01:31:00+09:00,3
开伙,202,2025-04-08,04,04:53:00,2025-04-08T04:53:00+09:00,1
开伙,202,2025-04-08,18,18:00:00,2025-04-08T18:00:00+09:00,2
开伙,202,2025-04-08,24,00:10:00,2025-04-09T00:10:00+09:00,2
开伙,202,2025-04-08,16,16:27:00,2025-04-08T16:27:00+09:00,1
开伙,202,2025-04-08,21,21:40:00,2025-04-08T21:40:00+09:00,1
开伙,202,2025-04-08,10,10:57:00,2025-04-08T10:57:00+09:00,3
开伙,202,2025-04-08,25,01:27:00,2025-04-09T01:27:00+09:00,3
开伙,202,2025-04-08,25,01:55:00,2025-04-09T01:55:00+09:00,3
开伙,202,2025-04-08,18,18:54:00,2025-04-08T18:54:00+09:00,3
开伙,202,2025-04-08,11,11:32:00,2025-04-08T11:32:00+09:00,4
开伙,202,2025-04-08,17,17:43:00,2025-04-08T17:43:00+09:00,1
开伙,202,2025-04-08,05,05:11:00,2025-04-08T05:11:00+09:00,1
开伙,202,2025-04-08,17,17:41:00,2025-04-08T17:41:00+09:00,2
开伙,202,2025-04-08,26,02:41:00,2025-04-09T02:41:00+09:00,4
开伙,202,2025-04-08,12,12:33:00,2025-04-08T12:33:00+09:00,1
开伙,202,2025-04-08,27,03:01:00,2025-04-09T03:01:00+09:00,3
开伙,202,2025-04-08,10,10:17:00,2025-04-08T10:17:00+09:00,2
开伙,202,2025-04-08,08,08:34:00,2025-04-08T08:34:00+09:00,2
开伙,202,2025-04-08,21,21:57:00,2025-04-08T21:57:00+09:00,1
开伙,202,2025-04-08,21,21:35:00,2025-04-08T21:35:00+09:00,1
开伙,202,2025-04-08,16,16:31:00,2025-04-08T16:31:00+09:00,2
开伙,202,2025-04-08,27,03:26:00,2025-04-09T03:26:00+09:00,1
开伙,202,2025-04-08,09,09:51:00,2025-04-08T09:51:00+09:00,1
开伙,202,2025-04-08,12,12:18:00,2025-04-08T12:18:00+09:00,2
开伙,202,2025-04-08,04,04:00:00,2025-04-08T04:00:00+09:00,1
开伙,202,2025-04-08,10,10:05:00,2025-04-08T10:05:00+09:00,1
开伙,202,2025-04-08,18,18:42:00,2025-04-08T18:42:00+09:00,3
开伙,202,2025-04-08,27,03:49:00,2025-04-09T03:49:00+09:00,1
开伙,202,2025-04-08,08,08:18:00,2025-04-08T08:18:00+09:00,1
开伙,202,2025-04-08,09,09:14:00,2025-04-08T09:14:00+09:00,1
开伙,202,2025-04-08,20,20:20:00,2025-04-08T20:20:00+09:00,2
开伙,202,2025-04-08,06,06:51:00,2025-04-08T06:51:00+09:00,2
开伙,202,2025-04-08,24,00:24:00,2025-04-09T00:24:00+09:00,3
开伙,202,2025-04-08,09,09:09:00,2025-04-08T09:09:00+09:00,1
开伙,202,2025-04-08,16,16:29:00,2025-04-08T16:29:00+09:00,2
开伙,202,2025-04-08,18,18:57:00,2025-04-08T18:57:00+09:00,3
开伙,202,2025-04-08,11,11:47:00,2025-04-08T11:47:00+09:00,4
开伙,202,2025-04-08,12,12:05:00,2025-04-08T12:05:00+09:00,2
开伙,202,2025-04-08,19,19:25:00,2025-04-08T19:25:00+09:00,3
开伙,202,2025-04-08,14,14:31:00,2025-04-08T14:31:00+09:00,1
开伙,202,2025-04-08,15,15:35:00,2025-04-08T15:35:00+09:00,1
开伙,202,2025-04-08,08,08:25:00,2025-04-08T08:25:00+09:00,1
开伙,202,2025-04-08,19,19:20:00,2025-04-08T19:20:00+09:00,3
开伙,202,2025-04-08,07,07:32:00,2025-04-08T07:32:00+09:00,1
开伙,202,2025-04-08,20,20:01:00,2025-04-08T20:01:00+09:00,2
开伙,202,2025-04-08,22,22:55:00,2025-04-08T22:55:00+09:00,3
开伙,202,2025-04-08,10,10:46:00,2025-04-08T10:46:00+09:00,2
开伙,202,2025-04-08,09,09:47:00,2025-04-08T09:47:00+09:00,1
开伙,202,2025-04-08,22,22:51:00,2025-04-08T22:51:00+09:00,2
开伙,202,2025-04-08,18,18:33:00,2025-04-08T18:33:00+09:00,3
开伙,202,2025-04-08,13,13:44:00,2025-04-08T13:44:00+09:00,1
开伙,202,2025-04-08,05,05:29:00,2025-04-08T05:29:00+09:00,1
开伙,202,2025-04-08,26,02:02:00,2025-04-09T02:02:00+09:00,3
开伙,202,2025-04-08,26,02:56:00,2025-04-09T02:56:00+09:00,3
开伙,202,2025-04-08,26,02:28:00,2025-04-09T02:28:00+09:00,3
开伙,202,2025-04-08,13,13:52:00,2025-04-08T13:52:00+09:00,1
开伙,202,2025-04-08,16,16:01:00,2025-04-08T16:01:00+09:00,1
开伙,202,2025-04-08,14,14:23:00,2025-04-08T14:23:00+09:00,1
开伙,202,2025-04-08,20,20:30:00,2025-04-08T20:30:00+09:00,2
开伙,202,2025-04-08,23,23:37:00,2025-04-08T23:37:00+09:00,2
开伙,202,2025-04-08,24,00:49:00,2025-04-09T00:49:00+09:00,1
开伙,202,2025-04-08,20,20:19:00,2025-04-08T20:19:00+09:00,2
开伙,202,2025-04-08,25,01:53:00,2025-04-09T01:53:00+09:00,3
开伙,202,2025-04-08,25,01:48:00,2025-04-09T01:48:00+09:00,2
开伙,202,2025-04-08,21,21:34:00,2025-04-08T21:34:00+09:00,1
开伙,202,2025-04-08,24,00:45:00,2025-04-09T00:45:00+09:00,1
开伙,202,2025-04-08,22,22:58:00,2025-04-08T22:58:00+09:00,2
开伙,202,2025-04-08,11,11:51:00,2025-04-08T11:51:00+09:00,3
开伙,202,2025-04-08,22,22:09:00,2025-04-08T22:09:00+09:00,2
开伙,202,2025-04-08,19,19:21:00,2025-04-08T19:21:00+09:00,3
开伙,202,2025-04-08,24,00:27:00,2025-04-09T00:27:00+09:00,3
开伙,202,2025-04-08,22,22:33:00,2025-04-08T22:33:00+09:00,2
开伙,202,2025-04-08,22,22:52:00,2025-04-08T22:52:00+09:00,2
开伙,202,2025-04-08,13,13:51:00,2025-04-08T13:51:00+09:00,1
开伙,202,2025-04-08,11,11:23:00,2025-04-08T11:23:00+09:00,4
开伙,202,2025-04-08,23,23:56:00,2025-04-08T23:56:00+09:00,3
开伙,202,2025-04-08,22,22:16:00,2025-04-08T22:16:00+09:00,2
开伙,202,2025-04-08,09,09:20:00,2025-04-08T09:20:00+09:00,1
开伙,202,2025-04-08,13,13:19:00,2025-04-08T13:19:00+09:00,1
开伙,202,2025-04-08,21,21:15:00,2025-04-08T21:15:00+09:00,2
开伙,202,2025-04-08,04,04:03:00,2025-04-08T04:03:00+09:00,1
开伙,202,2025-04-08,13,13:39:00,2025-04-08T13:39:00+09:00,1
开伙,202,2025-04-08,09,09:37:00,2025-04-08T09:37:00+09:00,1
开伙,202,2025-04-08,17,17:06:00,2025-04-08T17:06:00+09:00,1
开伙,202,2025-04-08,08,08:08:00,2025-04-08T08:08:00+09:00,1
开伙,202,2025-04-08,15,15:40:00,2025-04-08T15:40:00+09:00,1
开伙,202,2025-04-08,26,02:00:00,2025-04-09T02:00:00+09:00,3
开伙,202,2025-04-08,09,09:52:00,2025-04-08T09:52:00+09:00,1
开伙,202,2025-04-08,24,00:59:00,2025-04-09T00:59:00+09:00,3
开伙,202,2025-04-08,18,18:21:00,2025-04-08T18:21:00+09:00,3
开伙,202,2025-04-08,16,16:38:00,2025-04-08T16:38:00+09:00,1
开伙,202,2025-04-08,11,11:20:00,2025-04-08T11:20:00+09:00,4
开伙,202,2025-04-08,11,11:21:00,2025-04-08T11:21:00+09:00,4
开伙,202,2025-04-08,21,21:08:00,2025-04-08T21:08:00+09:00,2
开伙,202,2025-04-08,14,14:35:00,2025-04-08T14:35:00+09:00,1
开伙,202,2025-04-08,16,16:34:00,2025-04-08T16:34:00+09:00,2
开伙,202,2025-04-08,19,19:56:00,2025-04-08T19:56:00+09:00,3
开伙,202,2025-04-08,11,11:28:00,2025-04-08T11:28:00+09:00,4
开伙,202,2025-04-08,17,17:14:00,2025-04-08T17:14:00+09:00,1
开伙,202,2025-04-08,19,19:22:00,2025-04-08T19:22:00+09:00,3
开伙,202,2025-04-08,07,07:59:00,2025-04-08T07:59:00+09:00,1
开伙,202,2025-04-08,15,15:15:00,2025-04-08T15:15:00+09:00,1
开伙,202,2025-04-08,07,07:29:00,2025-04-08T07:29:00+09:00,1
开伙,202,2025-04-08,05,05:58:00,2025-04-08T05:58:00+09:00,1
开伙,202,2025-04-08,07,07:55:00,2025-04-08T07:55:00+09:00,1
开伙,202,2025-04-08,07,07:56:00,2025-04-08T07:56:00+09:00,1
开伙,202,2025-04-08,19,19:44:00,2025-04-08T19:44:00+09:00,3
开伙,202,2025-04-08,17,17:20:00,2025-04-08T17:20:00+09:00,1
开伙,202,2025-04-08,07,07:50:00,2025-04-08T07:50:00+09:00,1
开伙,202,2025-04-08,11,11:04:00,2025-04-08T11:04:00+09:00,3
开伙,202,2025-04-08,27,03:33:00,2025-04-09T03:33:00+09:00,1
开伙,202,2025-04-08,17,17:29:00,2025-04-08T17:29:00+09:00,1
开伙,202,2025-04-08,13,13:35:00,2025-04-08T13:35:00+09:00,1
开伙,202,2025-04-08,11,11:53:00,2025-04-08T11:53:00+09:00,3
开伙,202,2025-04-08,17,17:00:00,2025-04-08T17:00:00+09:00,1
开伙,202,2025-04-08,27,03:12:00,2025-04-09T03:12:00+09:00,1
开伙,202,2025-04-08,27,03:13:00,2025-04-09T03:13:00+09:00,1
开伙,202,2025-04-08,06,06:13:00,2025-04-08T06:13:00+09:00,1
开伙,202,2025-04-08,10,10:04:00,2025-04-08T10:04:00+09:00,1
开伙,202,2025-04-08,16,16:57:00,2025-04-08T16:57:00+09:00,1
开伙,202,2025-04-08,21,21:54:00,2025-04-08T21:54:00+09:00,1
开伙,202,2025-04-08,06,06:47:00,2025-04-08T06:47:00+09:00,3
开伙,202,2025-04-08,12,12:20:00,2025-04-08T12:20:00+09:00,2
开伙,202,2025-04-08,18,18:58:00,2025-04-08T18:58:00+09:00,3
开伙,202,2025-04-08,05,05:50:00,2025-04-08T05:50:00+09:00,1
开伙,202,2025-04-08,06,06:21:00,2025-04-08T06:21:00+09:00,3
开伙,202,2025-04-08,17,17:03:00,2025-04-08T17:03:00+09:00,1
开伙,202,2025-04-08,04,04:26:00,2025-04-08T04:26:00+09:00,1
开伙,202,2025-04-08,25,01:49:00,2025-04-09T01:49:00+09:00,2
开伙,202,2025-04-08,15,15:53:00,2025-04-08T15:53:00+09:00,1
开伙,202,2025-04-08,18,18:28:00,2025-04-08T18:28:00+09:00,3
开伙,202,2025-04-08,27,03:57:00,2025-04-09T03:57:00+09:00,1
开伙,202,2025-04-08,16,16:58:00,2025-04-08T16:58:00+09:00,1
开伙,202,2025-04-08,22,22:00:00,2025-04-08T22:00:00+09:00,1
开伙,202,2025-04-08,12,12:27:00,2025-04-08T12:27:00+09:00,1
开伙,202,2025-04-08,19,19:05:00,2025-04-08T19:05:00+09:00,3
开伙,202,2025-04-08,15,15:28:00,2025-04-08T15:28:00+09:00,1
开伙,202,2025-04-08,18,18:10:00,2025-04-08T18:10:00+09:00,2
开伙,202,2025-04-08,04,04:35:00,2025-04-08T04:35:00+09:00,1
开伙,202,2025-04-08,04,04:36:00,2025-04-08T04:36:00+09:00,1
开伙,202,2025-04-08,21,21:05:00,2025-04-08T21:05:00+09:00,2
开伙,202,2025-04-08,09,09:57:00,2025-04-08T09:57:00+09:00,1
开伙,202,2025-04-08,16,16:09:00,2025-04-08T16:09:00+09:00,1
开伙,202,2025-04-08,08,08:30:00,2025-04-08T08:30:00+09:00,1
开伙,202,2025-04-08,23,23:11:00,2025-04-08T23:11:00+09:00,2
开伙,202,2025-04-08,05,05:10:00,2025-04-08T05:10:00+09:00,1
开伙,202,2025-04-08,08,08:13:00,2025-04-08T08:13:00+09:00,1
开伙,202,2025-04-08,05,05:09:00,2025-04-08T05:09:00+09:00,1
开伙,202,2025-04-08,06,06:28:00,2025-04-08T06:28:00+09:00,2
开伙,202,2025-04-08,22,22:26:00,2025-04-08T22:26:00+09:00,2
开伙,202,2025-04-08,09,09:25:00,2025-04-08T09:25:00+09:00,1
开伙,202,2025-04-08,27,03:04:00,2025-04-09T03:04:00+09:00,2
开伙,202,2025-04-08,13,13:40:00,2025-04-08T13:40:00+09:00,1
开伙,202,2025-04-08,20,20:26:00,2025-04-08T20:26:00+09:00,1
开伙,202,2025-04-08,21,21:13:00,2025-04-08T21:13:00+09:00,1
开伙,202,2025-04-08,23,23:22:00,2025-04-08T23:22:00+09:00,3
开伙,202,2025-04-08,05,05:42:00,2025-04-08T05:42:00+09:00,1
开伙,202,2025-04-08,24,00:53:00,2025-04-09T00:53:00+09:00,2
开伙,202,2025-04-08,09,09:41:00,2025-04-08T09:41:00+09:00,1
开伙,202,2025-04-08,10,10:06:00,2025-04-08T10:06:00+09:00,1
开伙,202,2025-04-08,25,01:41:00,2025-04-09T01:41:00+09:00,2
开伙,202,2025-04-08,25,01:45:00,2025-04-09T01:45:00+09:00,3
开伙,202,2025-04-08,19,19:35:00,2025-04-08T19:35:00+09:00,3
开伙,202,2025-04-08,06,06:01:00,2025-04-08T06:01:00+09:00,1
开伙,202,2025-04-08,15,15:30:00,2025-04-08T15:30:00+09:00,1
开伙,202,2025-04-08,24,00:29:00,2025-04-09T00:29:00+09:00,2
开伙,202,2025-04-08,07,07:06:00,2025-04-08T07:06:00+09:00,1
开伙,202,2025-04-08,06,06:43:00,2025-04-08T06:43:00+09:00,4
开伙,202,2025-04-08,12,12:49:00,2025-04-08T12:49:00+09:00,1
开伙,202,2025-04-08,22,22:14:00,2025-04-08T22:14:00+09:00,2
开伙,202,2025-04-08,04,04:15:00,2025-04-08T04:15:00+09:00,1
开伙,202,2025-04-08,04,04:32:00,2025-04-08T04:32:00+09:00,1
开伙,202,2025-04-08,19,19:24:00,2025-04-08T19:24:00+09:00,3
开伙,202,2025-04-08,09,09:43:00,2025-04-08T09:43:00+09:00,1
开伙,202,2025-04-08,21,21:41:00,2025-04-08T21:41:00+09:00,1
开伙,202,2025-04-08,06,06:03:00,2025-04-08T06:03:00+09:00,1
开伙,202,2025-04-08,12,12:37:00,2025-04-08T12:37:00+09:00,1
开伙,202,2025-04-08,25,01:32:00,2025-04-09T01:32:00+09:00,3
开伙,202,2025-04-08,23,23:08:00,2025-04-08T23:08:00+09:00,2
开伙,202,2025-04-08,26,02:57:00,2025-04-09T02:57:00+09:00,3
开伙,202,2025-04-08,17,17:33:00,2025-04-08T17:33:00+09:00,1
开伙,202,2025-04-08,07,07:47:00,2025-04-08T07:47:00+09:00,1
开伙,202,2025-04-08,14,14:04:00,2025-04-08T14:04:00+09:00,1
开伙,202,2025-04-08,05,05:06:00,2025-04-08T05:06:00+09:00,1
开伙,202,2025-04-08,24,00:31:00,2025-04-09T00:31:00+09:00,2
开伙,202,2025-04-08,08,08:19:00,2025-04-08T08:19:00+09:00,1
开伙,202,2025-04-08,20,20:21:00,2025-04-08T20:21:00+09:00,2
开伙,202,2025-04-08,20,20:22:00,2025-04-08T20:22:00+09:00,2
开伙,202,2025-04-08,04,04:30:00,2025-04-08T04:30:00+09:00,1
开伙,202,2025-04-08,04,04:50:00,2025-04-08T04:50:00+09:00,1
开伙,202,2025-04-08,08,08:45:00,2025-04-08T08:45:00+09:00,1
开伙,202,2025-04-08,18,18:49:00,2025-04-08T18:49:00+09:00,3
开伙,202,2025-04-08,22,22:23:00,2025-04-08T22:23:00+09:00,1
开伙,202,2025-04-08,20,20:13:00,2025-04-08T20:13:00+09:00,2
开伙,202,2025-04-08,26,02:34:00,2025-04-09T02:34:00+09:00,3
开伙,202,2025-04-08,17,17:30:00,2025-04-08T17:30:00+09:00,1
开伙,202,2025-04-08,05,05:13:00,2025-04-08T05:13:00+09:00,1
开伙,202,2025-04-08,05,05:08:00,2025-04-08T05:08:00+09:00,1
开伙,202,2025-04-08,05,05:19:00,2025-04-08T05:19:00+09:00,1
开伙,202,2025-04-08,06,06:53:00,2025-04-08T06:53:00+09:00,2
开伙,202,2025-04-08,09,09:27:00,2025-04-08T09:27:00+09:00,1
开伙,202,2025-04-08,19,19:39:00,2025-04-08T19:39:00+09:00,3
开伙,202,2025-04-08,13,13:12:00,2025-04-08T13:12:00+09:00,1
开伙,202,2025-04-08,11,11:00:00,2025-04-08T11:00:00+09:00,3
开伙,202,2025-04-08,16,16:21:00,2025-04-08T16:21:00+09:00,1
开伙,202,2025-04-08,07,07:35:00,2025-04-08T07:35:00+09:00,1
开伙,202,2025-04-08,21,21:06:00,2025-04-08T21:06:00+09:00,2
开伙,202,2025-04-08,15,15:55:00,2025-04-08T15:55:00+09:00,1
开伙,202,2025-04-08,08,08:37:00,2025-04-08T08:37:00+09:00,1
开伙,202,2025-04-08,23,23:38:00,2025-04-08T23:38:00+09:00,2
开伙,202,2025-04-08,10,10:53:00,2025-04-08T10:53:00+09:00,3
开伙,202,2025-04-08,25,01:09:00,2025-04-09T01:09:00+09:00,2
开伙,202,2025-04-08,19,19:43:00,2025-04-08T19:43:00+09:00,3
开伙,202,2025-04-08,06,06:00:00,2025-04-08T06:00:00+09:00,1
开伙,202,2025-04-08,06,06:41:00,2025-04-08T06:41:00+09:00,4
开伙,202,2025-04-08,24,00:17:00,2025-04-09T00:17:00+09:00,3
开伙,202,2025-04-08,25,01:03:00,2025-04-09T01:03:00+09:00,3
开伙,202,2025-04-08,12,12:46:00,2025-04-08T12:46:00+09:00,1
开伙,202,2025-04-08,17,17:15:00,2025-04-08T17:15:00+09:00,1
开伙,202,2025-04-08,21,21:12:00,2025-04-08T21:12:00+09:00,1
开伙,202,2025-04-08,15,15:33:00,2025-04-08T15:33:00+09:00,1
开伙,202,2025-04-08,21,21:50:00,2025-04-08T21:50:00+09:00,2
开伙,202,2025-04-08,06,06:45:00,2025-04-08T06:45:00+09:00,3
开伙,202,2025-04-08,27,03:24:00,2025-04-09T03:24:00+09:00,1
开伙,202,2025-04-08,21,21:22:00,2025-04-08T21:22:00+09:00,2
开伙,202,2025-04-08,11,11:07:00,2025-04-08T11:07:00+09:00,3
开伙,202,2025-04-08,22,22:19:00,2025-04-08T22:19:00+09:00,1
开伙,202,2025-04-08,07,07:33:00,2025-04-08T07:33:00+09:00,1
开伙,202,2025-04-08,20,20:46:00,2025-04-08T20:46:00+09:00,2
开伙,202,2025-04-08,08,08:26:00,2025-04-08T08:26:00+09:00,1
开伙,202,2025-04-08,15,15:41:00,2025-04-08T15:41:00+09:00,1
开伙,202,2025-04-08,14,14:03:00,2025-04-08T14:03:00+09:00,1
开伙,202,2025-04-08,12,12:00:00,2025-04-08T12:00:00+09:00,3
开伙,202,2025-04-08,21,21:52:00,2025-04-08T21:52:00+09:00,2
开伙,202,2025-04-08,23,23:46:00,2025-04-08T23:46:00+09:00,2
开伙,202,2025-04-08,27,03:11:00,2025-04-09T03:11:00+09:00,1
开伙,202,2025-04-08,09,09:31:00,2025-04-08T09:31:00+09:00,1
开伙,202,2025-04-08,07,07:21:00,2025-04-08T07:21:00+09:00,2
开伙,202,2025-04-08,18,18:37:00,2025-04-08T18:37:00+09:00,3
开伙,202,2025-04-08,15,15:27:00,2025-04-08T15:27:00+09:00,1
开伙,202,2025-04-08,12,12:29:00,2025-04-08T12:29:00+09:00,1
开伙,202,2025-04-08,26,02:14:00,2025-04-09T02:14:00+09:00,4
开伙,202,2025-04-08,18,18:29:00,2025-04-08T18:29:00+09:00,3
开伙,202,2025-04-08,18,18:14:00,2025-04-08T18:14:00+09:00,2
开伙,202,2025-04-08,18,18:36:00,2025-04-08T18:36:00+09:00,3
开伙,202,2025-04-08,19,19:00:00,2025-04-08T19:00:00+09:00,3
开伙,202,2025-04-08,17,17:34:00,2025-04-08T17:34:00+09:00,1
开伙,202,2025-04-08,08,08:39:00,2025-04-08T08:39:00+09:00,1
开伙,202,2025-04-08,22,22:08:00,2025-04-08T22:08:00+09:00,3
开伙,202,2025-04-08,19,19:49:00,2025-04-08T19:49:00+09:00,3
开伙,202,2025-04-08,21,21:56:00,2025-04-08T21:56:00+09:00,1
开伙,202,2025-04-08,21,21:49:00,2025-04-08T21:49:00+09:00,2
开伙,202,2025-04-08,20,20:50:00,2025-04-08T20:50:00+09:00,2
开伙,202,2025-04-08,25,01:40:00,2025-04-09T01:40:00+09:00,3
开伙,202,2025-04-08,15,15:18:00,2025-04-08T15:18:00+09:00,1
开伙,202,2025-04-08,15,15:47:00,2025-04-08T15:47:00+09:00,1
开伙,202,2025-04-08,13,13:49:00,2025-04-08T13:49:00+09:00,1
开伙,202,2025-04-08,25,01:50:00,2025-04-09T01:50:00+09:00,2
开伙,202,2025-04-08,17,17:22:00,2025-04-08T17:22:00+09:00,1
开伙,202,2025-04-08,07,07:37:00,2025-04-08T07:37:00+09:00,1
开伙,202,2025-04-08,15,15:05:00,2025-04-08T15:05:00+09:00,1
开伙,202,2025-04-08,26,02:29:00,2025-04-09T02:29:00+09:00,3
开伙,202,2025-04-08,12,12:12:00,2025-04-08T12:12:00+09:00,2
开伙,202,2025-04-08,19,19:36:00,2025-04-08T19:36:00+09:00,4
开伙,202,2025-04-08,24,00:04:00,2025-04-09T00:04:00+09:00,2
开伙,202,2025-04-08,20,20:38:00,2025-04-08T20:38:00+09:00,1
开伙,202,2025-04-08,07,07:54:00,2025-04-08T07:54:00+09:00,1
开伙,202,2025-04-08,21,21:14:00,2025-04-08T21:14:00+09:00,1
开伙,202,2025-04-08,04,04:21:00,2025-04-08T04:21:00+09:00,1
开伙,202,2025-04-08,24,00:26:00,2025-04-09T00:26:00+09:00,3
开伙,202,2025-04-08,13,13:03:00,2025-04-08T13:03:00+09:00,1
开伙,202,2025-04-08,13,13:04:00,2025-04-08T13:04:00+09:00,1
开伙,202,2025-04-08,17,17:58:00,2025-04-08T17:58:00+09:00,2
开伙,202,2025-04-08,08,08:55:00,2025-04-08T08:55:00+09:00,1
开伙,202,2025-04-08,08,08:56:00,2025-04-08T08:56:00+09:00,1
开伙,202,2025-04-08,23,23:49:00,2025-04-08T23:49:00+09:00,2
开伙,202,2025-04-08,22,22:41:00,2025-04-08T22:41:00+09:00,2
开伙,202,2025-04-08,19,19:54:00,2025-04-08T19:54:00+09:00,3
开伙,202,2025-04-08,17,17:07:00,2025-04-08T17:07:00+09:00,1
开伙,202,2025-04-08,21,21:37:00,2025-04-08T21:37:00+09:00,1
开伙,202,2025-04-08,13,13:26:00,2025-04-08T13:26:00+09:00,1
开伙,202,2025-04-08,20,20:00:00,2025-04-08T20:00:00+09:00,2
开伙,202,2025-04-08,10,10:19:00,2025-04-08T10:19:00+09:00,2
开伙,202,2025-04-08,09,09:30:00,2025-04-08T09:30:00+09:00,1
开伙,202,2025-04-08,19,19:34:00,2025-04-08T19:34:00+09:00,3
开伙,202,2025-04-08,04,04:27:00,2025-04-08T04:27:00+09:00,1
开伙,202,2025-04-08,15,15:42:00,2025-04-08T15:42:00+09:00,1
开伙,202,2025-04-08,04,04:48:00,2025-04-08T04:48:00+09:00,1
开伙,202,2025-04-08,13,13:05:00,2025-04-08T13:05:00+09:00,1
开伙,202,2025-04-08,22,22:29:00,2025-04-08T22:29:00+09:00,2
开伙,202,2025-04-08,16,16:12:00,2025-04-08T16:12:00+09:00,1
开伙,202,2025-04-08,06,06:26:00,2025-04-08T06:26:00+09:00,4
开伙,202,2025-04-08,14,14:25:00,2025-04-08T14:25:00+09:00,1
开伙,202,2025-04-08,23,23:20:00,2025-04-08T23:20:00+09:00,3
开伙,202,2025-04-08,05,05:44:00,2025-04-08T05:44:00+09:00,1
开伙,202,2025-04-08,23,23:44:00,2025-04-08T23:44:00+09:00,3
开伙,202,2025-04-08,12,12:19:00,2025-04-08T12:19:00+09:00,2
开伙,202,2025-04-08,18,18:23:00,2025-04-08T18:23:00+09:00,3
开伙,202,2025-04-08,10,10:30:00,2025-04-08T10:30:00+09:00,2
开伙,202,2025-04-08,23,23:39:00,2025-04-08T23:39:00+09:00,2
开伙,202,2025-04-08,17,17:47:00,2025-04-08T17:47:00+09:00,2
开伙,202,2025-04-08,18,18:07:00,2025-04-08T18:07:00+09:00,2
开伙,202,2025-04-08,04,04:37:00,2025-04-08T04:37:00+09:00,1
开伙,202,2025-04-08,14,14:52:00,2025-04-08T14:52:00+09:00,1
开伙,202,2025-04-08,10,10:41:00,2025-04-08T10:41:00+09:00,2
开伙,202,2025-04-08,11,11:18:00,2025-04-08T11:18:00+09:00,4
开伙,202,2025-04-08,11,11:19:00,2025-04-08T11:19:00+09:00,4
开伙,202,2025-04-08,27,03:41:00,2025-04-09T03:41:00+09:00,1
开伙,202,2025-04-08,19,19:28:00,2025-04-08T19:28:00+09:00,3
开伙,202,2025-04-08,19,19:09:00,2025-04-08T19:09:00+09:00,3
开伙,202,2025-04-08,15,15:29:00,2025-04-08T15:29:00+09:00,1
开伙,202,2025-04-08,25,01:06:00,2025-04-09T01:06:00+09:00,2
开伙,202,2025-04-08,22,22:22:00,2025-04-08T22:22:00+09:00,1
开伙,202,2025-04-08,26,02:22:00,2025-04-09T02:22:00+09:00,2
开伙,202,2025-04-08,23,23:05:00,2025-04-08T23:05:00+09:00,2
开伙,202,2025-04-08,12,12:44:00,2025-04-08T12:44:00+09:00,1
开伙,202,2025-04-08,09,09:59:00,2025-04-08T09:59:00+09:00,1
开伙,202,2025-04-08,06,06:07:00,2025-04-08T06:07:00+09:00,3
开伙,202,2025-04-08,16,16:41:00,2025-04-08T16:41:00+09:00,1
开伙,202,2025-04-08,16,16:53:00,2025-04-08T16:53:00+09:00,1
开伙,202,2025-04-08,19,19:59:00,2025-04-08T19:59:00+09:00,2
开伙,202,2025-04-08,23,23:17:00,2025-04-08T23:17:00+09:00,2
开伙,202,2025-04-08,12,12:53:00,2025-04-08T12:53:00+09:00,1
开伙,202,2025-04-08,23,23:57:00,2025-04-08T23:57:00+09:00,3
开伙,202,2025-04-08,26,02:55:00,2025-04-09T02:55:00+09:00,3
开伙,202,2025-04-08,26,02:24:00,2025-04-09T02:24:00+09:00,2
开伙,202,2025-04-08,26,02:49:00,2025-04-09T02:49:00+09:00,4
开伙,202,2025-04-08,19,19:10:00,2025-04-08T19:10:00+09:00,3
开伙,202,2025-04-08,10,10:51:00,2025-04-08T10:51:00+09:00,2
开伙,202,2025-04-08,08,08:15:00,2025-04-08T08:15:00+09:00,1
开伙,202,2025-04-08,13,13:38:00,2025-04-08T13:38:00+09:00,1
开伙,202,2025-04-08,14,14:32:00,2025-04-08T14:32:00+09:00,1
开伙,202,2025-04-08,09,09:06:00,2025-04-08T09:06:00+09:00,1
开伙,202,2025-04-08,27,03:51:00,2025-04-09T03:51:00+09:00,1
开伙,202,2025-04-08,17,17:49:00,2025-04-08T17:49:00+09:00,2
开伙,202,2025-04-08,06,06:35:00,2025-04-08T06:35:00+09:00,3
开伙,202,2025-04-08,07,07:41:00,2025-04-08T07:41:00+09:00,2
开伙,202,2025-04-08,15,15:19:00,2025-04-08T15:19:00+09:00,1
开伙,202,2025-04-08,08,08:41:00,2025-04-08T08:41:00+09:00,1
开伙,202,2025-04-08,23,23:29:00,2025-04-08T23:29:00+09:00,3
开伙,202,2025-04-08,07,07:18:00,2025-04-08T07:18:00+09:00,1
开伙,202,2025-04-08,20,20:12:00,2025-04-08T20:12:00+09:00,2
开伙,202,2025-04-08,19,19:31:00,2025-04-08T19:31:00+09:00,3
开伙,202,2025-04-08,16,16:14:00,2025-04-08T16:14:00+09:00,1
开伙,202,2025-04-08,08,08:32:00,2025-04-08T08:32:00+09:00,1
开伙,202,2025-04-08,18,18:18:00,2025-04-08T18:18:00+09:00,3
开伙,202,2025-04-08,15,15:56:00,2025-04-08T15:56:00+09:00,1
开伙,202,2025-04-08,08,08:52:00,2025-04-08T08:52:00+09:00,1
开伙,202,2025-04-08,18,18:46:00,2025-04-08T18:46:00+09:00,3
开伙,202,2025-04-08,18,18:30:00,2025-04-08T18:30:00+09:00,4
开伙,202,2025-04-08,04,04:38:00,2025-04-08T04:38:00+09:00,1
开伙,202,2025-04-08,15,15:57:00,2025-04-08T15:57:00+09:00,1
开伙,202,2025-04-08,17,17:36:00,2025-04-08T17:36:00+09:00,2
开伙,202,2025-04-08,04,04:10:00,2025-04-08T04:10:00+09:00,1
开伙,202,2025-04-08,09,09:46:00,2025-04-08T09:46:00+09:00,1
开伙,202,2025-04-08,15,15:09:00,2025-04-08T15:09:00+09:00,1
开伙,202,2025-04-08,06,06:11:00,2025-04-08T06:11:00+09:00,1
开伙,202,2025-04-08,25,01:35:00,2025-04-09T01:35:00+09:00,3
开伙,202,2025-04-08,06,06:02:00,2025-04-08T06:02:00+09:00,1
开伙,202,2025-04-08,09,09:15:00,2025-04-08T09:15:00+09:00,1
开伙,202,2025-04-08,10,10:45:00,2025-04-08T10:45:00+09:00,2
开伙,202,2025-04-08,18,18:27:00,2025-04-08T18:27:00+09:00,3
开伙,202,2025-04-08,22,22:03:00,2025-04-08T22:03:00+09:00,2
开伙,202,2025-04-08,25,01:08:00,2025-04-09T01:08:00+09:00,2
开伙,202,2025-04-08,13,13:09:00,2025-04-08T13:09:00+09:00,1
开伙,202,2025-04-08,26,02:27:00,2025-04-09T02:27:00+09:00,3
开伙,202,2025-04-08,13,13:29:00,2025-04-08T13:29:00+09:00,1
开伙,202,2025-04-08,16,16:00:00,2025-04-08T16:00:00+09:00,1
开伙,202,2025-04-08,27,03:10:00,2025-04-09T03:10:00+09:00,1
开伙,202,2025-04-08,08,08:51:00,2025-04-08T08:51:00+09:00,1
开伙,202,2025-04-08,11,11:54:00,2025-04-08T11:54:00+09:00,3
开伙,202,2025-04-08,20,20:39:00,2025-04-08T20:39:00+09:00,1
开伙,202,2025-04-08,04,04:55:00,2025-04-08T04:55:00+09:00,1
开伙,202,2025-04-08,16,16:51:00,2025-04-08T16:51:00+09:00,1
开伙,202,2025-04-08,25,01:43:00,2025-04-09T01:43:00+09:00,3
开伙,202,2025-04-08,25,01:54:00,2025-04-09T01:54:00+09:00,3
开伙,202,2025-04-08,24,00:57:00,2025-04-09T00:57:00+09:00,2
开伙,202,2025-04-08,24,00:58:00,2025-04-09T00:58:00+09:00,3
开伙,202,2025-04-08,05,05:36:00,2025-04-08T05:36:00+09:00,1
开伙,202,2025-04-08,06,06:29:00,2025-04-08T06:29:00+09:00,2
开伙,202,2025-04-08,21,21:00:00,2025-04-08T21:00:00+09:00,2
开伙,202,2025-04-08,06,06:58:00,2025-04-08T06:58:00+09:00,1
开伙,202,2025-04-08,07,07:13:00,2025-04-08T07:13:00+09:00,1
开伙,202,2025-04-08,06,06:23:00,2025-04-08T06:23:00+09:00,3
开伙,202,2025-04-08,16,16:07:00,2025-04-08T16:07:00+09:00,1
开伙,202,2025-04-08,22,22:45:00,2025-04-08T22:45:00+09:00,2
开伙,202,2025-04-08,15,15:02:00,2025-04-08T15:02:00+09:00,1
开伙,202,2025-04-08,14,14:43:00,2025-04-08T14:43:00+09:00,1
开伙,202,2025-04-08,06,06:17:00,2025-04-08T06:17:00+09:00,2
开伙,202,2025-04-08,14,14:48:00,2025-04-08T14:48:00+09:00,1
开伙,202,2025-04-08,21,21:24:00,2025-04-08T21:24:00+09:00,1
开伙,202,2025-04-08,22,22:44:00,2025-04-08T22:44:00+09:00,2
开伙,202,2025-04-08,27,03:42:00,2025-04-09T03:42:00+09:00,1
开伙,202,2025-04-08,21,21:29:00,2025-04-08T21:29:00+09:00,1
开伙,202,2025-04-08,25,01:02:00,2025-04-09T01:02:00+09:00,3
开伙,202,2025-04-08,19,19:41:00,2025-04-08T19:41:00+09:00,3
开伙,202,2025-04-08,21,21:51:00,2025-04-08T21:51:00+09:00,2
开伙,202,2025-04-08,06,06:46:00,2025-04-08T06:46:00+09:00,3
开伙,202,2025-04-08,25,01:12:00,2025-04-09T01:12:00+09:00,2
开伙,202,2025-04-08,04,04:45:00,2025-04-08T04:45:00+09:00,1
开伙,202,2025-04-08,11,11:42:00,2025-04-08T11:42:00+09:00,4
开伙,202,2025-04-08,11,11:46:00,2025-04-08T11:46:00+09:00,4
开伙,202,2025-04-08,04,04:07:00,2025-04-08T04:07:00+09:00,1
开伙,202,2025-04-08,04,04:25:00,2025-04-08T04:25:00+09:00,1
开伙,202,2025-04-08,19,19:45:00,2025-04-08T19:45:00+09:00,3
开伙,202,2025-04-08,13,13:21:00,2025-04-08T13:21:00+09:00,1
开伙,202,2025-04-08,20,20:53:00,2025-04-08T20:53:00+09:00,1
开伙,202,2025-04-08,26,02:05:00,2025-04-09T02:05:00+09:00,3
开伙,202,2025-04-08,26,02:33:00,2025-04-09T02:33:00+09:00,4
开伙,202,2025-04-08,25,01:11:00,2025-04-09T01:11:00+09:00,2
开伙,202,2025-04-08,23,23:04:00,2025-04-08T23:04:00+09:00,2
开伙,202,2025-04-08,19,19:33:00,2025-04-08T19:33:00+09:00,3
开伙,202,2025-04-08,24,00:56:00,2025-04-09T00:56:00+09:00,2
开伙,202,2025-04-08,27,03:59:00,2025-04-09T03:59:00+09:00,1
开伙,202,2025-04-08,16,16:36:00,2025-04-08T16:36:00+09:00,1
开伙,202,2025-04-08,07,07:46:00,2025-04-08T07:46:00+09:00,1
开伙,202,2025-04-08,16,16:05:00,2025-04-08T16:05:00+09:00,1
开伙,202,2025-04-08,27,03:08:00,2025-04-09T03:08:00+09:00,1
开伙,202,2025-04-08,07,07:58:00,2025-04-08T07:58:00+09:00,1
开伙,202,2025-04-08,05,05:31:00,2025-04-08T05:31:00+09:00,1
开伙,202,2025-04-08,09,09:05:00,2025-04-08T09:05:00+09:00,1
开伙,202,2025-04-08,14,14:24:00,2025-04-08T14:24:00+09:00,1
开伙,202,2025-04-08,17,17:38:00,2025-04-08T17:38:00+09:00,1
开伙,202,2025-04-08,08,08:27:00,2025-04-08T08:27:00+09:00,1
开伙,202,2025-04-08,17,17:01:00,2025-04-08T17:01:00+09:00,1
开伙,202,2025-04-08,17,17:02:00,2025-04-08T17:02:00+09:00,1
开伙,202,2025-04-08,17,17:42:00,2025-04-08T17:42:00+09:00,1
开伙,202,2025-04-08,15,15:39:00,2025-04-08T15:39:00+09:00,1
开伙,202,2025-04-08,05,05:02:00,2025-04-08T05:02:00+09:00,1
开伙,202,2025-04-08,14,14:07:00,2025-04-08T14:07:00+09:00,1
开伙,202,2025-04-08,12,12:42:00,2025-04-08T12:42:00+09:00,1
开伙,202,2025-04-08,13,13:30:00,2025-04-08T13:30:00+09:00,1
开伙,202,2025-04-08,07,07:28:00,2025-04-08T07:28:00+09:00,1
开伙,202,2025-04-08,06,06:22:00,2025-04-08T06:22:00+09:00,3
开伙,202,2025-04-08,22,22:15:00,2025-04-08T22:15:00+09:00,2
开伙,202,2025-04-08,27,03:46:00,2025-04-09T03:46:00+09:00,1
开伙,202,2025-04-08,08,08:17:00,2025-04-08T08:17:00+09:00,1
开伙,202,2025-04-08,08,08:53:00,2025-04-08T08:53:00+09:00,1
开伙,202,2025-04-08,15,15:08:00,2025-04-08T15:08:00+09:00,1
开伙,202,2025-04-08,27,03:43:00,2025-04-09T03:43:00+09:00,1
开伙,202,2025-04-08,18,18:12:00,2025-04-08T18:12:00+09:00,2
开伙,202,2025-04-08,24,00:41:00,2025-04-09T00:41:00+09:00,3
开伙,202,2025-04-08,18,18:05:00,2025-04-08T18:05:00+09:00,2
开伙,202,2025-04-08,04,04:22:00,2025-04-08T04:22:00+09:00,1
开伙,202,2025-04-08,24,00:13:00,2025-04-09T00:13:00+09:00,2
开伙,202,2025-04-08,24,00:08:00,2025-04-09T00:08:00+09:00,1
开伙,202,2025-04-08,12,12:02:00,2025-04-08T12:02:00+09:00,3
开伙,202,2025-04-08,24,00:25:00,2025-04-09T00:25:00+09:00,3
开伙,202,2025-04-08,22,22:53:00,2025-04-08T22:53:00+09:00,2
开伙,202,2025-04-08,09,09:12:00,2025-04-08T09:12:00+09:00,1
开伙,202,2025-04-08,13,13:22:00,2025-04-08T13:22:00+09:00,1
开伙,202,2025-04-08,15,15:48:00,2025-04-08T15:48:00+09:00,1
开伙,202,2025-04-08,22,22:40:00,2025-04-08T22:40:00+09:00,2
开伙,202,2025-04-08,09,09:53:00,2025-04-08T09:53:00+09:00,1
开伙,202,2025-04-08,27,03:20:00,2025-04-09T03:20:00+09:00,1
开伙,202,2025-04-08,07,07:26:00,2025-04-08T07:26:00+09:00,2
开伙,202,2025-04-08,06,06:06:00,2025-04-08T06:06:00+09:00,2
开伙,202,2025-04-08,26,02:36:00,2025-04-09T02:36:00+09:00,3
开伙,202,2025-04-08,26,02:07:00,2025-04-09T02:07:00+09:00,3
开伙,202,2025-04-08,08,08:21:00,2025-04-08T08:21:00+09:00,1
开伙,202,2025-04-08,22,22:24:00,2025-04-08T22:24:00+09:00,1
开伙,202,2025-04-08,16,16:06:00,2025-04-08T16:06:00+09:00,1
开伙,202,2025-04-08,27,03:07:00,2025-04-09T03:07:00+09:00,1
开伙,202,2025-04-08,19,19:37:00,2025-04-08T19:37:00+09:00,3
开伙,202,2025-04-08,13,13:47:00,2025-04-08T13:47:00+09:00,1
开伙,202,2025-04-08,08,08:31:00,2025-04-08T08:31:00+09:00,1
开伙,202,2025-04-08,25,01:47:00,2025-04-09T01:47:00+09:00,2
开伙,202,2025-04-08,24,00:39:00,2025-04-09T00:39:00+09:00,3
开伙,202,2025-04-08,08,08:24:00,2025-04-08T08:24:00+09:00,1
开伙,202,2025-04-08,19,19:16:00,2025-04-08T19:16:00+09:00,3
开伙,202,2025-04-08,25,01:22:00,2025-04-09T01:22:00+09:00,4
开伙,202,2025-04-08,24,00:33:00,2025-04-09T00:33:00+09:00,1
开伙,202,2025-04-08,21,21:07:00,2025-04-08T21:07:00+09:00,2
开伙,202,2025-04-08,17,17:39:00,2025-04-08T17:39:00+09:00,1
开伙,202,2025-04-08,08,08:10:00,2025-04-08T08:10:00+09:00,1
开伙,202,2025-04-08,27,03:44:00,2025-04-09T03:44:00+09:00,1
开伙,202,2025-04-08,12,12:50:00,2025-04-08T12:50:00+09:00,1
开伙,202,2025-04-08,16,16:28:00,2025-04-08T16:28:00+09:00,1
开伙,202,2025-04-08,12,12:01:00,2025-04-08T12:01:00+09:00,2
开伙,202,2025-04-08,04,04:16:00,2025-04-08T04:16:00+09:00,1
开伙,202,2025-04-08,13,13:01:00,2025-04-08T13:01:00+09:00,1
开伙,202,2025-04-08,11,11:40:00,2025-04-08T11:40:00+09:00,4
开伙,202,2025-04-08,25,01:30:00,2025-04-09T01:30:00+09:00,3
开伙,202,2025-04-08,04,04:14:00,2025-04-08T04:14:00+09:00,1
开伙,202,2025-04-08,14,14:30:00,2025-04-08T14:30:00+09:00,1
开伙,202,2025-04-08,15,15:36:00,2025-04-08T15:36:00+09:00,1
开伙,202,2025-04-08,15,15:54:00,2025-04-08T15:54:00+09:00,1
开伙,202,2025-04-08,06,06:09:00,2025-04-08T06:09:00+09:00,1
开伙,202,2025-04-08,12,12:30:00,2025-04-08T12:30:00+09:00,1
开伙,202,2025-04-08,24,00:55:00,2025-04-09T00:55:00+09:00,3
开伙,202,2025-04-08,15,15:51:00,2025-04-08T15:51:00+09:00,1
开伙,202,2025-04-08,08,08:02:00,2025-04-08T08:02:00+09:00,1
开伙,202,2025-04-08,06,06:31:00,2025-04-08T06:31:00+09:00,2
开伙,202,2025-04-08,23,23:10:00,2025-04-08T23:10:00+09:00,2
开伙,202,2025-04-08,15,15:21:00,2025-04-08T15:21:00+09:00,1
开伙,202,2025-04-08,10,10:01:00,2025-04-08T10:01:00+09:00,1
开伙,202,2025-04-08,18,18:20:00,2025-04-08T18:20:00+09:00,3
开伙,202,2025-04-08,15,15:10:00,2025-04-08T15:10:00+09:00,1
开伙,202,2025-04-08,18,18:11:00,2025-04-08T18:11:00+09:00,2
开伙,202,2025-04-08,07,07:14:00,2025-04-08T07:14:00+09:00,1
开伙,202,2025-04-08,09,09:29:00,2025-04-08T09:29:00+09:00,1
开伙,202,2025-04-08,13,13:14:00,2025-04-08T13:14:00+09:00,1
开伙,202,2025-04-08,14,14:56:00,2025-04-08T14:56:00+09:00,1
开伙,202,2025-04-08,13,13:50:00,2025-04-08T13:50:00+09:00,1
开伙,202,2025-04-08,06,06:18:00,2025-04-08T06:18:00+09:00,3
开伙,202,2025-04-08,24,00:43:00,2025-04-09T00:43:00+09:00,2
开伙,202,2025-04-08,12,12:21:00,2025-04-08T12:21:00+09:00,1
开伙,202,2025-04-08,17,17:54:00,2025-04-08T17:54:00+09:00,2
开伙,202,2025-04-08,22,22:36:00,2025-04-08T22:36:00+09:00,2
开伙,202,2025-04-08,14,14:28:00,2025-04-08T14:28:00+09:00,1
开伙,202,2025-04-08,24,00:44:00,2025-04-09T00:44:00+09:00,2
开伙,202,2025-04-08,13,13:42:00,2025-04-08T13:42:00+09:00,1
开伙,202,2025-04-08,04,04:04:00,2025-04-08T04:04:00+09:00,1
开伙,202,2025-04-08,11,11:16:00,2025-04-08T11:16:00+09:00,4
开伙,202,2025-04-08,11,11:17:00,2025-04-08T11:17:00+09:00,4
开伙,202,2025-04-08,20,20:54:00,2025-04-08T20:54:00+09:00,1
开伙,202,2025-04-08,15,15:49:00,2025-04-08T15:49:00+09:00,1
开伙,202,2025-04-08,16,16:45:00,2025-04-08T16:45:00+09:00,1
开伙,202,2025-04-08,11,11:57:00,2025-04-08T11:57:00+09:00,2
开伙,202,2025-04-08,19,19:17:00,2025-04-08T19:17:00+09:00,3
开伙,202,2025-04-08,12,12:04:00,2025-04-08T12:04:00+09:00,2
开伙,202,2025-04-08,11,11:15:00,2025-04-08T11:15:00+09:00,4
开伙,202,2025-04-08,25,01:19:00,2025-04-09T01:19:00+09:00,4
开伙,202,2025-04-08,14,14:02:00,2025-04-08T14:02:00+09:00,1
开伙,202,2025-04-08,20,20:47:00,2025-04-08T20:47:00+09:00,2
开伙,202,2025-04-08,24,00:22:00,2025-04-09T00:22:00+09:00,3
开伙,202,2025-04-08,09,09:56:00,2025-04-08T09:56:00+09:00,1
开伙,202,2025-04-08,19,19:27:00,2025-04-08T19:27:00+09:00,4
开伙,202,2025-04-08,20,20:03:00,2025-04-08T20:03:00+09:00,2
开伙,202,2025-04-08,05,05:21:00,2025-04-08T05:21:00+09:00,1
开伙,202,2025-04-08,24,00:11:00,2025-04-09T00:11:00+09:00,2
开伙,202,2025-04-08,19,19:55:00,2025-04-08T19:55:00+09:00,2
开伙,202,2025-04-08,15,15:34:00,2025-04-08T15:34:00+09:00,1
开伙,202,2025-04-08,21,21:32:00,2025-04-08T21:32:00+09:00,1
开伙,202,2025-04-08,08,08:50:00,2025-04-08T08:50:00+09:00,1
开伙,202,2025-04-08,26,02:15:00,2025-04-09T02:15:00+09:00,4
开伙,202,2025-04-08,14,14:57:00,2025-04-08T14:57:00+09:00,1
开伙,202,2025-04-08,13,13:37:00,2025-04-08T13:37:00+09:00,1
开伙,202,2025-04-08,16,16:26:00,2025-04-08T16:26:00+09:00,1
开伙,202,2025-04-08,19,19:13:00,2025-04-08T19:13:00+09:00,3
开伙,202,2025-04-08,27,03:19:00,2025-04-09T03:19:00+09:00,1
开伙,202,2025-04-08,15,15:43:00,2025-04-08T15:43:00+09:00,1
开伙,202,2025-04-08,12,12:14:00,2025-04-08T12:14:00+09:00,2
开伙,202,2025-04-08,18,18:59:00,2025-04-08T18:59:00+09:00,3
开伙,202,2025-04-08,05,05:23:00,2025-04-08T05:23:00+09:00,1
开伙,202,2025-04-08,09,09:07:00,2025-04-08T09:07:00+09:00,1
开伙,202,2025-04-08,12,12:03:00,2025-04-08T12:03:00+09:00,2
开伙,202,2025-04-08,12,12:35:00,2025-04-08T12:35:00+09:00,1
开伙,202,2025-04-08,18,18:25:00,2025-04-08T18:25:00+09:00,3
开伙,202,2025-04-08,13,13:41:00,2025-04-08T13:41:00+09:00,1
开伙,202,2025-04-08,23,23:31:00,2025-04-08T23:31:00+09:00,3
开伙,202,2025-04-08,05,05:41:00,2025-04-08T05:41:00+09:00,1
开伙,202,2025-04-08,10,10:29:00,2025-04-08T10:29:00+09:00,2
开伙,202,2025-04-08,16,16:52:00,2025-04-08T16:52:00+09:00,1
开伙,202,2025-04-08,17,17:55:00,2025-04-08T17:55:00+09:00,2
开伙,202,2025-04-08,06,06:38:00,2025-04-08T06:38:00+09:00,3
开伙,202,2025-04-08,14,14:01:00,2025-04-08T14:01:00+09:00,1
开伙,202,2025-04-08,06,06:33:00,2025-04-08T06:33:00+09:00,2
开伙,202,2025-04-08,20,20:57:00,2025-04-08T20:57:00+09:00,2
开伙,202,2025-04-08,09,09:00:00,2025-04-08T09:00:00+09:00,1
开伙,202,2025-04-08,24,00:15:00,2025-04-09T00:15:00+09:00,3
开伙,202,2025-04-08,04,04:24:00,2025-04-08T04:24:00+09:00,1
开伙,202,2025-04-08,20,20:48:00,2025-04-08T20:48:00+09:00,2
开伙,202,2025-04-08,21,21:59:00,2025-04-08T21:59:00+09:00,1
开伙,202,2025-04-08,10,10:35:00,2025-04-08T10:35:00+09:00,2
开伙,202,2025-04-08,14,14:29:00,2025-04-08T14:29:00+09:00,1
开伙,202,2025-04-08,22,22:35:00,2025-04-08T22:35:00+09:00,2
开伙,202,2025-04-08,16,16:44:00,2025-04-08T16:44:00+09:00,1
开伙,202,2025-04-08,09,09:49:00,2025-04-08T09:49:00+09:00,1
开伙,202,2025-04-08,06,06:04:00,2025-04-08T06:04:00+09:00,1
开伙,202,2025-04-08,06,06:56:00,2025-04-08T06:56:00+09:00,1
开伙,202,2025-04-08,18,18:31:00,2025-04-08T18:31:00+09:00,3
开伙,202,2025-04-08,08,08:05:00,2025-04-08T08:05:00+09:00,2
开伙,202,2025-04-08,08,08:06:00,2025-04-08T08:06:00+09:00,1
开伙,202,2025-04-08,06,06:05:00,2025-04-08T06:05:00+09:00,2
开伙,202,2025-04-08,09,09:55:00,2025-04-08T09:55:00+09:00,1
开伙,202,2025-04-08,26,02:10:00,2025-04-09T02:10:00+09:00,3
开伙,202,2025-04-08,26,02:32:00,2025-04-09T02:32:00+09:00,4
开伙,202,2025-04-08,24,00:30:00,2025-04-09T00:30:00+09:00,2
开伙,202,2025-04-08,16,16:16:00,2025-04-08T16:16:00+09:00,1
开伙,202,2025-04-08,07,07:22:00,2025-04-08T07:22:00+09:00,2
开伙,202,2025-04-08,09,09:04:00,2025-04-08T09:04:00+09:00,1
开伙,202,2025-04-08,04,04:31:00,2025-04-08T04:31:00+09:00,1
开伙,202,2025-04-08,04,04:28:00,2025-04-08T04:28:00+09:00,1
开伙,202,2025-04-08,16,16:03:00,2025-04-08T16:03:00+09:00,1
开伙,202,2025-04-08,07,07:57:00,2025-04-08T07:57:00+09:00,1
开伙,202,2025-04-08,19,19:50:00,2025-04-08T19:50:00+09:00,3
开伙,202,2025-04-08,13,13:20:00,2025-04-08T13:20:00+09:00,1
开伙,202,2025-04-08,14,14:15:00,2025-04-08T14:15:00+09:00,1
开伙,202,2025-04-08,20,20:10:00,2025-04-08T20:10:00+09:00,2
开伙,202,2025-04-08,20,20:31:00,2025-04-08T20:31:00+09:00,2
开伙,202,2025-04-08,10,10:47:00,2025-04-08T10:47:00+09:00,2
开伙,202,2025-04-08,10,10:48:00,2025-04-08T10:48:00+09:00,3
开伙,202,2025-04-08,05,05:34:00,2025-04-08T05:34:00+09:00,1
开伙,202,2025-04-08,26,02:40:00,2025-04-09T02:40:00+09:00,3
开伙,202,2025-04-08,04,04:58:00,2025-04-08T04:58:00+09:00,1
开伙,202,2025-04-08,16,16:02:00,2025-04-08T16:02:00+09:00,1
开伙,202,2025-04-08,05,05:40:00,2025-04-08T05:40:00+09:00,1
开伙,202,2025-04-08,19,19:11:00,2025-04-08T19:11:00+09:00,3
开伙,202,2025-04-08,15,15:17:00,2025-04-08T15:17:00+09:00,1
开伙,202,2025-04-08,24,00:32:00,2025-04-09T00:32:00+09:00,1
开伙,202,2025-04-08,22,22:34:00,2025-04-08T22:34:00+09:00,2
开伙,202,2025-04-08,25,01:51:00,2025-04-09T01:51:00+09:00,2
开伙,202,2025-04-08,14,14:55:00,2025-04-08T14:55:00+09:00,1
开伙,202,2025-04-08,07,07:36:00,2025-04-08T07:36:00+09:00,1
开伙,202,2025-04-08,17,17:46:00,2025-04-08T17:46:00+09:00,2
开伙,202,2025-04-08,27,03:14:00,2025-04-09T03:14:00+09:00,1
开伙,202,2025-04-08,12,12:51:00,2025-04-08T12:51:00+09:00,1
开伙,202,2025-04-08,06,06:50:00,2025-04-08T06:50:00+09:00,3
开伙,202,2025-04-08,21,21:28:00,2025-04-08T21:28:00+09:00,1
开伙,202,2025-04-08,10,10:40:00,2025-04-08T10:40:00+09:00,2
开伙,202,2025-04-08,21,21:44:00,2025-04-08T21:44:00+09:00,2
开伙,202,2025-04-08,10,10:08:00,2025-04-08T10:08:00+09:00,1
开伙,202,2025-04-08,25,01:13:00,2025-04-09T01:13:00+09:00,2
开伙,202,2025-04-08,16,16:22:00,2025-04-08T16:22:00+09:00,1
开伙,202,2025-04-08,12,12:55:00,2025-04-08T12:55:00+09:00,1
开伙,202,2025-04-08,04,04:20:00,2025-04-08T04:20:00+09:00,1
开伙,202,2025-04-08,18,18:01:00,2025-04-08T18:01:00+09:00,1
开伙,202,2025-04-08,11,11:44:00,2025-04-08T11:44:00+09:00,4
开伙,202,2025-04-08,24,00:36:00,2025-04-09T00:36:00+09:00,2
开伙,202,2025-04-08,17,17:26:00,2025-04-08T17:26:00+09:00,1
开伙,202,2025-04-08,10,10:13:00,2025-04-08T10:13:00+09:00,1
开伙,202,2025-04-08,23,23:51:00,2025-04-08T23:51:00+09:00,2
开伙,202,2025-04-08,26,02:25:00,2025-04-09T02:25:00+09:00,2
开伙,202,2025-04-08,14,14:10:00,2025-04-08T14:10:00+09:00,1
开伙,202,2025-04-08,16,16:39:00,2025-04-08T16:39:00+09:00,1
开伙,202,2025-04-08,24,00:21:00,2025-04-09T00:21:00+09:00,3
开伙,202,2025-04-08,20,20:28:00,2025-04-08T20:28:00+09:00,1
开伙,202,2025-04-08,15,15:37:00,2025-04-08T15:37:00+09:00,1
开伙,202,2025-04-08,27,03:18:00,2025-04-09T03:18:00+09:00,1
开伙,202,2025-04-08,15,15:22:00,2025-04-08T15:22:00+09:00,1
开伙,202,2025-04-08,05,05:07:00,2025-04-08T05:07:00+09:00,1
开伙,202,2025-04-08,27,03:05:00,2025-04-09T03:05:00+09:00,1
开伙,202,2025-04-08,27,03:06:00,2025-04-09T03:06:00+09:00,1
开伙,202,2025-04-08,19,19:03:00,2025-04-08T19:03:00+09:00,3
开伙,202,2025-04-08,27,03:32:00,2025-04-09T03:32:00+09:00,1
开伙,202,2025-04-08,27,03:34:00,2025-04-09T03:34:00+09:00,1
开伙,202,2025-04-08,15,15:03:00,2025-04-08T15:03:00+09:00,1
开伙,202,2025-04-08,16,16:42:00,2025-04-08T16:42:00+09:00,1
开伙,202,2025-04-08,19,19:12:00,2025-04-08T19:12:00+09:00,3
开伙,202,2025-04-08,13,13:02:00,2025-04-08T13:02:00+09:00,1
开伙,202,2025-04-08,20,20:15:00,2025-04-08T20:15:00+09:00,2
开伙,202,2025-04-08,08,08:11:00,2025-04-08T08:11:00+09:00,1
开伙,202,2025-04-08,16,16:56:00,2025-04-08T16:56:00+09:00,1
开伙,202,2025-04-08,17,17:25:00,2025-04-08T17:25:00+09:00,1
开伙,202,2025-04-08,15,15:58:00,2025-04-08T15:58:00+09:00,1
开伙,202,2025-04-08,04,04:43:00,2025-04-08T04:43:00+09:00,1
开伙,202,2025-04-08,22,22:11:00,2025-04-08T22:11:00+09:00,3
开伙,202,2025-04-08,27,03:22:00,2025-04-09T03:22:00+09:00,1
开伙,202,2025-04-08,12,12:43:00,2025-04-08T12:43:00+09:00,1
开伙,202,2025-04-08,17,17:56:00,2025-04-08T17:56:00+09:00,2
开伙,202,2025-04-08,12,12:06:00,2025-04-08T12:06:00+09:00,2
开伙,202,2025-04-08,04,04:12:00,2025-04-08T04:12:00+09:00,1
开伙,202,2025-04-08,07,07:31:00,2025-04-08T07:31:00+09:00,1
开伙,202,2025-04-08,21,21:39:00,2025-04-08T21:39:00+09:00,1
开伙,202,2025-04-08,23,23:27:00,2025-04-08T23:27:00+09:00,3
开伙,202,2025-04-08,06,06:15:00,2025-04-08T06:15:00+09:00,2
开伙,202,2025-04-08,24,00:20:00,2025-04-09T00:20:00+09:00,4
开伙,202,2025-04-08,14,14:12:00,2025-04-08T14:12:00+09:00,1
开伙,202,2025-04-08,18,18:48:00,2025-04-08T18:48:00+09:00,3
开伙,202,2025-04-08,21,21:45:00,2025-04-08T21:45:00+09:00,2
开伙,202,2025-04-08,15,15:38:00,2025-04-08T15:38:00+09:00,1
开伙,202,2025-04-08,07,07:45:00,2025-04-08T07:45:00+09:00,1
开伙,202,2025-04-08,11,11:31:00,2025-04-08T11:31:00+09:00,4
开伙,202,2025-04-08,06,06:30:00,2025-04-08T06:30:00+09:00,2
开伙,202,2025-04-08,09,09:03:00,2025-04-08T09:03:00+09:00,1
开伙,202,2025-04-08,13,13:11:00,2025-04-08T13:11:00+09:00,1
开伙,202,2025-04-08,07,07:02:00,2025-04-08T07:02:00+09:00,2
开伙,202,2025-04-08,20,20:33:00,2025-04-08T20:33:00+09:00,1
开伙,202,2025-04-08,10,10:16:00,2025-04-08T10:16:00+09:00,2
开伙,202,2025-04-08,20,20:05:00,2025-04-08T20:05:00+09:00,2
开伙,202,2025-04-08,05,05:37:00,2025-04-08T05:37:00+09:00,1
开伙,202,2025-04-08,26,02:12:00,2025-04-09T02:12:00+09:00,3
开伙,202,2025-04-08,11,11:52:00,2025-04-08T11:52:00+09:00,3
开伙,202,2025-04-08,20,20:27:00,2025-04-08T20:27:00+09:00,1
开伙,202,2025-04-08,20,20:17:00,2025-04-08T20:17:00+09:00,2
开伙,202,2025-04-08,16,16:48:00,2025-04-08T16:48:00+09:00,2
开伙,202,2025-04-08,23,23:07:00,2025-04-08T23:07:00+09:00,2
开伙,202,2025-04-08,24,00:00:00,2025-04-09T00:00:00+09:00,2
开伙,202,2025-04-08,09,09:17:00,2025-04-08T09:17:00+09:00,2
开伙,202,2025-04-08,09,09:18:00,2025-04-08T09:18:00+09:00,2
开伙,202,2025-04-08,24,00:28:00,2025-04-09T00:28:00+09:00,3
开伙,202,2025-04-08,08,08:44:00,2025-04-08T08:44:00+09:00,1
开伙,202,2025-04-08,20,20:34:00,2025-04-08T20:34:00+09:00,1
开伙,202,2025-04-08,22,22:46:00,2025-04-08T22:46:00+09:00,2
开伙,202,2025-04-08,10,10:25:00,2025-04-08T10:25:00+09:00,1
开伙,202,2025-04-08,06,06:19:00,2025-04-08T06:19:00+09:00,4
开伙,202,2025-04-08,13,13:24:00,2025-04-08T13:24:00+09:00,1
开伙,202,2025-04-08,15,15:00:00,2025-04-08T15:00:00+09:00,1
开伙,202,2025-04-08,15,15:06:00,2025-04-08T15:06:00+09:00,1
开伙,202,2025-04-08,06,06:40:00,2025-04-08T06:40:00+09:00,3
开伙,202,2025-04-08,09,09:39:00,2025-04-08T09:39:00+09:00,1
开伙,202,2025-04-08,27,03:40:00,2025-04-09T03:40:00+09:00,1
开伙,202,2025-04-08,10,10:49:00,2025-04-08T10:49:00+09:00,2
开伙,202,2025-04-08,12,12:09:00,2025-04-08T12:09:00+09:00,2
开伙,202,2025-04-08,12,12:11:00,2025-04-08T12:11:00+09:00,2
开伙,202,2025-04-08,10,10:23:00,2025-04-08T10:23:00+09:00,2
开伙,202,2025-04-08,20,20:16:00,2025-04-08T20:16:00+09:00,2
开伙,202,2025-04-08,25,01:39:00,2025-04-09T01:39:00+09:00,3
开伙,202,2025-04-08,04,04:33:00,2025-04-08T04:33:00+09:00,1
开伙,202,2025-04-08,17,17:57:00,2025-04-08T17:57:00+09:00,2
开伙,202,2025-04-08,10,10:02:00,2025-04-08T10:02:00+09:00,1
开伙,202,2025-04-08,10,10:03:00,2025-04-08T10:03:00+09:00,1
开伙,202,2025-04-08,16,16:40:00,2025-04-08T16:40:00+09:00,1
开伙,202,2025-04-08,05,05:51:00,2025-04-08T05:51:00+09:00,1
开伙,202,2025-04-08,24,00:14:00,2025-04-09T00:14:00+09:00,2
开伙,202,2025-04-08,04,04:13:00,2025-04-08T04:13:00+09:00,1
开伙,202,2025-04-08,04,04:54:00,2025-04-08T04:54:00+09:00,1
开伙,202,2025-04-08,17,17:12:00,2025-04-08T17:12:00+09:00,1
开伙,202,2025-04-08,13,13:43:00,2025-04-08T13:43:00+09:00,1
开伙,202,2025-04-08,26,02:53:00,2025-04-09T02:53:00+09:00,3
开伙,202,2025-04-08,13,13:27:00,2025-04-08T13:27:00+09:00,1
开伙,202,2025-04-08,20,20:09:00,2025-04-08T20:09:00+09:00,2
开伙,202,2025-04-08,10,10:50:00,2025-04-08T10:50:00+09:00,2
开伙,202,2025-04-08,23,23:45:00,2025-04-08T23:45:00+09:00,2
开伙,202,2025-04-08,27,03:54:00,2025-04-09T03:54:00+09:00,1
开伙,202,2025-04-08,07,07:23:00,2025-04-08T07:23:00+09:00,1
开伙,202,2025-04-08,13,13:15:00,2025-04-08T13:15:00+09:00,1
开伙,202,2025-04-08,17,17:10:00,2025-04-08T17:10:00+09:00,1
开伙,202,2025-04-08,27,03:50:00,2025-04-09T03:50:00+09:00,1
开伙,202,2025-04-08,05,05:25:00,2025-04-08T05:25:00+09:00,1
开伙,202,2025-04-08,26,02:54:00,2025-04-09T02:54:00+09:00,3
开伙,202,2025-04-08,26,02:18:00,2025-04-09T02:18:00+09:00,4
开伙,202,2025-04-08,26,02:48:00,2025-04-09T02:48:00+09:00,4
开伙,202,2025-04-08,06,06:52:00,2025-04-08T06:52:00+09:00,2
开伙,202,2025-04-08,12,12:41:00,2025-04-08T12:41:00+09:00,1
开伙,202,2025-04-08,16,16:20:00,2025-04-08T16:20:00+09:00,1
开伙,202,2025-04-08,10,10:54:00,2025-04-08T10:54:00+09:00,2
开伙,202,2025-04-08,07,07:19:00,2025-04-08T07:19:00+09:00,2
开伙,202,2025-04-08,27,03:36:00,2025-04-09T03:36:00+09:00,1
开伙,202,2025-04-08,18,18:32:00,2025-04-08T18:32:00+09:00,3
开伙,202,2025-04-08,11,11:30:00,2025-04-08T11:30:00+09:00,3
开伙,202,2025-04-08,27,03:30:00,2025-04-09T03:30:00+09:00,1
开伙,202,2025-04-08,10,10:21:00,2025-04-08T10:21:00+09:00,2
开伙,202,2025-04-08,20,20:08:00,2025-04-08T20:08:00+09:00,2
开伙,202,2025-04-08,15,15:32:00,2025-04-08T15:32:00+09:00,1
开伙,202,2025-04-08,10,10:32:00,2025-04-08T10:32:00+09:00,2
开伙,202,2025-04-08,22,22:37:00,2025-04-08T22:37:00+09:00,2
开伙,202,2025-04-08,16,16:55:00,2025-04-08T16:55:00+09:00,2
开伙,202,2025-04-08,05,05:54:00,2025-04-08T05:54:00+09:00,1
开伙,202,2025-04-08,22,22:10:00,2025-04-08T22:10:00+09:00,3
开伙,202,2025-04-08,22,22:39:00,2025-04-08T22:39:00+09:00,2
开伙,202,2025-04-08,04,04:46:00,2025-04-08T04:46:00+09:00,1
开伙,202,2025-04-08,07,07:52:00,2025-04-08T07:52:00+09:00,1
开伙,202,2025-04-08,09,09:13:00,2025-04-08T09:13:00+09:00,1
开伙,202,2025-04-08,22,22:04:00,2025-04-08T22:04:00+09:00,2
开伙,202,2025-04-08,14,14:47:00,2025-04-08T14:47:00+09:00,1
开伙,202,2025-04-08,10,10:34:00,2025-04-08T10:34:00+09:00,2
开伙,202,2025-04-08,21,21:02:00,2025-04-08T21:02:00+09:00,2
开伙,202,2025-04-08,23,23:50:00,2025-04-08T23:50:00+09:00,2
开伙,202,2025-04-08,26,02:26:00,2025-04-09T02:26:00+09:00,3
开伙,202,2025-04-08,24,00:23:00,2025-04-09T00:23:00+09:00,3
开伙,202,2025-04-08,20,20:45:00,2025-04-08T20:45:00+09:00,2
开伙,202,2025-04-08,17,17:50:00,2025-04-08T17:50:00+09:00,2
开伙,202,2025-04-08,27,03:37:00,2025-04-09T03:37:00+09:00,1
开伙,202,2025-04-08,19,19:01:00,2025-04-08T19:01:00+09:00,3
开伙,202,2025-04-08,22,22:20:00,2025-04-08T22:20:00+09:00,2
开伙,202,2025-04-08,25,01:58:00,2025-04-09T01:58:00+09:00,3
开伙,202,2025-04-08,25,01:56:00,2025-04-09T01:56:00+09:00,3
开伙,202,2025-04-08,21,21:47:00,2025-04-08T21:47:00+09:00,2
开伙,202,2025-04-08,18,18:52:00,2025-04-08T18:52:00+09:00,3
开伙,202,2025-04-08,27,03:09:00,2025-04-09T03:09:00+09:00,1
开伙,202,2025-04-08,07,07:15:00,2025-04-08T07:15:00+09:00,1
开伙,202,2025-04-08,09,09:22:00,2025-04-08T09:22:00+09:00,1
开伙,202,2025-04-08,19,19:47:00,2025-04-08T19:47:00+09:00,3
开伙,202,2025-04-08,05,05:55:00,2025-04-08T05:55:00+09:00,1
开伙,202,2025-04-08,26,02:17:00,2025-04-09T02:17:00+09:00,4
开伙,202,2025-04-08,26,02:31:00,2025-04-09T02:31:00+09:00,3
开伙,202,2025-04-08,25,01:59:00,2025-04-09T01:59:00+09:00,3
开伙,202,2025-04-08,04,04:19:00,2025-04-08T04:19:00+09:00,1
开伙,202,2025-04-08,27,03:02:00,2025-04-09T03:02:00+09:00,3
开伙,202,2025-04-08,14,14:17:00,2025-04-08T14:17:00+09:00,1
开伙,202,2025-04-08,07,07:07:00,2025-04-08T07:07:00+09:00,1
开伙,202,2025-04-08,08,08:48:00,2025-04-08T08:48:00+09:00,1
开伙,202,2025-04-08,21,21:55:00,2025-04-08T21:55:00+09:00,1
开伙,202,2025-04-08,24,00:52:00,2025-04-09T00:52:00+09:00,2
开伙,202,2025-04-08,16,16:30:00,2025-04-08T16:30:00+09:00,2
开伙,202,2025-04-08,12,12:57:00,2025-04-08T12:57:00+09:00,1
开伙,202,2025-04-08,07,07:17:00,2025-04-08T07:17:00+09:00,2
开伙,202,2025-04-08,10,10:28:00,2025-04-08T10:28:00+09:00,2
开伙,202,2025-04-08,21,21:09:00,2025-04-08T21:09:00+09:00,2
开伙,202,2025-04-08,19,19:57:00,2025-04-08T19:57:00+09:00,2
开伙,202,2025-04-08,14,14:05:00,2025-04-08T14:05:00+09:00,1
开伙,202,2025-04-08,27,03:45:00,2025-04-09T03:45:00+09:00,1
开伙,202,2025-04-08,17,17:28:00,2025-04-08T17:28:00+09:00,1
开伙,202,2025-04-08,07,07:10:00,2025-04-08T07:10:00+09:00,2
开伙,202,2025-04-08,14,14:00:00,2025-04-08T14:00:00+09:00,1
开伙,202,2025-04-08,04,04:42:00,2025-04-08T04:42:00+09:00,1
开伙,202,2025-04-08,21,21:58:00,2025-04-08T21:58:00+09:00,1
开伙,202,2025-04-08,06,06:42:00,2025-04-08T06:42:00+09:00,4
开伙,202,2025-04-08,10,10:10:00,2025-04-08T10:10:00+09:00,2
开伙,202,2025-04-08,18,18:53:00,2025-04-08T18:53:00+09:00,3
开伙,202,2025-04-08,23,23:12:00,2025-04-08T23:12:00+09:00,2
开伙,202,2025-04-08,06,06:08:00,2025-04-08T06:08:00+09:00,3
开伙,202,2025-04-08,08,08:07:00,2025-04-08T08:07:00+09:00,1
开伙,202,2025-04-08,16,16:54:00,2025-04-08T16:54:00+09:00,2
开伙,202,2025-04-08,17,17:11:00,2025-04-08T17:11:00+09:00,1
开伙,202,2025-04-08,12,12:24:00,2025-04-08T12:24:00+09:00,1
开伙,202,2025-04-08,19,19:30:00,2025-04-08T19:30:00+09:00,3
开伙,202,2025-04-08,13,13:07:00,2025-04-08T13:07:00+09:00,1
开伙,202,2025-04-08,23,23:28:00,2025-04-08T23:28:00+09:00,3
开伙,202,2025-04-08,23,23:58:00,2025-04-08T23:58:00+09:00,3
开伙,202,2025-04-08,05,05:45:00,2025-04-08T05:45:00+09:00,1
开伙,202,2025-04-08,22,22:42:00,2025-04-08T22:42:00+09:00,2
开伙,202,2025-04-08,12,12:58:00,2025-04-08T12:58:00+09:00,1
开伙,202,2025-04-08,17,17:18:00,2025-04-08T17:18:00+09:00,1
开伙,202,2025-04-08,14,14:59:00,2025-04-08T14:59:00+09:00,1
开伙,202,2025-04-08,11,11:58:00,2025-04-08T11:58:00+09:00,2
开伙,202,2025-04-08,14,14:58:00,2025-04-08T14:58:00+09:00,1
开伙,202,2025-04-08,11,11:27:00,2025-04-08T11:27:00+09:00,3
开伙,202,2025-04-08,18,18:03:00,2025-04-08T18:03:00+09:00,2
开伙,202,2025-04-08,08,08:46:00,2025-04-08T08:46:00+09:00,1
开伙,202,2025-04-08,23,23:41:00,2025-04-08T23:41:00+09:00,2
开伙,202,2025-04-08,11,11:36:00,2025-04-08T11:36:00+09:00,4
开伙,202,2025-04-08,11,11:37:00,2025-04-08T11:37:00+09:00,4
开伙,202,2025-04-08,11,11:39:00,2025-04-08T11:39:00+09:00,4
开伙,202,2025-04-08,16,16:18:00,2025-04-08T16:18:00+09:00,1
开伙,202,2025-04-08,07,07:16:00,2025-04-08T07:16:00+09:00,2
开伙,202,2025-04-08,26,02:46:00,2025-04-09T02:46:00+09:00,3
开伙,202,2025-04-08,25,01:37:00,2025-04-09T01:37:00+09:00,3
开伙,202,2025-04-08,12,12:13:00,2025-04-08T12:13:00+09:00,2
开伙,202,2025-04-08,13,13:10:00,2025-04-08T13:10:00+09:00,1
开伙,202,2025-04-08,04,04:41:00,2025-04-08T04:41:00+09:00,1
开伙,202,2025-04-08,20,20:51:00,2025-04-08T20:51:00+09:00,1
开伙,202,2025-04-08,20,20:06:00,2025-04-08T20:06:00+09:00,2
开伙,202,2025-04-08,13,13:32:00,2025-04-08T13:32:00+09:00,1
开伙,202,2025-04-08,05,05:35:00,2025-04-08T05:35:00+09:00,1
开伙,202,2025-04-08,05,05:17:00,2025-04-08T05:17:00+09:00,1
开伙,202,2025-04-08,22,22:59:00,2025-04-08T22:59:00+09:00,3
开伙,202,2025-04-08,08,08:29:00,2025-04-08T08:29:00+09:00,1
开伙,202,2025-04-08,15,15:59:00,2025-04-08T15:59:00+09:00,1
开伙,202,2025-04-08,27,03:28:00,2025-04-09T03:28:00+09:00,1
开伙,202,2025-04-08,20,20:11:00,2025-04-08T20:11:00+09:00,2
开伙,202,2025-04-08,06,06:24:00,2025-04-08T06:24:00+09:00,5
开伙,202,2025-04-08,14,14:50:00,2025-04-08T14:50:00+09:00,1
开伙,202,2025-04-08,21,21:20:00,2025-04-08T21:20:00+09:00,2
开伙,202,2025-04-08,12,12:52:00,2025-04-08T12:52:00+09:00,1
开伙,202,2025-04-08,23,23:02:00,2025-04-08T23:02:00+09:00,2
开伙,202,2025-04-08,24,00:07:00,2025-04-09T00:07:00+09:00,1
开伙,202,2025-04-08,24,00:42:00,2025-04-09T00:42:00+09:00,2
开伙,202,2025-04-08,04,04:05:00,2025-04-08T04:05:00+09:00,1
开伙,202,2025-04-08,20,20:43:00,2025-04-08T20:43:00+09:00,2
开伙,202,2025-04-08,26,02:44:00,2025-04-09T02:44:00+09:00,3
开伙,202,2025-04-08,14,14:33:00,2025-04-08T14:33:00+09:00,1
开伙,202,2025-04-08,26,02:59:00,2025-04-09T02:59:00+09:00,3
开伙,202,2025-04-08,22,22:12:00,2025-04-08T22:12:00+09:00,3
开伙,202,2025-04-08,25,01:34:00,2025-04-09T01:34:00+09:00,3
开伙,202,2025-04-08,08,08:36:00,2025-04-08T08:36:00+09:00,1
开伙,202,2025-04-08,10,10:38:00,2025-04-08T10:38:00+09:00,3
开伙,202,2025-04-08,17,17:24:00,2025-04-08T17:24:00+09:00,1
开伙,202,2025-04-08,05,05:05:00,2025-04-08T05:05:00+09:00,1
开伙,202,2025-04-08,05,05:20:00,2025-04-08T05:20:00+09:00,1
开伙,202,2025-04-08,13,13:28:00,2025-04-08T13:28:00+09:00,1
开伙,202,2025-04-08,15,15:14:00,2025-04-08T15:14:00+09:00,1
开伙,202,2025-04-08,15,15:24:00,2025-04-08T15:24:00+09:00,1
开伙,202,2025-04-08,20,20:35:00,2025-04-08T20:35:00+09:00,1
开伙,202,2025-04-08,08,08:16:00,2025-04-08T08:16:00+09:00,1
开伙,202,2025-04-08,14,14:21:00,2025-04-08T14:21:00+09:00,1
开伙,202,2025-04-08,12,12:16:00,2025-04-08T12:16:00+09:00,1
开伙,202,2025-04-08,23,23:40:00,2025-04-08T23:40:00+09:00,2
开伙,202,2025-04-08,12,12:40:00,2025-04-08T12:40:00+09:00,1
开伙,202,2025-04-08,09,09:35:00,2025-04-08T09:35:00+09:00,1
开伙,202,2025-04-08,19,19:53:00,2025-04-08T19:53:00+09:00,3
开伙,202,2025-04-08,15,15:16:00,2025-04-08T15:16:00+09:00,1
开伙,202,2025-04-08,17,17:45:00,2025-04-08T17:45:00+09:00,1
开伙,202,2025-04-08,08,08:28:00,2025-04-08T08:28:00+09:00,1
开伙,202,2025-04-08,05,05:12:00,2025-04-08T05:12:00+09:00,1
开伙,202,2025-04-08,14,14:16:00,2025-04-08T14:16:00+09:00,1
开伙,202,2025-04-08,23,23:15:00,2025-04-08T23:15:00+09:00,3
开伙,202,2025-04-08,05,05:32:00,2025-04-08T05:32:00+09:00,1
开伙,202,2025-04-08,05,05:56:00,2025-04-08T05:56:00+09:00,1
开伙,202,2025-04-08,05,05:15:00,2025-04-08T05:15:00+09:00,1
开伙,202,2025-04-08,14,14:08:00,2025-04-08T14:08:00+09:00,1
开伙,202,2025-04-08,12,12:38:00,2025-04-08T12:38:00+09:00,1
开伙,202,2025-04-08,07,07:01:00,2025-04-08T07:01:00+09:00,2
开伙,202,2025-04-08,23,23:42:00,2025-04-08T23:42:00+09:00,2
开伙,202,2025-04-08,14,14:09:00,2025-04-08T14:09:00+09:00,1
开伙,202,2025-04-08,06,06:59:00,2025-04-08T06:59:00+09:00,1
开伙,202,2025-04-08,15,15:12:00,2025-04-08T15:12:00+09:00,1
开伙,202,2025-04-08,15,15:13:00,2025-04-08T15:13:00+09:00,1
开伙,202,2025-04-08,14,14:44:00,2025-04-08T14:44:00+09:00,1
开伙,202,2025-04-08,27,03:35:00,2025-04-09T03:35:00+09:00,1
开伙,202,2025-04-08,14,14:45:00,2025-04-08T14:45:00+09:00,1
开伙,202,2025-04-08,21,21:26:00,2025-04-08T21:26:00+09:00,1
开伙,202,2025-04-08,17,17:13:00,2025-04-08T17:13:00+09:00,1
开伙,202,2025-04-08,13,13:33:00,2025-04-08T13:33:00+09:00,1
开伙,202,2025-04-08,13,13:34:00,2025-04-08T13:34:00+09:00,1
开伙,202,2025-04-08,16,16:19:00,2025-04-08T16:19:00+09:00,1
开伙,202,2025-04-08,18,18:06:00,2025-04-08T18:06:00+09:00,2
开伙,202,2025-04-08,11,11:41:00,2025-04-08T11:41:00+09:00,4
开伙,202,2025-04-08,24,00:34:00,2025-04-09T00:34:00+09:00,2
开伙,202,2025-04-08,04,04:11:00,2025-04-08T04:11:00+09:00,1
开伙,202,2025-04-08,23,23:06:00,2025-04-08T23:06:00+09:00,2
开伙,202,2025-04-08,17,17:17:00,2025-04-08T17:17:00+09:00,1
开伙,202,2025-04-08,10,10:55:00,2025-04-08T10:55:00+09:00,2
开伙,202,2025-04-08,19,19:04:00,2025-04-08T19:04:00+09:00,3
开伙,202,2025-04-08,12,12:26:00,2025-04-08T12:26:00+09:00,1
开伙,202,2025-04-08,07,07:44:00,2025-04-08T07:44:00+09:00,1
开伙,202,2025-04-08,24,00:50:00,2025-04-09T00:50:00+09:00,2
开伙,202,2025-04-08,18,18:26:00,2025-04-08T18:26:00+09:00,3
开伙,202,2025-04-08,22,22:49:00,2025-04-08T22:49:00+09:00,2
开伙,202,2025-04-08,08,08:09:00,2025-04-08T08:09:00+09:00,1
开伙,202,2025-04-08,10,10:37:00,2025-04-08T10:37:00+09:00,3
开伙,202,2025-04-08,23,23:19:00,2025-04-08T23:19:00+09:00,3
开伙,202,2025-04-08,05,05:00:00,2025-04-08T05:00:00+09:00,1
开伙,202,2025-04-08,27,03:55:00,2025-04-09T03:55:00+09:00,1
开伙,202,2025-04-08,27,03:56:00,2025-04-09T03:56:00+09:00,1
开伙,202,2025-04-08,20,20:24:00,2025-04-08T20:24:00+09:00,1
开伙,202,2025-04-08,12,12:28:00,2025-04-08T12:28:00+09:00,1
开伙,202,2025-04-08,19,19:52:00,2025-04-08T19:52:00+09:00,3
开伙,202,2025-04-08,21,21:18:00,2025-04-08T21:18:00+09:00,2
开伙,202,2025-04-08,14,14:18:00,2025-04-08T14:18:00+09:00,1
开伙,202,2025-04-08,19,19:48:00,2025-04-08T19:48:00+09:00,3
开伙,202,2025-04-08,10,10:15:00,2025-04-08T10:15:00+09:00,2
开伙,202,2025-04-08,08,08:23:00,2025-04-08T08:23:00+09:00,1
开伙,202,2025-04-08,05,05:39:00,2025-04-08T05:39:00+09:00,1
开伙,202,2025-04-08,26,02:13:00,2025-04-09T02:13:00+09:00,4
开伙,202,2025-04-08,09,09:08:00,2025-04-08T09:08:00+09:00,1
开伙,202,2025-04-08,04,04:17:00,2025-04-08T04:17:00+09:00,1
开伙,202,2025-04-08,07,07:27:00,2025-04-08T07:27:00+09:00,1
开伙,202,2025-04-08,25,01:17:00,2025-04-09T01:17:00+09:00,3
开伙,202,2025-04-08,24,00:06:00,2025-04-09T00:06:00+09:00,2
开伙,202,2025-04-08,14,14:42:00,2025-04-08T14:42:00+09:00,1
开伙,202,2025-04-08,20,20:58:00,2025-04-08T20:58:00+09:00,2
开伙,202,2025-04-08,19,19:42:00,2025-04-08T19:42:00+09:00,3
开伙,202,2025-04-08,23,23:24:00,2025-04-08T23:24:00+09:00,3
开伙,202,2025-04-08,15,15:31:00,2025-04-08T15:31:00+09:00,1
开伙,202,2025-04-08,19,19:29:00,2025-04-08T19:29:00+09:00,3
开伙,202,2025-04-08,27,03:23:00,2025-04-09T03:23:00+09:00,1
开伙,202,2025-04-08,25,01:05:00,2025-04-09T01:05:00+09:00,2
开伙,202,2025-04-08,16,16:11:00,2025-04-08T16:11:00+09:00,1
开伙,202,2025-04-08,14,14:34:00,2025-04-08T14:34:00+09:00,1
开伙,202,2025-04-08,04,04:34:00,2025-04-08T04:34:00+09:00,1
开伙,202,2025-04-08,22,22:48:00,2025-04-08T22:48:00+09:00,2
开伙,202,2025-04-08,22,22:56:00,2025-04-08T22:56:00+09:00,3
开伙,202,2025-04-08,10,10:24:00,2025-04-08T10:24:00+09:00,1
开伙,202,2025-04-08,11,11:49:00,2025-04-08T11:49:00+09:00,4
开伙,202,2025-04-08,20,20:23:00,2025-04-08T20:23:00+09:00,1
开伙,202,2025-04-08,24,00:51:00,2025-04-09T00:51:00+09:00,2
开伙,202,2025-04-08,22,22:50:00,2025-04-08T22:50:00+09:00,2
开伙,202,2025-04-08,19,19:07:00,2025-04-08T19:07:00+09:00,3
开伙,202,2025-04-08,18,18:34:00,2025-04-08T18:34:00+09:00,4
开伙,202,2025-04-08,26,02:04:00,2025-04-09T02:04:00+09:00,3
开伙,202,2025-04-08,12,12:59:00,2025-04-08T12:59:00+09:00,1
开伙,202,2025-04-08,13,13:55:00,2025-04-08T13:55:00+09:00,1
开伙,202,2025-04-08,23,23:00:00,2025-04-08T23:00:00+09:00,2
开伙,202,2025-04-08,18,18:35:00,2025-04-08T18:35:00+09:00,4
开伙,202,2025-04-08,13,13:16:00,2025-04-08T13:16:00+09:00,1
开伙,202,2025-04-08,27,03:58:00,2025-04-09T03:58:00+09:00,1
开伙,202,2025-04-08,07,07:20:00,2025-04-08T07:20:00+09:00,1
开伙,202,2025-04-08,18,18:55:00,2025-04-08T18:55:00+09:00,3
开伙,202,2025-04-08,12,12:17:00,2025-04-08T12:17:00+09:00,2
开伙,202,2025-04-08,19,19:14:00,2025-04-08T19:14:00+09:00,3
开伙,202,2025-04-08,09,09:58:00,2025-04-08T09:58:00+09:00,1
开伙,202,2025-04-08,10,10:39:00,2025-04-08T10:39:00+09:00,3
开伙,202,2025-04-08,20,20:36:00,2025-04-08T20:36:00+09:00,1
开伙,202,2025-04-08,06,06:36:00,2025-04-08T06:36:00+09:00,3
开伙,202,2025-04-08,18,18:39:00,2025-04-08T18:39:00+09:00,4
开伙,202,2025-04-08,10,10:14:00,2025-04-08T10:14:00+09:00,2
开伙,202,2025-04-08,10,10:18:00,2025-04-08T10:18:00+09:00,2
开伙,202,2025-04-08,23,23:21:00,2025-04-08T23:21:00+09:00,3
开伙,202,2025-04-08,13,13:46:00,2025-04-08T13:46:00+09:00,1
开伙,202,2025-04-08,16,16:13:00,2025-04-08T16:13:00+09:00,1
开伙,202,2025-04-08,21,21:25:00,2025-04-08T21:25:00+09:00,2
开伙,202,2025-04-08,11,11:14:00,2025-04-08T11:14:00+09:00,4
开伙,202,2025-04-08,10,10:27:00,2025-04-08T10:27:00+09:00,2
开伙,202,2025-04-08,21,21:38:00,2025-04-08T21:38:00+09:00,1
开伙,202,2025-04-08,14,14:06:00,2025-04-08T14:06:00+09:00,1
开伙,202,2025-04-08,20,20:04:00,2025-04-08T20:04:00+09:00,2
开伙,202,2025-04-08,15,15:46:00,2025-04-08T15:46:00+09:00,1
开伙,202,2025-04-08,07,07:38:00,2025-04-08T07:38:00+09:00,1
开伙,202,2025-04-08,14,14:46:00,2025-04-08T14:46:00+09:00,1
开伙,202,2025-04-08,24,00:09:00,2025-04-09T00:09:00+09:00,1
开伙,202,2025-04-08,18,18:17:00,2025-04-08T18:17:00+09:00,3
开伙,202,2025-04-08,22,22:27:00,2025-04-08T22:27:00+09:00,2
开伙,202,2025-04-08,26,02:19:00,2025-04-09T02:19:00+09:00,4
开伙,202,2025-04-08,18,18:09:00,2025-04-08T18:09:00+09:00,2
开伙,202,2025-04-08,04,04:02:00,2025-04-08T04:02:00+09:00,1
开伙,202,2025-04-08,13,13:00:00,2025-04-08T13:00:00+09:00,1
开伙,202,2025-04-08,19,19:18:00,2025-04-08T19:18:00+09:00,3
开伙,202,2025-04-08,26,02:01:00,2025-04-09T02:01:00+09:00,2
开伙,202,2025-04-08,24,00:03:00,2025-04-09T00:03:00+09:00,2
开伙,202,2025-04-08,09,09:54:00,2025-04-08T09:54:00+09:00,1
开伙,202,2025-04-08,17,17:08:00,2025-04-08T17:08:00+09:00,1
开伙,202,2025-04-08,18,18:51:00,2025-04-08T18:51:00+09:00,3
开伙,202,2025-04-08,16,16:32:00,2025-04-08T16:32:00+09:00,2
开伙,202,2025-04-08,16,16:46:00,2025-04-08T16:46:00+09:00,1
开伙,202,2025-04-08,21,21:01:00,2025-04-08T21:01:00+09:00,2
开伙,202,2025-04-08,23,23:18:00,2025-04-08T23:18:00+09:00,3
开伙,202,2025-04-08,25,01:15:00,2025-04-09T01:15:00+09:00,2
开伙,202,2025-04-08,19,19:46:00,2025-04-08T19:46:00+09:00,3
开伙,202,2025-04-08,27,03:39:00,2025-04-09T03:39:00+09:00,1
开伙,202,2025-04-08,26,02:16:00,2025-04-09T02:16:00+09:00,4
开伙,202,2025-04-08,12,12:22:00,2025-04-08T12:22:00+09:00,1
开伙,202,2025-04-08,22,22:01:00,2025-04-08T22:01:00+09:00,1
开伙,202,2025-04-08,14,14:40:00,2025-04-08T14:40:00+09:00,1
开伙,202,2025-04-08,14,14:41:00,2025-04-08T14:41:00+09:00,1
开伙,202,2025-04-08,08,08:43:00,2025-04-08T08:43:00+09:00,1
开伙,202,2025-04-08,04,04:29:00,2025-04-08T04:29:00+09:00,1
开伙,202,2025-04-08,13,13:06:00,2025-04-08T13:06:00+09:00,1
开伙,202,2025-04-08,23,23:25:00,2025-04-08T23:25:00+09:00,3
开伙,202,2025-04-08,08,08:22:00,2025-04-08T08:22:00+09:00,1
开伙,202,2025-04-08,23,23:16:00,2025-04-08T23:16:00+09:00,3
开伙,202,2025-04-08,27,03:16:00,2025-04-09T03:16:00+09:00,1
开伙,202,2025-04-08,04,04:01:00,2025-04-08T04:01:00+09:00,1
开伙,202,2025-04-08,23,23:53:00,2025-04-08T23:53:00+09:00,2
开伙,202,2025-04-08,10,10:31:00,2025-04-08T10:31:00+09:00,2
开伙,202,2025-04-08,09,09:33:00,2025-04-08T09:33:00+09:00,1
开伙,202,2025-04-08,14,14:49:00,2025-04-08T14:49:00+09:00,1
开伙,202,2025-04-08,07,07:39:00,2025-04-08T07:39:00+09:00,1
开伙,202,2025-04-08,06,06:32:00,2025-04-08T06:32:00+09:00,2
开伙,202,2025-04-08,12,12:23:00,2025-04-08T12:23:00+09:00,1
开伙,202,2025-04-08,24,00:40:00,2025-04-09T00:40:00+09:00,3
开伙,202,2025-04-08,08,08:14:00,2025-04-08T08:14:00+09:00,1
开伙,202,2025-04-08,21,21:11:00,2025-04-08T21:11:00+09:00,2
开伙,202,2025-04-08,14,14:38:00,2025-04-08T14:38:00+09:00,1
开伙,202,2025-04-08,21,21:53:00,2025-04-08T21:53:00+09:00,2
开伙,202,2025-04-08,24,00:12:00,2025-04-09T00:12:00+09:00,2
开伙,202,2025-04-08,18,18:04:00,2025-04-08T18:04:00+09:00,2
开伙,202,2025-04-08,25,01:36:00,2025-04-09T01:36:00+09:00,3
开伙,202,2025-04-08,20,20:40:00,2025-04-08T20:40:00+09:00,1
开伙,202,2025-04-08,12,12:36:00,2025-04-08T12:36:00+09:00,1
开伙,202,2025-04-08,23,23:09:00,2025-04-08T23:09:00+09:00,2
开伙,202,2025-04-08,26,02:37:00,2025-04-09T02:37:00+09:00,3
开伙,202,2025-04-08,04,04:08:00,2025-04-08T04:08:00+09:00,1
开伙,202,2025-04-08,23,23:59:00,2025-04-08T23:59:00+09:00,3
开伙,202,2025-04-08,26,02:35:00,2025-04-09T02:35:00+09:00,3
开伙,202,2025-04-08,23,23:01:00,2025-04-08T23:01:00+09:00,2
开伙,202,2025-04-08,11,11:22:00,2025-04-08T11:22:00+09:00,4
开伙,202,2025-04-08,22,22:05:00,2025-04-08T22:05:00+09:00,2
开伙,202,2025-04-08,09,09:10:00,2025-04-08T09:10:00+09:00,1
开伙,202,2025-04-08,08,08:20:00,2025-04-08T08:20:00+09:00,1
开伙,202,2025-04-08,16,16:04:00,2025-04-08T16:04:00+09:00,1
开伙,202,2025-04-08,25,01:28:00,2025-04-09T01:28:00+09:00,3
开伙,202,2025-04-08,08,08:04:00,2025-04-08T08:04:00+09:00,1
开伙,202,2025-04-08,27,03:17:00,2025-04-09T03:17:00+09:00,1
开伙,202,2025-04-08,05,05:59:00,2025-04-08T05:59:00+09:00,1
开伙,202,2025-04-08,05,05:14:00,2025-04-08T05:14:00+09:00,1
开伙,202,2025-04-08,20,20:32:00,2025-04-08T20:32:00+09:00,1
开伙,202,2025-04-08,09,09:24:00,2025-04-08T09:24:00+09:00,1
开伙,202,2025-04-08,13,13:17:00,2025-04-08T13:17:00+09:00,1
开伙,202,2025-04-08,07,07:51:00,2025-04-08T07:51:00+09:00,1
开伙,202,2025-04-08,07,07:08:00,2025-04-08T07:08:00+09:00,2
开伙,202,2025-04-08,07,07:09:00,2025-04-08T07:09:00+09:00,2
开伙,202,2025-04-08,07,07:00:00,2025-04-08T07:00:00+09:00,2
开伙,202,2025-04-08,15,15:11:00,2025-04-08T15:11:00+09:00,1
开伙,202,2025-04-08,16,16:49:00,2025-04-08T16:49:00+09:00,1
开伙,202,2025-04-08,23,23:35:00,2025-04-08T23:35:00+09:00,2
开伙,202,2025-04-08,21,21:48:00,2025-04-08T21:48:00+09:00,2